"navbar","dominio_ct","status","classificacao","contexto_legado","evento_legado_json","json_novo"
"Divulgar","Divulgacao MLD","remover","remover","Interacao em Catalogos digitais - lista de catalogos do ciclo para abrir PDF ou compartilhar link","{""event"":{""eventCategory"":""app-rev:divulgar:catalogos"",""eventAction"":""interacao:scroll"",""eventLabel"":""carousel""}}",""
"Divulgar","Divulgacao MLD","migrar","migrar","Interacao em Catalogos digitais - lista de catalogos do ciclo para abrir PDF ou compartilhar link","{""event"":{""eventCategory"":""app-rev:divulgar:catalogos"",""eventAction"":""clique:botao"",""eventLabel"":""abrir-catalogo::$brand""}}","{""client_id"":""[[identificador-unico-usuario]]"",""session_id"":""[[identificador-unico-sessao]]"",""events"":[{""params"":{""cd_interaction_detail"":""open:catalog-$brand"",""cd_brand"":""$brand""},""name"":""interaction_divulgar""}]}"
"Divulgar","Divulgacao MLD","remover","remover","Interacao em Catalogos digitais - lista de catalogos do ciclo para abrir PDF ou compartilhar link","{""event"":{""eventCategory"":""app-rev:divulgar:catalogos"",""eventAction"":""clique:botao"",""eventLabel"":""ver-mais""}}",""
"Divulgar","Divulgacao MLD","migrar","migrar","Interacao em Catalogos digitais - lista de catalogos do ciclo para abrir PDF ou compartilhar link","{""event"":{""eventCategory"":""app-rev:divulgar:catalogos"",""eventAction"":""clique:botao"",""eventLabel"":""compartilhar-catalogo::$brand""}}","{""client_id"":""[[identificador-unico-usuario]]"",""session_id"":""[[identificador-unico-sessao]]"",""events"":[{""params"":{""cd_interaction_detail"":""share:catalog-$brand"",""cd_brand"":""$brand""},""name"":""interaction_divulgar""}]}"
"Divulgar","Divulgacao MLD","migrar","migrar","Interacao em Catalogos digitais - lista de catalogos do ciclo para abrir PDF ou compartilhar link","{""event"":{""eventCategory"":""app-rev:divulgacao:catalogos-erro"",""eventAction"":""clique:botao"",""eventLabel"":""tentar-novamente""}}","{""client_id"":""[[identificador-unico-usuario]]"",""session_id"":""[[identificador-unico-sessao]]"",""events"":[{""params"":{""cd_interaction_detail"":""click:button-tentar-novamente""},""name"":""interaction_divulgar""}]}"
"Divulgar","Divulgacao MLD","migrar","migrar","Interacao em Hub Divulgar - modulos de catalogo, Minha Loja, materiais, dicas e noticias","{""event"":{""eventCategory"":""app-rev:divulgar-catalogos"",""eventAction"":""clique:botao"",""eventLabel"":""abrir-$brand""}}","{""client_id"":""[[identificador-unico-usuario]]"",""session_id"":""[[identificador-unico-sessao]]"",""events"":[{""params"":{""cd_interaction_detail"":""open:catalog-{brand}"",""cd_brand"":""$brand""},""name"":""interaction_divulgar""}]}"
"Divulgar","Divulgacao MLD","remover","remover","Interacao em Hub Divulgar - modulos de catalogo, Minha Loja, materiais, dicas e noticias","{""event"":{""eventCategory"":""app-rev:divulgar-catalogos"",""eventAction"":""clique:botao"",""eventLabel"":""ver-mais-carrossel""}}",""
"Divulgar","Divulgacao MLD","remover","remover","Interacao em Hub Divulgar - modulos de catalogo, Minha Loja, materiais, dicas e noticias","{""event"":{""eventCategory"":""app-rev:divulgar-catalogos"",""eventAction"":""clique:botao"",""eventLabel"":""ver-mais-titulo""}}",""
"Divulgar","Divulgacao MLD","migrar","migrar","Interacao em Hub Divulgar - modulos de catalogo, Minha Loja, materiais, dicas e noticias","{""event"":{""eventCategory"":""app-rev:divulgar-catalogos"",""eventAction"":""clique:botao"",""eventLabel"":""divulgar-$type-$brand""}}","{""client_id"":""[[identificador-unico-usuario]]"",""session_id"":""[[identificador-unico-sessao]]"",""events"":[{""params"":{""cd_interaction_detail"":""share:mld-button-divulgar-$type-$brand"",""cd_brand"":""$brand"",""cd_catalog_type"":""$type""},""name"":""interaction_divulgar""}]}"
"Divulgar","Divulgacao MLD","migrar","migrar","Interacao em Hub Divulgar - modulos de catalogo, Minha Loja, materiais, dicas e noticias","{""event"":{""eventCategory"":""app-rev:divulgar"",""eventAction"":""click:banner"",""eventLabel"":""ver-novidade-ruptura""}}","{""client_id"":""[[identificador-unico-usuario]]"",""session_id"":""[[identificador-unico-sessao]]"",""events"":[{""params"":{""cd_interaction_detail"":""click:banner-ver-novidade-ruptura""},""name"":""interaction_divulgar""}]}"
"Divulgar","Conteudos e treinamento","migrar","migrar","Interacao em Hub Divulgar - modulos de catalogo, Minha Loja, materiais, dicas e noticias","{""event"":{""eventCategory"":""app-rev:divulgar-dicas-e-treinamentos"",""eventAction"":""dinamico"",""eventLabel"":""dinamico (toAnalyticsFormat)""}}","{""client_id"":""[[identificador-unico-usuario]]"",""session_id"":""[[identificador-unico-sessao]]"",""events"":[{""name"":""interaction_divulgar"",""params"":{""cd_interaction_detail"":""click:card-${formatterhelper.toanalyticsformat(label)}""}}]}"
"Divulgar","Conteudos e treinamento","remover","remover","Interacao em Hub Divulgar - modulos de catalogo, Minha Loja, materiais, dicas e noticias","{""event"":{""eventCategory"":""app-rev:divulgar-dicas-e-treinamentos"",""eventAction"":""clique:botao"",""eventLabel"":""ver-tudo:carrossel""}}",""
"Divulgar","Conteudos e treinamento","remover","remover","Interacao em Hub Divulgar - modulos de catalogo, Minha Loja, materiais, dicas e noticias","{""event"":{""eventCategory"":""app-rev:divulgar-dicas-e-treinamentos"",""eventAction"":""clique:botao"",""eventLabel"":""ver-mais:titulo""}}",""
"Divulgar","Materiais de divulgacao","migrar","migrar","Interacao em Hub Divulgar - modulos de catalogo, Minha Loja, materiais, dicas e noticias","{""event"":{""eventCategory"":""app-rev:divulgar:materiais"",""eventAction"":""clique:imagem"",""eventLabel"":""${FormatterHelper.toAnalyticsFormat(section)}:ver-imagem""}}","{""client_id"":""[[identificador-unico-usuario]]"",""session_id"":""[[identificador-unico-sessao]]"",""events"":[{""params"":{""cd_interaction_detail"":""click:image-${formatterhelper.toanalyticsformat(section)}-ver-imagem""},""name"":""interaction_divulgar""}]}"
"Divulgar","Materiais de divulgacao","remover","remover","Interacao em Hub Divulgar - modulos de catalogo, Minha Loja, materiais, dicas e noticias","{""event"":{""eventCategory"":""app-rev:divulgar:materiais"",""eventAction"":""dinamico"",""eventLabel"":""dinamico (toAnalyticsFormat)""}}",""
"Divulgar","Materiais de divulgacao","remover","remover","Interacao em Hub Divulgar - modulos de catalogo, Minha Loja, materiais, dicas e noticias","{""event"":{""eventCategory"":""app-rev:divulgar:materiais"",""eventAction"":""dinamico"",""eventLabel"":""dinamico (toAnalyticsFormat)""}}",""
"Divulgar","Materiais de divulgacao","remover","remover","Interacao em Hub Divulgar - modulos de catalogo, Minha Loja, materiais, dicas e noticias","{""event"":{""eventCategory"":""app-rev:divulgar:materiais"",""eventAction"":""clique:botao"",""eventLabel"":""ver-mais:carrosel""}}",""
"Divulgar","Materiais de divulgacao","remover","remover","Interacao em Hub Divulgar - modulos de catalogo, Minha Loja, materiais, dicas e noticias","{""event"":{""eventCategory"":""app-rev:divulgar:materiais"",""eventAction"":""clique:botao"",""eventLabel"":""ver-mais:titulo""}}",""
"Divulgar","Materiais de divulgacao","migrar","migrar","Interacao em Hub Divulgar - modulos de catalogo, Minha Loja, materiais, dicas e noticias","{""event"":{""eventCategory"":""app-rev:divulgar:materiais"",""eventAction"":""clique:imagem"",""eventLabel"":""${FormatterHelper.toAnalyticsFormat(section)}:divulgar""}}","{""client_id"":""[[identificador-unico-usuario]]"",""session_id"":""[[identificador-unico-sessao]]"",""events"":[{""params"":{""cd_interaction_detail"":""click:image-${formatterhelper.toanalyticsformat(section)}-divulgar""},""name"":""interaction_divulgar""}]}"
"Divulgar","Materiais de divulgacao","remover","remover","Interacao em Hub Divulgar - modulos de catalogo, Minha Loja, materiais, dicas e noticias","{""event"":{""eventCategory"":""app-rev:divulgar:materiais"",""eventAction"":""dinamico"",""eventLabel"":""dinamico (toAnalyticsFormat)""}}",""
"Divulgar","Materiais de divulgacao","migrar","migrar","Interacao em Hub Divulgar - modulos de catalogo, Minha Loja, materiais, dicas e noticias","{""event"":{""eventCategory"":""app-rev:divulgar:materiais"",""eventAction"":""clique:imagem"",""eventLabel"":""${FormatterHelper.toAnalyticsFormat(section)}:zoom""}}","{""client_id"":""[[identificador-unico-usuario]]"",""session_id"":""[[identificador-unico-sessao]]"",""events"":[{""params"":{""cd_interaction_detail"":""click:image-${formatterhelper.toanalyticsformat(section)}-zoom""},""name"":""interaction_divulgar""}]}"
"Divulgar","Materiais de divulgacao","remover","remover","Interacao em Hub Divulgar - modulos de catalogo, Minha Loja, materiais, dicas e noticias","{""event"":{""eventCategory"":""app-rev:divulgar:materiais"",""eventAction"":""dinamico"",""eventLabel"":""dinamico (toAnalyticsFormat)""}}",""
"Divulgar","Divulgacao MLD","migrar","migrar","Interacao em Hub Divulgar - modulos de catalogo, Minha Loja, materiais, dicas e noticias","{""event"":{""eventCategory"":""app-rev:divulgar-mld"",""eventAction"":""clique:botao"",""eventLabel"":""editar""}}","{""client_id"":""[[identificador-unico-usuario]]"",""session_id"":""[[identificador-unico-sessao]]"",""events"":[{""params"":{""cd_interaction_detail"":""click:button-editar""},""name"":""interaction_divulgar""}]}"
"Divulgar","Divulgacao MLD","migrar","migrar","Interacao em Hub Divulgar - modulos de catalogo, Minha Loja, materiais, dicas e noticias","{""event"":{""eventCategory"":""app-rev:divulgar-mld"",""eventAction"":""clique:card"",""eventLabel"":""divulgar-por-marca""}}","{""client_id"":""[[identificador-unico-usuario]]"",""session_id"":""[[identificador-unico-sessao]]"",""events"":[{""params"":{""cd_interaction_detail"":""share:mld-button-divulgar-por-marca""},""name"":""interaction_divulgar""}]}"
"Divulgar","Divulgacao MLD","migrar","migrar","Interacao em Hub Divulgar - modulos de catalogo, Minha Loja, materiais, dicas e noticias","{""event"":{""eventCategory"":""app-rev:divulgar-mld"",""eventAction"":""clique:card"",""eventLabel"":""divulgar-pronta-entrega""}}","{""client_id"":""[[identificador-unico-usuario]]"",""session_id"":""[[identificador-unico-sessao]]"",""events"":[{""params"":{""cd_interaction_detail"":""share:mld-button-divulgar-pronta-entrega""},""name"":""interaction_divulgar""}]}"
"Divulgar","Divulgacao MLD","migrar","migrar","Interacao em Hub Divulgar - modulos de catalogo, Minha Loja, materiais, dicas e noticias","{""event"":{""eventCategory"":""app-rev:divulgar-mld"",""eventAction"":""clique:botao"",""eventLabel"":""divulgar-multimarcas""}}","{""client_id"":""[[identificador-unico-usuario]]"",""session_id"":""[[identificador-unico-sessao]]"",""events"":[{""params"":{""cd_interaction_detail"":""share:mld-button-divulgar-multimarcas""},""name"":""interaction_divulgar""}]}"
"Divulgar","Conteudos e treinamento","migrar","migrar","Interacao em Hub Divulgar - modulos de catalogo, Minha Loja, materiais, dicas e noticias","{""event"":{""eventCategory"":""app-rev:divulgar-conteudos"",""eventAction"":""dinamico"",""eventLabel"":""dinamico (toAnalyticsFormat)""}}","{""client_id"":""[[identificador-unico-usuario]]"",""session_id"":""[[identificador-unico-sessao]]"",""events"":[{""name"":""interaction_divulgar"",""params"":{""cd_interaction_detail"":""click:card-${formatterhelper.toanalyticsformat(label)}""}}]}"
"Divulgar","Conteudos e treinamento","remover","remover","Interacao em Hub Divulgar - modulos de catalogo, Minha Loja, materiais, dicas e noticias","{""event"":{""eventCategory"":""app-rev:divulgar-conteudos"",""eventAction"":""clique:botao"",""eventLabel"":""ver-tudo:carrossel""}}",""
"Divulgar","Conteudos e treinamento","remover","remover","Interacao em Hub Divulgar - modulos de catalogo, Minha Loja, materiais, dicas e noticias","{""event"":{""eventCategory"":""app-rev:divulgar-conteudos"",""eventAction"":""clique:botao"",""eventLabel"":""ver-mais:titulo""}}",""
"Divulgar","Materiais de divulgacao","remover","remover","Interacao em Imagem de material em tela cheia","{""event"":{""eventCategory"":""app-rev:divulgar:materiais:imagem"",""eventAction"":""clique:botao"",""eventLabel"":""voltar""}}",""
"Divulgar","Materiais de divulgacao","migrar","migrar","Interacao em Imagem de material em tela cheia","{""event"":{""eventCategory"":""app-rev:divulgar:materiais:imagem"",""eventAction"":""clique:botao"",""eventLabel"":""divulgar""}}","{""client_id"":""[[identificador-unico-usuario]]"",""session_id"":""[[identificador-unico-sessao]]"",""events"":[{""name"":""interaction_divulgar"",""params"":{""cd_interaction_detail"":""share:imagem""}}]}"
"Divulgar","Materiais de divulgacao","migrar","migrar","Galeria de materiais de divulgacao (imagens por secao/campanha)","{""download_share_product"":{""eventCategory"":""app-rev:divulgacao:imagens"",""eventAction"":""clique:botao"",""eventLabel"":""""}}","{""client_id"":""[[identificador-unico-usuario]]"",""session_id"":""[[identificador-unico-sessao]]"",""events"":[{""name"":""interaction_divulgar"",""params"":{""cd_interaction_detail"":""download:imagem""}}]}"
"Divulgar","Materiais de divulgacao","migrar","migrar","Galeria de materiais de divulgacao (imagens por secao/campanha)","{""click_baixar_compartilhar_materiais"":{""eventCategory"":""app-rev:divulgacao:imagens"",""eventAction"":"""",""eventLabel"":""""}}","{""client_id"":""[[identificador-unico-usuario]]"",""session_id"":""[[identificador-unico-sessao]]"",""events"":[{""name"":""interaction_divulgar"",""params"":{""cd_interaction_detail"":""download:imagens-${sectionName}""}}]}"
"Divulgar","Materiais de divulgacao","remover","remover","Interacao em Galeria de materiais de divulgacao (imagens por secao/campanha)","{""event"":{""eventCategory"":""app-rev:divulgacao:imagens"",""eventAction"":""dinamico"",""eventLabel"":""dinamico (toAnalyticsFormat)""}}",""
"Divulgar","Materiais de divulgacao","remover","remover","Interacao em Galeria de materiais de divulgacao (imagens por secao/campanha)","{""event"":{""eventCategory"":""app-rev:divulgacao:imagens"",""eventAction"":""navegacao"",""eventLabel"":""$imageNameFormatted:$index:$sectionNameFormatted""}}",""
"Divulgar","Materiais de divulgacao","migrar","migrar","Interacao em Galeria de materiais de divulgacao (imagens por secao/campanha)","{""event"":{""eventCategory"":""app-rev:divulgacao:imagens"",""eventAction"":""clique:imagem"",""eventLabel"":""$imageNameFormatted:$index:$sectionNameFormatted""}}","{""client_id"":""[[identificador-unico-usuario]]"",""session_id"":""[[identificador-unico-sessao]]"",""events"":[{""params"":{""cd_interaction_detail"":""click:image-$imagenameformatted-$index-$sectionnameformatted"",""cd_image_name"":""$imageNameFormatted"",""cd_section"":""$sectionNameFormatted"",""cd_index"":""$index""},""name"":""interaction_divulgar""}]}"
"Divulgar","Materiais de divulgacao","remover","remover","Interacao em Galeria de materiais de divulgacao (imagens por secao/campanha)","{""event"":{""eventCategory"":""app-rev:divulgacao:imagens"",""eventAction"":""dinamico"",""eventLabel"":""dinamico (toAnalyticsFormat)""}}",""
"Divulgar","Materiais de divulgacao","migrar","migrar","Interacao em Galeria de materiais de divulgacao (imagens por secao/campanha)","{""event"":{""eventCategory"":""app-rev:divulgacao:imagens"",""eventAction"":""clique:botao"",""eventLabel"":""$button:$sectionNameFormatted""}}","{""client_id"":""[[identificador-unico-usuario]]"",""session_id"":""[[identificador-unico-sessao]]"",""events"":[{""name"":""interaction_divulgar"",""params"":{""cd_interaction_detail"":""click:button-$button-$sectionnameformatted"",""cd_section"":""$sectionNameFormatted""}}]}"
"Divulgar","Materiais de divulgacao","remover","remover","Interacao em Galeria de materiais de divulgacao (imagens por secao/campanha)","{""event"":{""eventCategory"":""app-rev:divulgacao:imagens"",""eventAction"":""dinamico"",""eventLabel"":""dinamico (toAnalyticsFormat)""}}",""
"Divulgar","Materiais de divulgacao","migrar","migrar","Galeria de materiais de divulgacao (imagens por secao/campanha)","{""promote_product_view"":{""eventCategory"":""app-rev:divulgacao:imagens"",""eventAction"":""screen"",""eventLabel"":""""}}","{""client_id"":""[[identificador-unico-usuario]]"",""session_id"":""[[identificador-unico-sessao]]"",""events"":[{""params"":{""cd_interaction_detail"":""view:component-registra-exibicao-da-tela""},""name"":""interaction_divulgar""}]}"
"Divulgar","Materiais de divulgacao","remover","remover","Interacao em Galeria de materiais de divulgacao (imagens por secao/campanha)","{""event"":{""eventCategory"":""app-rev:divulgacao:imagens"",""eventAction"":""clique:modal"",""eventLabel"":""agora-nao""}}",""
"Divulgar","Materiais de divulgacao","remover","remover","Interacao em Galeria de materiais de divulgacao (imagens por secao/campanha)","{""event"":{""eventCategory"":""app-rev:divulgacao:imagens"",""eventAction"":""clique:modal"",""eventLabel"":""compartilhar-minha-loja-digital""}}",""
"Divulgar","Materiais de divulgacao","remover","remover","Visualizacao de Galeria de materiais de divulgacao (imagens por secao/campanha)","{""screen_view"":{""screen_name"":""/app-rev/divulgar/modal/compartilhar-minha-loja-digital""}}",""
"Divulgar","Conteudos e treinamento","remover","remover","Interacao em Novidades - feed de conteudos e avisos do ciclo","{""event"":{""eventCategory"":""app-rev:novidades"",""eventAction"":""clique:botao"",""eventLabel"":""$buttonFormatted:$cardFormatted""}}",""
"Gestao","Gestao do negocio","migrar","migrar","Interacao em Tela ou modal do app (rota / (ver activations_tag))","{""event"":{""eventCategory"":"""",""eventAction"":"""",""eventLabel"":""""}}","{""client_id"":""[[identificador-unico-usuario]]"",""session_id"":""[[identificador-unico-sessao]]"",""events"":[{""params"":{""cd_interaction_detail"":""click:button-remind-me-click""},""name"":""interaction_gestao""}]}"
"Gestao","Gestao do negocio","remover","remover","Interacao em Tela ou modal do app (rota / (ver assistant_tag))","{""event"":{""eventCategory"":""app-rev:gestao-de-negocio"",""eventAction"":""clique:botao"",""eventLabel"":""novidades-assistente""}}",""
"Gestao","Gestao do negocio","remover","remover","Interacao em Tela ou modal do app (rota / (ver assistant_tag))","{""event"":{""eventCategory"":""app-rev:gestao-de-negocio"",""eventAction"":""clique:botao"",""eventLabel"":""fechar-novidades-assistente""}}",""
"Gestao","Gestao do negocio","remover","remover","Interacao em Tela ou modal do app (rota / (ver assistant_tag))","{""event"":{""eventCategory"":""app-rev:gestao-de-negocio"",""eventAction"":""clique:botao"",""eventLabel"":""acesso-rapido-assistente-${FormatterHelper.toLowerHyphenated(suggestion)}""}}",""
"Gestao","Gestao do negocio","remover","remover","Interacao em Tela ou modal do app (rota / (ver assistant_tag))","{""event"":{""eventCategory"":""app-rev:gestao-de-negocio"",""eventAction"":""interacao:campo"",""eventLabel"":""caixa-de-texto-assistente""}}",""
"Gestao","Gestao do negocio","remover","remover","Interacao em Tela ou modal do app (rota / (ver billing_in_progress_modal_tag))","{""event"":{""eventCategory"":"""",""eventAction"":""clique:botao"",""eventLabel"":""fechar""}}",""
"Gestao","Gestao do negocio","migrar","migrar","Interacao em Tela ou modal do app (rota / (ver billing_in_progress_modal_tag))","{""event"":{""eventCategory"":"""",""eventAction"":""clique:botao"",""eventLabel"":""enviar-lembrete""}}","{""client_id"":""[[identificador-unico-usuario]]"",""session_id"":""[[identificador-unico-sessao]]"",""events"":[{""params"":{""cd_interaction_detail"":""click:button-enviar-lembrete""},""name"":""interaction_gestao""}]}"
"Gestao","Vendas sellout","remover","remover","Interacao em Tela ou modal do app (rota / (ver change_installments_tag))","{""event"":{""eventCategory"":""app-rev:gerenciar-vendas:detalhes-da-venda:alterar-parcelas"",""eventAction"":""clique:botao"",""eventLabel"":""confirmar-exclusao""}}",""
"Gestao","Vendas sellout","remover","remover","Interacao em Tela ou modal do app (rota / (ver change_installments_tag))","{""event"":{""eventCategory"":""app-rev:gerenciar-vendas:detalhes-da-venda:alterar-parcelas"",""eventAction"":""clique:botao"",""eventLabel"":""adicionar-parcela""}}",""
"Gestao","Vendas sellout","remover","remover","Interacao em Tela ou modal do app (rota / (ver change_installments_tag))","{""event"":{""eventCategory"":""app-rev:gerenciar-vendas:detalhes-da-venda:alterar-parcelas"",""eventAction"":""clique:botao"",""eventLabel"":""voltar""}}",""
"Gestao","Vendas sellout","remover","remover","Interacao em Tela ou modal do app (rota / (ver change_installments_tag))","{""event"":{""eventCategory"":""app-rev:gerenciar-vendas:detalhes-da-venda:alterar-parcelas"",""eventAction"":""clique:botao"",""eventLabel"":""excluir-parcela""}}",""
"Gestao","Vendas sellout","remover","remover","Interacao em Tela ou modal do app (rota / (ver change_installments_tag))","{""event"":{""eventCategory"":""app-rev:gerenciar-vendas:detalhes-da-venda:alterar-parcelas"",""eventAction"":""clique:botao"",""eventLabel"":""tooltip-info-parcela""}}",""
"Gestao","Vendas sellout","remover","remover","Interacao em Tela ou modal do app (rota / (ver change_installments_tag))","{""event"":{""eventCategory"":""app-rev:gerenciar-vendas:detalhes-da-venda:alterar-parcelas"",""eventAction"":""clique:botao"",""eventLabel"":""replicar-parcela""}}",""
"Gestao","Vendas sellout","remover","remover","Interacao em Tela ou modal do app (rota / (ver change_installments_tag))","{""event"":{""eventCategory"":""app-rev:gerenciar-vendas:detalhes-da-venda:alterar-parcelas"",""eventAction"":""clique:botao"",""eventLabel"":""salvar-alteracao""}}",""
"Gestao","Vendas sellout","remover","remover","Interacao em Tela ou modal do app (rota / (ver change_installments_tag))","{""event"":{""eventCategory"":""app-rev:gerenciar-vendas:detalhes-da-venda:alterar-parcelas"",""eventAction"":""clique:botao"",""eventLabel"":""cancelar-exclusao""}}",""
"Gestao","Vendas sellout","migrar","migrar","Interacao em Tela ou modal do app (rota / (ver charge_link_tag))","{""event"":{""eventCategory"":""app-rev:gerenciar-cobranca"",""eventAction"":""clique:botao"",""eventLabel"":""gerar-link:${type.name}${origin != null ? ""}}","{""client_id"":""[[identificador-unico-usuario]]"",""session_id"":""[[identificador-unico-sessao]]"",""events"":[{""params"":{""cd_interaction_detail"":""click:button-gerar-link-${type.name}${origin != null ? "",""cd_origin"":""${origin.value}"",""cd_charge_type"":""${type.name}""},""name"":""interaction_gestao""}]}"
"Gestao","Gestao do negocio","remover","remover","Interacao em Tela ou modal do app (rota / (ver confirm_delete_product_tag))","{""event"":{""eventCategory"":"""",""eventAction"":""clique:botao"",""eventLabel"":""manter-o-produto-na-venda""}}",""
"Gestao","Gestao do negocio","remover","remover","Interacao em Tela ou modal do app (rota / (ver confirm_delete_product_tag))","{""event"":{""eventCategory"":"""",""eventAction"":""clique:botao"",""eventLabel"":""sim-quero-excluir""}}",""
"Gestao","Estoque RE","remover","remover","Interacao em Tela ou modal do app (rota / (ver confirm_delete_tag))","{""event"":{""eventCategory"":""app-rev:gestao-estoque:modal"",""eventAction"":""clique:botao"",""eventLabel"":""manter-produto-no-estoque""}}",""
"Gestao","Estoque RE","remover","remover","Interacao em Tela ou modal do app (rota / (ver confirm_delete_tag))","{""event"":{""eventCategory"":""app-rev:gestao-estoque:modal"",""eventAction"":""clique:botao"",""eventLabel"":""sim-quero-excluir""}}",""
"Gestao","Estoque RE","remover","remover","Interacao em Fluxo de estoque / pronta-entrega","{""event"":{""eventCategory"":""app-rev:gestao-estoque:modal"",""eventAction"":""clique:botao"",""eventLabel"":""sim-adicionar-mais-produtos""}}",""
"Gestao","Estoque RE","remover","remover","Interacao em Fluxo de estoque / pronta-entrega","{""event"":{""eventCategory"":""app-rev:gestao-estoque:modal"",""eventAction"":""clique:botao"",""eventLabel"":""fechar""}}",""
"Gestao","Estoque RE","remover","remover","Interacao em Fluxo de estoque / pronta-entrega","{""event"":{""eventCategory"":""app-rev:gestao-estoque:modal"",""eventAction"":""clique:botao"",""eventLabel"":""compartilhar-produto-pronta-entrega""}}",""
"Gestao","Estoque RE","migrar","migrar","Interacao em Fluxo de estoque / pronta-entrega","{""event"":{""eventCategory"":""app-rev:gestao-estoque:modal"",""eventAction"":""callback:adicionar-produto"",""eventLabel"":""$quantity:$sku:erro""}}","{""client_id"":""[[identificador-unico-usuario]]"",""session_id"":""[[identificador-unico-sessao]]"",""events"":[{""name"":""callback_estoque_add_product_error"",""params"":{""cd_error_message"":""add-product-failed"",""cd_quantity"":""$quantity"",""cd_sku"":""$sku""}}]}"
"Gestao","Estoque RE","migrar","migrar","Interacao em Fluxo de estoque / pronta-entrega","{""event"":{""eventCategory"":""app-rev:gestao-estoque:modal"",""eventAction"":""callback:adicionar-produto"",""eventLabel"":""$quantity:$sku:sucesso""}}","{""client_id"":""[[identificador-unico-usuario]]"",""session_id"":""[[identificador-unico-sessao]]"",""events"":[{""name"":""callback_estoque_add_product_success"",""params"":{""cd_quantity"":""$quantity"",""cd_sku"":""$sku""}}]}"
"Gestao","Estoque RE","remover","remover","Interacao em Fluxo de estoque / pronta-entrega","{""event"":{""eventCategory"":""app-rev:gestao-estoque:modal"",""eventAction"":""clique:botao"",""eventLabel"":""adicionar-produto:$sku""}}",""
"Gestao","Estoque RE","remover","remover","Interacao em Fluxo de estoque / pronta-entrega","{""event"":{""eventCategory"":""app-rev:gestao-estoque:modal"",""eventAction"":""clique:botao"",""eventLabel"":""fechar:$sku""}}",""
"Gestao","Estoque RE","remover","remover","Interacao em Fluxo de estoque / pronta-entrega","{""event"":{""eventCategory"":""app-rev:gestao-estoque:modal"",""eventAction"":""clique:botao"",""eventLabel"":""adicionar-item:$sku""}}",""
"Gestao","Estoque RE","remover","remover","Interacao em Fluxo de estoque / pronta-entrega","{""event"":{""eventCategory"":""app-rev:gestao-estoque:modal"",""eventAction"":""clique:botao"",""eventLabel"":""remover-item:$sku""}}",""
"Gestao","Estoque RE","remover","remover","Interacao em Fluxo de estoque / pronta-entrega","{""event"":{""eventCategory"":""app-rev:gestao-estoque:modal"",""eventAction"":""clique:tooltip"",""eventLabel"":""info-preco""}}",""
"Gestao","Carteira de clientes","remover","remover","Fluxo de gestao de clientes","{""add_customer"":{""eventCategory"":""app-rev:gerenciar-clientes"",""eventAction"":"""",""eventLabel"":""""}}",""
"Gestao","Carteira de clientes","remover","remover","Interacao em Fluxo de gestao de clientes","{""event"":{""eventCategory"":""app-rev:gerenciar-clientes"",""eventAction"":"""",""eventLabel"":""""}}",""
"Gestao","Carteira de clientes","remover","remover","Interacao em Fluxo de gestao de clientes","{""event"":{""eventCategory"":""app-rev:gerenciar-clientes"",""eventAction"":"""",""eventLabel"":""""}}",""
"Gestao","Carteira de clientes","remover","remover","Interacao em Fluxo de gestao de clientes","{""event"":{""eventCategory"":""app-rev:gerenciar-clientes"",""eventAction"":"""",""eventLabel"":""""}}",""
"Gestao","Carteira de clientes","remover","remover","Interacao em Fluxo de gestao de clientes","{""event"":{""eventCategory"":""app-rev:gerenciar-clientes"",""eventAction"":"""",""eventLabel"":""""}}",""
"Gestao","Carteira de clientes","remover","remover","Interacao em Fluxo de gestao de clientes","{""event"":{""eventCategory"":""app-rev:gerenciar-clientes"",""eventAction"":"""",""eventLabel"":""""}}",""
"Gestao","Carteira de clientes","remover","remover","Interacao em Fluxo de gestao de clientes","{""event"":{""eventCategory"":""app-rev:gerenciar-clientes"",""eventAction"":"""",""eventLabel"":""""}}",""
"Gestao","Carteira de clientes","remover","remover","Interacao em Fluxo de gestao de clientes","{""event"":{""eventCategory"":""app-rev:categoria:indicacoes-para-clientes"",""eventAction"":"""",""eventLabel"":""""}}",""
"Gestao","Carteira de clientes","remover","remover","Interacao em Fluxo de gestao de clientes","{""event"":{""eventCategory"":""app-rev:categoria:indicacoes-para-clientes"",""eventAction"":"""",""eventLabel"":""""}}",""
"Gestao","Vendas sellout","remover","remover","Interacao em Tela ou modal do app (rota / (ver delete_installment_modal_tag))","{""event"":{""eventCategory"":""app-rev:gerenciar-vendas:detalhe-parcela:modal:deletar-parcelas"",""eventAction"":""clique:botao"",""eventLabel"":""sim-quero-excluir""}}",""
"Gestao","Vendas sellout","remover","remover","Interacao em Tela ou modal do app (rota / (ver delete_installment_modal_tag))","{""event"":{""eventCategory"":""app-rev:gerenciar-vendas:detalhe-parcela:modal:deletar-parcelas"",""eventAction"":""clique:botao"",""eventLabel"":""nao-excluir""}}",""
"Gestao","Vendas sellout","remover","remover","Interacao em Tela ou modal do app (rota / (ver delete_payment_modal_tag))","{""event"":{""eventCategory"":""app-rev:gerenciar-vendas:detalhe-parcela:modal:deletar-parcelas"",""eventAction"":""clique:botao"",""eventLabel"":""sim-quero-excluir""}}",""
"Gestao","Vendas sellout","remover","remover","Interacao em Tela ou modal do app (rota / (ver delete_payment_modal_tag))","{""event"":{""eventCategory"":""app-rev:gerenciar-vendas:detalhe-parcela:modal:deletar-parcelas"",""eventAction"":""clique:botao"",""eventLabel"":""nao-excluir""}}",""
"Gestao","Vendas sellout","remover","remover","Interacao em Tela ou modal do app (rota / (ver generic_product_onboarding_tag))","{""event"":{""eventCategory"":""app-rev:gerenciar-vendas:onboarding-produto-generico"",""eventAction"":""clique:botao"",""eventLabel"":""adicionar-produto-a-venda""}}",""
"Gestao","Vendas sellout","remover","remover","Interacao em Tela ou modal do app (rota / (ver generic_product_onboarding_tag))","{""event"":{""eventCategory"":""app-rev:gerenciar-vendas:onboarding-produto-generico"",""eventAction"":""clique:botao"",""eventLabel"":""adicionar-venda""}}",""
"Gestao","Vendas sellout","remover","remover","Interacao em Tela ou modal do app (rota / (ver generic_product_onboarding_tag))","{""event"":{""eventCategory"":""app-rev:gerenciar-vendas:onboarding-produto-generico"",""eventAction"":""clique:botao"",""eventLabel"":""fechar""}}",""
"Gestao","Vendas sellout","remover","remover","Interacao em Tela ou modal do app (rota / (ver generic_product_onboarding_tag))","{""event"":{""eventCategory"":""app-rev:gerenciar-vendas:onboarding-produto-generico"",""eventAction"":""clique:botao"",""eventLabel"":""roupas""}}",""
"Gestao","Vendas sellout","remover","remover","Interacao em Tela ou modal do app (rota / (ver generic_product_onboarding_tag))","{""event"":{""eventCategory"":""app-rev:gerenciar-vendas:onboarding-produto-generico"",""eventAction"":""clique:botao"",""eventLabel"":""formulario""}}",""
"Gestao","Vendas sellout","remover","remover","Interacao em Tela ou modal do app (rota / (ver generic_product_onboarding_tag))","{""event"":{""eventCategory"":""app-rev:gerenciar-vendas:onboarding-produto-generico"",""eventAction"":""clique:botao"",""eventLabel"":""outras-marcas""}}",""
"Gestao","Vendas sellout","remover","remover","Interacao em Tela ou modal do app (rota / (ver generic_product_onboarding_tag))","{""event"":{""eventCategory"":""app-rev:gerenciar-vendas:onboarding-produto-generico"",""eventAction"":""clique:botao"",""eventLabel"":""adicionar-produtos""}}",""
"Gestao","Vendas sellout","remover","remover","Interacao em Tela ou modal do app (rota / (ver generic_product_onboarding_tag))","{""event"":{""eventCategory"":""app-rev:gerenciar-vendas:onboarding-produto-generico"",""eventAction"":""clique:botao"",""eventLabel"":""selecionar""}}",""
"Gestao","Vendas sellout","remover","remover","Interacao em Tela ou modal do app (rota / (ver generic_product_onboarding_tag))","{""event"":{""eventCategory"":""app-rev:gerenciar-vendas:onboarding-produto-generico"",""eventAction"":""clique:botao"",""eventLabel"":""pular""}}",""
"Gestao","Vendas sellout","remover","remover","Interacao em Tela ou modal do app (rota / (ver generic_product_onboarding_tag))","{""event"":{""eventCategory"":""app-rev:gerenciar-vendas:onboarding-produto-generico"",""eventAction"":""clique:botao"",""eventLabel"":""quero-conhecer""}}",""
"Gestao","Vendas sellout","remover","remover","Interacao em Tela ou modal do app (rota / (ver installment_detail_tag))","{""event"":{""eventCategory"":""app-rev:gerenciar-vendas:detalhes-da-venda:detalhes-da-parcela"",""eventAction"":""clique:botao"",""eventLabel"":""adicionar-pagamento""}}",""
"Gestao","Vendas sellout","remover","remover","Interacao em Tela ou modal do app (rota / (ver installment_detail_tag))","{""event"":{""eventCategory"":""app-rev:gerenciar-vendas:detalhes-da-venda:detalhes-da-parcela"",""eventAction"":""clique:botao"",""eventLabel"":""deletar-parcela""}}",""
"Gestao","Vendas sellout","remover","remover","Interacao em Tela ou modal do app (rota / (ver installment_detail_tag))","{""event"":{""eventCategory"":""app-rev:gerenciar-vendas:detalhes-da-venda:detalhes-da-parcela"",""eventAction"":""clique:botao"",""eventLabel"":""deletar-pagamento""}}",""
"Gestao","Vendas sellout","remover","remover","Interacao em Tela ou modal do app (rota / (ver installment_detail_tag))","{""event"":{""eventCategory"":""app-rev:gerenciar-vendas:detalhes-da-venda:detalhes-da-parcela"",""eventAction"":""clique:botao"",""eventLabel"":""editar-parcela""}}",""
"Gestao","Vendas sellout","remover","remover","Interacao em Tela ou modal do app (rota / (ver installment_detail_tag))","{""event"":{""eventCategory"":""app-rev:gerenciar-vendas:detalhes-da-venda:detalhes-da-parcela"",""eventAction"":""clique:botao"",""eventLabel"":""ver-historico""}}",""
"Gestao","Vendas sellout","remover","remover","Interacao em Tela ou modal do app (rota / (ver installment_detail_tag))","{""event"":{""eventCategory"":""app-rev:gerenciar-vendas:detalhes-da-venda:detalhes-da-parcela"",""eventAction"":""clique:botao"",""eventLabel"":""enviar-lembrete""}}",""
"Gestao","Vendas sellout","remover","remover","Interacao em Tela ou modal do app (rota / (ver installment_detail_tag))","{""event"":{""eventCategory"":""app-rev:gerenciar-vendas:detalhes-da-venda:detalhes-da-parcela"",""eventAction"":""dinamico"",""eventLabel"":""dinamico (toAnalyticsFormat)""}}",""
"Gestao","Vendas sellout","remover","remover","Interacao em Tela ou modal do app (rota / (ver installment_edit_info_modal_tag))","{""event"":{""eventCategory"":""app-rev:gerenciar-vendas:detalhe-parcela:modal:editar-parcela"",""eventAction"":""dinamico"",""eventLabel"":""dinamico (toAnalyticsFormat)""}}",""
"Gestao","Vendas sellout","remover","remover","Interacao em Tela ou modal do app (rota / (ver installment_edit_info_modal_tag))","{""event"":{""eventCategory"":""app-rev:gerenciar-vendas:detalhe-parcela:modal:editar-parcela"",""eventAction"":""interacao:campo"",""eventLabel"":""preencheu:data-do-pagamento:data-invalida:$formattedDate""}}",""
"Gestao","Vendas sellout","remover","remover","Interacao em Tela ou modal do app (rota / (ver installment_edit_info_modal_tag))","{""event"":{""eventCategory"":""app-rev:gerenciar-vendas:detalhe-parcela:modal:editar-parcela"",""eventAction"":""interacao:campo"",""eventLabel"":""preencheu:valor:valor-invalido:$value""}}",""
"Gestao","Vendas sellout","remover","remover","Interacao em Tela ou modal do app (rota / (ver installment_edit_info_modal_tag))","{""event"":{""eventCategory"":""app-rev:gerenciar-vendas:detalhe-parcela:modal:editar-parcela"",""eventAction"":""show:modal"",""eventLabel"":""editar-parcela""}}",""
"Gestao","Vendas sellout","remover","remover","Interacao em Tela ou modal do app (rota / (ver installment_edit_info_modal_tag))","{""event"":{""eventCategory"":""app-rev:gerenciar-vendas:detalhe-parcela:modal:editar-parcela"",""eventAction"":""clique:botao"",""eventLabel"":""salvar-alteracoes""}}",""
"Gestao","Gestao do negocio","remover","remover","Interacao em Tela ou modal do app (rota / (ver instructions_modal_tag))","{""event"":{""eventCategory"":""app-rev:gestao-de-negocio"",""eventAction"":""clique:botao"",""eventLabel"":""finalizar""}}",""
"Gestao","Gestao do negocio","remover","remover","Interacao em Tela ou modal do app (rota / (ver instructions_modal_tag))","{""event"":{""eventCategory"":""app-rev:gestao-de-negocio"",""eventAction"":""clique:botao"",""eventLabel"":""proximo""}}",""
"Gestao","Gestao do negocio","remover","remover","Interacao em Tela ou modal do app (rota / (ver instructions_modal_tag))","{""event"":{""eventCategory"":""app-rev:gestao-de-negocio"",""eventAction"":""clique:botao"",""eventLabel"":""anterior""}}",""
"Gestao","Gestao do negocio","remover","remover","Interacao em Tela ou modal do app (rota / (ver instructions_modal_tag))","{""event"":{""eventCategory"":""app-rev:gestao-de-negocio"",""eventAction"":""clique:botao"",""eventLabel"":""pular""}}",""
"Gestao","Vendas sellout","remover","remover","Interacao em Tela ou modal do app (rota / (ver payment_detail_model_tag))","{""event"":{""eventCategory"":""app-rev:gerenciar-vendas:detalhe-parcela:modal:adicionar-dados-pagamento"",""eventAction"":""dinamico"",""eventLabel"":""dinamico (toAnalyticsFormat)""}}",""
"Gestao","Vendas sellout","remover","remover","Interacao em Tela ou modal do app (rota / (ver payment_detail_model_tag))","{""event"":{""eventCategory"":""app-rev:gerenciar-vendas:detalhe-parcela:modal:adicionar-dados-pagamento"",""eventAction"":""clique:botao"",""eventLabel"":""adicionar""}}",""
"Gestao","Vendas sellout","remover","remover","Interacao em Tela ou modal do app (rota / (ver payment_detail_model_tag))","{""event"":{""eventCategory"":""app-rev:gerenciar-vendas:detalhe-parcela:modal:adicionar-dados-pagamento"",""eventAction"":""dinamico"",""eventLabel"":""dinamico (toAnalyticsFormat)""}}",""
"Gestao","Vendas sellout","remover","remover","Interacao em Tela ou modal do app (rota / (ver payment_detail_model_tag))","{""event"":{""eventCategory"":""app-rev:gerenciar-vendas:detalhe-parcela:modal:adicionar-dados-pagamento"",""eventAction"":""interacao:campo"",""eventLabel"":""preencheu:data-do-pagamento:data-invalida:$formattedDate""}}",""
"Gestao","Vendas sellout","remover","remover","Interacao em Tela ou modal do app (rota / (ver payment_detail_model_tag))","{""event"":{""eventCategory"":""app-rev:gerenciar-vendas:detalhe-parcela:modal:adicionar-dados-pagamento"",""eventAction"":""interacao:campo"",""eventLabel"":""preencheu:valor:valor-invalido:$value""}}",""
"Gestao","Vendas sellout","remover","remover","Interacao em Tela ou modal do app (rota / (ver payment_detail_model_tag))","{""event"":{""eventCategory"":""app-rev:gerenciar-vendas:detalhe-parcela:modal:adicionar-dados-pagamento"",""eventAction"":""clique:botao"",""eventLabel"":""ir-para-relatorio""}}",""
"Gestao","Vendas sellout","remover","remover","Interacao em Tela ou modal do app (rota / (ver payment_detail_model_tag))","{""event"":{""eventCategory"":""app-rev:gerenciar-vendas:detalhe-parcela:modal:adicionar-dados-pagamento"",""eventAction"":""show:modal"",""eventLabel"":""/app-rev/gerenciar-vendas/detalhes-da-venda/modal/add-payment""}}",""
"Gestao","Vendas sellout","remover","remover","Interacao em Tela ou modal do app (rota / (ver payment_detail_model_tag))","{""event"":{""eventCategory"":""app-rev:gerenciar-vendas:detalhe-parcela:modal:adicionar-dados-pagamento"",""eventAction"":""interacao:lista"",""eventLabel"":""tipo-pagamento:$type""}}",""
"Gestao","Estoque RE","remover","remover","Interacao em Fluxo de estoque / pronta-entrega","{""event"":{""eventCategory"":""app-rev:gestao-estoque:modal"",""eventAction"":""clique:botao"",""eventLabel"":""adicionar-ao-estoque:$sku""}}",""
"Gestao","Estoque RE","remover","remover","Interacao em Fluxo de estoque / pronta-entrega","{""event"":{""eventCategory"":""app-rev:gestao-estoque:modal"",""eventAction"":""clique:botao"",""eventLabel"":""fechar:$sku""}}",""
"Gestao","Estoque RE","remover","remover","Interacao em Fluxo de estoque / pronta-entrega","{""event"":{""eventCategory"":""app-rev:gestao-estoque:modal"",""eventAction"":""clique:botao"",""eventLabel"":""remover-item:$sku""}}",""
"Gestao","Vendas sellout","remover","remover","Interacao em Fluxo de vendas sellout (cadastro, edicao ou cobranca)","{""event"":{""eventCategory"":""app-rev:gerenciar-vendas:detalhes-da-venda:modal:venda-atualizada"",""eventAction"":""clique:botao"",""eventLabel"":""ajustar-parcelas""}}",""
"Gestao","Vendas sellout","remover","remover","Interacao em Fluxo de vendas sellout (cadastro, edicao ou cobranca)","{""event"":{""eventCategory"":""app-rev:gerenciar-vendas:detalhes-da-venda:modal:venda-atualizada"",""eventAction"":""clique:botao"",""eventLabel"":""ajustar-mais-tarde""}}",""
"Gestao","Vendas sellout","migrar","migrar","Interacao em Fluxo de vendas sellout (cadastro, edicao ou cobranca)","{""event"":{""eventCategory"":""app-rev:gestao:organizar-vendas:vendas-adicionadas"",""eventAction"":""clique:botao"",""eventLabel"":""compartilhar-minha-loja-digital""}}","{""client_id"":""[[identificador-unico-usuario]]"",""session_id"":""[[identificador-unico-sessao]]"",""events"":[{""params"":{""cd_interaction_detail"":""click:button-compartilhar-minha-loja-digital""},""name"":""interaction_gestao""}]}"
"Gestao","Vendas sellout","remover","remover","Interacao em Fluxo de vendas sellout (cadastro, edicao ou cobranca)","{""event"":{""eventCategory"":""app-rev:gestao:organizar-vendas:vendas-adicionadas"",""eventAction"":""clique:botao"",""eventLabel"":""voltar-para-o-inicio""}}",""
"Gestao","Vendas sellout","remover","remover","Interacao em Fluxo de vendas sellout (cadastro, edicao ou cobranca)","{""event"":{""eventCategory"":""app-rev:gestao:organizar-vendas:vendas-adicionadas"",""eventAction"":""clique:botao"",""eventLabel"":""voltar-para-detalhes-do-pedido""}}",""
"Gestao","Vendas sellout","remover","remover","Interacao em Fluxo de vendas sellout (cadastro, edicao ou cobranca)","{""event"":{""eventCategory"":""app-rev:gestao:organizar-vendas:vendas-adicionadas"",""eventAction"":""clique:botao"",""eventLabel"":""ir-para-menu-gerenciar-vendas""}}",""
"Gestao","Gestao do negocio","migrar","migrar","Interacao em Tela ou modal do app (rota / (ver select_products_tag))","{""event"":{""eventCategory"":""app-rev:gestao:organizar-vendas:selecionar-produto"",""eventAction"":""clique:botao"",""eventLabel"":""selecionar""}}","{""client_id"":""[[identificador-unico-usuario]]"",""session_id"":""[[identificador-unico-sessao]]"",""events"":[{""name"":""interaction_gestao"",""params"":{""cd_interaction_detail"":""click:button-selecionar-produto""}}]}"
"Gestao","Estoque RE","remover","remover","Interacao em Tela ou modal do app (rota / (ver sellin_sellout_succes_tag))","{""event"":{""eventCategory"":""app-rev:sell-in-sell-out:pronta-entrega-sucesso"",""eventAction"":""clique:botao"",""eventLabel"":""voltar-para-o-inicio""}}",""
"Gestao","Estoque RE","remover","remover","Interacao em Tela ou modal do app (rota / (ver sellin_sellout_succes_tag))","{""event"":{""eventCategory"":""app-rev:sell-in-sell-out:pronta-entrega-sucesso"",""eventAction"":""clique:botao"",""eventLabel"":""voltar-para-detalhes-do-pedido""}}",""
"Gestao","Estoque RE","remover","remover","Interacao em Tela ou modal do app (rota / (ver sellin_sellout_succes_tag))","{""event"":{""eventCategory"":""app-rev:sell-in-sell-out:pronta-entrega-sucesso"",""eventAction"":""clique:botao"",""eventLabel"":""ir-para-pronta-entrega""}}",""
"Gestao","Estoque RE","migrar","migrar","Interacao em Tela ou modal do app (rota / (ver sellin_sellout_succes_tag))","{""event"":{""eventCategory"":""app-rev:sell-in-sell-out:pronta-entrega-sucesso"",""eventAction"":""clique:botao"",""eventLabel"":""compartilhar-minha-loja-digital""}}","{""client_id"":""[[identificador-unico-usuario]]"",""session_id"":""[[identificador-unico-sessao]]"",""events"":[{""params"":{""cd_interaction_detail"":""click:button-compartilhar-minha-loja-digital""},""name"":""interaction_gestao""}]}"
"Gestao","Gestao do negocio","migrar","migrar","Interacao em Tela ou modal do app (rota / (ver sellout_sellin_tag))","{""event"":{""eventCategory"":""app-rev:vendas-recebidas"",""eventAction"":""clique:botao"",""eventLabel"":""adicionar-produtos-ao-carrinho""}}","{""client_id"":""[[identificador-unico-usuario]]"",""session_id"":""[[identificador-unico-sessao]]"",""events"":[{""params"":{""cd_interaction_detail"":""click:button-adicionar-produtos-ao-carrinho""},""name"":""interaction_gestao""}]}"
"Gestao","Gestao do negocio","remover","remover","Interacao em Tela ou modal do app (rota / (ver sellout_sellin_tag))","{""event"":{""eventCategory"":""app-rev:vendas-recebidas"",""eventAction"":""clique:botao"",""eventLabel"":""voltar-para-o-carrinho""}}",""
"Gestao","Vendas sellout","migrar","migrar","Interacao em Fluxo de vendas sellout (cadastro, edicao ou cobranca)","{""event"":{""eventCategory"":""app-rev:editar-produto"",""eventAction"":""clique:botao"",""eventLabel"":""adicionar-produto""}}","{""client_id"":""[[identificador-unico-usuario]]"",""session_id"":""[[identificador-unico-sessao]]"",""events"":[{""params"":{""cd_interaction_detail"":""click:button-adicionar-produto""},""name"":""interaction_gestao""}]}"
"Gestao","Vendas sellout","remover","remover","Interacao em Fluxo de vendas sellout (cadastro, edicao ou cobranca)","{""event"":{""eventCategory"":""app-rev:editar-produto"",""eventAction"":""clique:icone"",""eventLabel"":""excluir-produto:$sku""}}",""
"Gestao","Vendas sellout","remover","remover","Interacao em Fluxo de vendas sellout (cadastro, edicao ou cobranca)","{""event"":{""eventCategory"":""app-rev:editar-produto"",""eventAction"":""clique:botao"",""eventLabel"":""salvar-edicao""}}",""
"Gestao","Carteira de clientes","remover","remover","Interacao em Carteira de clientes - cadastro, detalhe, tarefas e indicacoes","{""event"":{""eventCategory"":""app-rev:gerenciar-clientes:indicar"",""eventAction"":"""",""eventLabel"":""""}}",""
"Gestao","Carteira de clientes","remover","remover","Interacao em Carteira de clientes - cadastro, detalhe, tarefas e indicacoes","{""event"":{""eventCategory"":""app-rev:$tag"",""eventAction"":""clique:botao"",""eventLabel"":""ver-mais-vitrine-${origin.queryParameter}-de-clientes""}}",""
"Gestao","Carteira de clientes","remover","remover","Interacao em Carteira de clientes - cadastro, detalhe, tarefas e indicacoes","{""event"":{""eventCategory"":""app-rev:$tag"",""eventAction"":""clique:botao"",""eventLabel"":""ver-mais-indicacoes-vitrine-${origin.queryParameter}-de-clientes""}}",""
"Gestao","Carteira de clientes","migrar","migrar","Interacao em Carteira de clientes - cadastro, detalhe, tarefas e indicacoes","{""event"":{""eventCategory"":""app-rev:$tag"",""eventAction"":""clique:botao"",""eventLabel"":""ver-outras-indicacoes""}}","{""client_id"":""[[identificador-unico-usuario]]"",""session_id"":""[[identificador-unico-sessao]]"",""events"":[{""params"":{""cd_interaction_detail"":""click:button-ver-outras-indicacoes""},""name"":""interaction_gestao""}]}"
"Gestao","Carteira de clientes","migrar","migrar","Interacao em Carteira de clientes - cadastro, detalhe, tarefas e indicacoes","{""event"":{""eventCategory"":""app-rev:$tag"",""eventAction"":"""",""eventLabel"":""""}}","{""client_id"":""[[identificador-unico-usuario]]"",""session_id"":""[[identificador-unico-sessao]]"",""events"":[{""params"":{""cd_interaction_detail"":""share:button-share-m-l-d""},""name"":""interaction_gestao""}]}"
"Gestao","Carteira de clientes","migrar","migrar","Interacao em Carteira de clientes - cadastro, detalhe, tarefas e indicacoes","{""event"":{""eventCategory"":""app-rev:$tag"",""eventAction"":"""",""eventLabel"":""""}}","{""client_id"":""[[identificador-unico-usuario]]"",""session_id"":""[[identificador-unico-sessao]]"",""events"":[{""params"":{""cd_interaction_detail"":""swipe:carousel-swipe-carousel""},""name"":""interaction_gestao""}]}"
"Gestao","Carteira de clientes","migrar","migrar","Interacao em Carteira de clientes - cadastro, detalhe, tarefas e indicacoes","{""event"":{""eventCategory"":""app-rev:$tag"",""eventAction"":"""",""eventLabel"":""""}}","{""client_id"":""[[identificador-unico-usuario]]"",""session_id"":""[[identificador-unico-sessao]]"",""events"":[{""params"":{""cd_interaction_detail"":""click:button-try-fake-click-p-l-p""},""name"":""interaction_gestao""}]}"
"Gestao","Recomendacao de produtos","migrar","migrar","Interacao em Carteira de clientes - cadastro, detalhe, tarefas e indicacoes","{""event"":{""eventCategory"":""$_eventCategoryBase:indicar"",""eventAction"":"""",""eventLabel"":""""}}","{""client_id"":""[[identificador-unico-usuario]]"",""session_id"":""[[identificador-unico-sessao]]"",""events"":[{""params"":{""cd_interaction_detail"":""click:button-promote-products""},""name"":""interaction_gestao""}]}"
"Gestao","Recomendacao de produtos","migrar","migrar","Interacao em Carteira de clientes - cadastro, detalhe, tarefas e indicacoes","{""event"":{""eventCategory"":""$_eventCategoryBase:indicar"",""eventAction"":"""",""eventLabel"":""""}}","{""client_id"":""[[identificador-unico-usuario]]"",""session_id"":""[[identificador-unico-sessao]]"",""events"":[{""params"":{""cd_interaction_detail"":""click:button-icon-click""},""name"":""interaction_gestao""}]}"
"Gestao","Recomendacao de produtos","migrar","migrar","Interacao em Carteira de clientes - cadastro, detalhe, tarefas e indicacoes","{""event"":{""eventCategory"":""$_eventCategoryBase:indicar"",""eventAction"":"""",""eventLabel"":""""}}","{""client_id"":""[[identificador-unico-usuario]]"",""session_id"":""[[identificador-unico-sessao]]"",""events"":[{""params"":{""cd_interaction_detail"":""view:component-list-section-error""},""name"":""interaction_gestao""}]}"
"Gestao","Recomendacao de produtos","migrar","migrar","Interacao em Carteira de clientes - cadastro, detalhe, tarefas e indicacoes","{""event"":{""eventCategory"":""$_eventCategoryBase:indicar"",""eventAction"":"""",""eventLabel"":""""}}","{""client_id"":""[[identificador-unico-usuario]]"",""session_id"":""[[identificador-unico-sessao]]"",""events"":[{""params"":{""cd_interaction_detail"":""click:button-more-product-card-click""},""name"":""interaction_gestao""}]}"
"Gestao","Recomendacao de produtos","migrar","migrar","Interacao em Carteira de clientes - cadastro, detalhe, tarefas e indicacoes","{""event"":{""eventCategory"":""$_eventCategoryBase:indicar"",""eventAction"":"""",""eventLabel"":""""}}","{""client_id"":""[[identificador-unico-usuario]]"",""session_id"":""[[identificador-unico-sessao]]"",""events"":[{""params"":{""cd_interaction_detail"":""click:button-press-churn-see-more-button""},""name"":""interaction_gestao""}]}"
"Gestao","Recomendacao de produtos","migrar","migrar","Interacao em Carteira de clientes - cadastro, detalhe, tarefas e indicacoes","{""event"":{""eventCategory"":""$_eventCategoryBase:indicar"",""eventAction"":"""",""eventLabel"":""""}}","{""client_id"":""[[identificador-unico-usuario]]"",""session_id"":""[[identificador-unico-sessao]]"",""events"":[{""params"":{""cd_interaction_detail"":""click:button-product-click"",""cd_profile_re"":""${resellercategory}""},""name"":""interaction_gestao""}]}"
"Gestao","Recomendacao de produtos","migrar","migrar","Interacao em Carteira de clientes - cadastro, detalhe, tarefas e indicacoes","{""event"":{""eventCategory"":""$_eventCategoryBase:indicar"",""eventAction"":"""",""eventLabel"":""""}}","{""client_id"":""[[identificador-unico-usuario]]"",""session_id"":""[[identificador-unico-sessao]]"",""events"":[{""params"":{""cd_interaction_detail"":""click:button-promote-click"",""cd_profile_re"":""${resellercategory}""},""name"":""interaction_gestao""}]}"
"Gestao","Recomendacao de produtos","migrar","migrar","Interacao em Carteira de clientes - cadastro, detalhe, tarefas e indicacoes","{""event"":{""eventCategory"":""$_eventCategoryBase:indicar"",""eventAction"":"""",""eventLabel"":""""}}","{""client_id"":""[[identificador-unico-usuario]]"",""session_id"":""[[identificador-unico-sessao]]"",""events"":[{""params"":{""cd_interaction_detail"":""click:button-see-all-recommendations-click""},""name"":""interaction_gestao""}]}"
"Gestao","Carteira de clientes","remover","remover","Interacao em Carteira de clientes - cadastro, detalhe, tarefas e indicacoes","{""event"":{""eventCategory"":""app-rev:gerenciar-clientes:proximos-aniversarios"",""eventAction"":"""",""eventLabel"":""""}}",""
"Gestao","Carteira de clientes","remover","remover","Interacao em Carteira de clientes - cadastro, detalhe, tarefas e indicacoes","{""event"":{""eventCategory"":""app-rev:gerenciar-clientes:proximos-aniversarios"",""eventAction"":"""",""eventLabel"":""""}}",""
"Gestao","Carteira de clientes","remover","remover","Interacao em Carteira de clientes - cadastro, detalhe, tarefas e indicacoes","{""event"":{""eventCategory"":""app-rev:gerenciar-clientes:proximos-aniversarios"",""eventAction"":"""",""eventLabel"":""""}}",""
"Gestao","Carteira de clientes","remover","remover","Interacao em Carteira de clientes - cadastro, detalhe, tarefas e indicacoes","{""event"":{""eventCategory"":""app-rev:gerenciar-clientes:proximos-aniversarios"",""eventAction"":"""",""eventLabel"":""""}}",""
"Gestao","Carteira de clientes","remover","remover","Interacao em Carteira de clientes - cadastro, detalhe, tarefas e indicacoes","{""event"":{""eventCategory"":""app-rev:gerenciar-clientes:detalhes"",""eventAction"":"""",""eventLabel"":""""}}",""
"Gestao","Carteira de clientes","remover","remover","Interacao em Carteira de clientes - cadastro, detalhe, tarefas e indicacoes","{""event"":{""eventCategory"":""app-rev:gerenciar-clientes:detalhes"",""eventAction"":"""",""eventLabel"":""""}}",""
"Gestao","Carteira de clientes","remover","remover","Interacao em Carteira de clientes - cadastro, detalhe, tarefas e indicacoes","{""event"":{""eventCategory"":""app-rev:gerenciar-clientes:detalhes"",""eventAction"":"""",""eventLabel"":""""}}",""
"Gestao","Carteira de clientes","remover","remover","Interacao em Carteira de clientes - cadastro, detalhe, tarefas e indicacoes","{""event"":{""eventCategory"":""app-rev:gerenciar-clientes:detalhes"",""eventAction"":"""",""eventLabel"":""""}}",""
"Gestao","Carteira de clientes","remover","remover","Interacao em Carteira de clientes - cadastro, detalhe, tarefas e indicacoes","{""event"":{""eventCategory"":""app-rev:gerenciar-clientes:detalhes"",""eventAction"":"""",""eventLabel"":""""}}",""
"Gestao","Carteira de clientes","remover","remover","Interacao em Carteira de clientes - cadastro, detalhe, tarefas e indicacoes","{""event"":{""eventCategory"":""app-rev:gerenciar-clientes:detalhes"",""eventAction"":"""",""eventLabel"":""""}}",""
"Gestao","Carteira de clientes","remover","remover","Interacao em Carteira de clientes - cadastro, detalhe, tarefas e indicacoes","{""event"":{""eventCategory"":""app-rev:gerenciar-clientes:detalhes"",""eventAction"":"""",""eventLabel"":""""}}",""
"Gestao","Gestao do negocio","migrar","migrar","Interacao em Carteira de clientes - cadastro, detalhe, tarefas e indicacoes","{""event"":{""eventCategory"":"""",""eventAction"":"""",""eventLabel"":""""}}","{""client_id"":""[[identificador-unico-usuario]]"",""session_id"":""[[identificador-unico-sessao]]"",""events"":[{""params"":{""cd_interaction_detail"":""click:button-button-click""},""name"":""interaction_gestao""}]}"
"Gestao","Gestao do negocio","migrar","migrar","Interacao em Carteira de clientes - cadastro, detalhe, tarefas e indicacoes","{""event"":{""eventCategory"":"""",""eventAction"":"""",""eventLabel"":""""}}","{""client_id"":""[[identificador-unico-usuario]]"",""session_id"":""[[identificador-unico-sessao]]"",""events"":[{""params"":{""cd_interaction_detail"":""click:button-financial-summary-tooltip""},""name"":""interaction_gestao""}]}"
"Gestao","Gestao do negocio","migrar","migrar","Interacao em Carteira de clientes - cadastro, detalhe, tarefas e indicacoes","{""event"":{""eventCategory"":"""",""eventAction"":"""",""eventLabel"":""""}}","{""client_id"":""[[identificador-unico-usuario]]"",""session_id"":""[[identificador-unico-sessao]]"",""events"":[{""params"":{""cd_interaction_detail"":""click:button-sale-summary-tooltip""},""name"":""interaction_gestao""}]}"
"Gestao","Carteira de clientes","remover","remover","Interacao em Carteira de clientes - cadastro, detalhe, tarefas e indicacoes","{""event"":{""eventCategory"":""app-rev:gerenciar-clientes:anotacao"",""eventAction"":"""",""eventLabel"":""""}}",""
"Gestao","Carteira de clientes","remover","remover","Interacao em Carteira de clientes - cadastro, detalhe, tarefas e indicacoes","{""event"":{""eventCategory"":""app-rev:gerenciar-clientes:anotacao"",""eventAction"":"""",""eventLabel"":""""}}",""
"Gestao","Carteira de clientes","remover","remover","Interacao em Carteira de clientes - cadastro, detalhe, tarefas e indicacoes","{""event"":{""eventCategory"":""app-rev:gerenciar-clientes:anotacao"",""eventAction"":"""",""eventLabel"":""""}}",""
"Gestao","Carteira de clientes","remover","remover","Interacao em Carteira de clientes - cadastro, detalhe, tarefas e indicacoes","{""event"":{""eventCategory"":""app-rev:gerenciar-clientes:conquistar-cf:"",""eventAction"":"""",""eventLabel"":""""}}",""
"Gestao","Carteira de clientes","remover","remover","Interacao em Carteira de clientes - cadastro, detalhe, tarefas e indicacoes","{""event"":{""eventCategory"":""app-rev:agenda"",""eventAction"":"""",""eventLabel"":""""}}",""
"Gestao","Carteira de clientes","remover","remover","Interacao em Carteira de clientes - cadastro, detalhe, tarefas e indicacoes","{""event"":{""eventCategory"":""app-rev:agenda"",""eventAction"":"""",""eventLabel"":""""}}",""
"Gestao","Carteira de clientes","remover","remover","Interacao em Carteira de clientes - cadastro, detalhe, tarefas e indicacoes","{""event"":{""eventCategory"":""app-rev:agenda"",""eventAction"":"""",""eventLabel"":""""}}",""
"Gestao","Carteira de clientes","remover","remover","Interacao em Carteira de clientes - cadastro, detalhe, tarefas e indicacoes","{""event"":{""eventCategory"":""app-rev:gerenciar-clientes:meus-clientes"",""eventAction"":"""",""eventLabel"":""""}}",""
"Gestao","Carteira de clientes","remover","remover","Interacao em Carteira de clientes - cadastro, detalhe, tarefas e indicacoes","{""event"":{""eventCategory"":""app-rev:gerenciar-clientes:meus-clientes"",""eventAction"":"""",""eventLabel"":""""}}",""
"Gestao","Carteira de clientes","remover","remover","Interacao em Carteira de clientes - cadastro, detalhe, tarefas e indicacoes","{""event"":{""eventCategory"":""app-rev:gerenciar-clientes:vendas"",""eventAction"":"""",""eventLabel"":""""}}",""
"Gestao","Carteira de clientes","remover","remover","Interacao em Carteira de clientes - cadastro, detalhe, tarefas e indicacoes","{""event"":{""eventCategory"":""app-rev:gerenciar-clientes:vendas"",""eventAction"":"""",""eventLabel"":""""}}",""
"Gestao","Carteira de clientes","remover","remover","Interacao em Carteira de clientes - cadastro, detalhe, tarefas e indicacoes","{""event"":{""eventCategory"":""app-rev:gerenciar-clientes:vendas"",""eventAction"":"""",""eventLabel"":""""}}",""
"Gestao","Carteira de clientes","remover","remover","Interacao em Carteira de clientes - cadastro, detalhe, tarefas e indicacoes","{""event"":{""eventCategory"":""app-rev:gerenciar-clientes:detalhes:excluir-cf"",""eventAction"":"""",""eventLabel"":""""}}",""
"Gestao","Carteira de clientes","remover","remover","Interacao em Carteira de clientes - cadastro, detalhe, tarefas e indicacoes","{""event"":{""eventCategory"":""app-rev:gerenciar-clientes:detalhes:excluir-cf"",""eventAction"":"""",""eventLabel"":""""}}",""
"Gestao","Carteira de clientes","remover","remover","Interacao em Carteira de clientes - cadastro, detalhe, tarefas e indicacoes","{""event"":{""eventCategory"":""app-rev:gerenciar-clientes/detalhes/excluir-cf"",""eventAction"":"""",""eventLabel"":""""}}",""
"Gestao","Gestao do negocio","remover","remover","Interacao em Carteira de clientes - cadastro, detalhe, tarefas e indicacoes","{""event"":{""eventCategory"":""app-rev:agenda:selecionar-contato"",""eventAction"":"""",""eventLabel"":""""}}",""
"Gestao","Gestao do negocio","remover","remover","Interacao em Carteira de clientes - cadastro, detalhe, tarefas e indicacoes","{""event"":{""eventCategory"":""app-rev:agenda:selecionar-contato"",""eventAction"":"""",""eventLabel"":""""}}",""
"Gestao","Gestao do negocio","remover","remover","Interacao em Hub Gestao - resumo do negocio e atalhos","{""event"":{""eventCategory"":""app-rev:gestao-de-negocio"",""eventAction"":""clique:botao"",""eventLabel"":""clique-feedback-hub""}}",""
"Gestao","Gestao do negocio","migrar","migrar","Interacao em Hub Gestao - resumo do negocio e atalhos","{""event"":{""eventCategory"":""app-rev:gestao-de-negocio"",""eventAction"":""clique:botao"",""eventLabel"":""adicionar-pronta-entrega-sellin:sem-venda""}}","{""client_id"":""[[identificador-unico-usuario]]"",""session_id"":""[[identificador-unico-sessao]]"",""events"":[{""params"":{""cd_interaction_detail"":""click:button-adicionar-pronta-entrega-sellin-sem-venda""},""name"":""interaction_gestao""}]}"
"Gestao","Gestao do negocio","migrar","migrar","Interacao em Hub Gestao - resumo do negocio e atalhos","{""event"":{""eventCategory"":""app-rev:gestao-de-negocio"",""eventAction"":""clique:botao"",""eventLabel"":""adicionar-venda-sellin:sem-venda""}}","{""client_id"":""[[identificador-unico-usuario]]"",""session_id"":""[[identificador-unico-sessao]]"",""events"":[{""params"":{""cd_interaction_detail"":""click:button-adicionar-venda-sellin-sem-venda""},""name"":""interaction_gestao""}]}"
"Gestao","Gestao do negocio","remover","remover","Interacao em Hub Gestao - resumo do negocio e atalhos","{""event"":{""eventCategory"":""app-rev:gestao-de-negocio"",""eventAction"":""clique:botao"",""eventLabel"":""acessar-novo-aplicativo""}}",""
"Gestao","Gestao do negocio","migrar","migrar","Interacao em Hub Gestao - resumo do negocio e atalhos","{""event"":{""eventCategory"":""app-rev:gestao-de-negocio"",""eventAction"":""clique:botao"",""eventLabel"":""adicionar-nova-venda:${origin.value}""}}","{""client_id"":""[[identificador-unico-usuario]]"",""session_id"":""[[identificador-unico-sessao]]"",""events"":[{""params"":{""cd_interaction_detail"":""click:button-adicionar-nova-venda-${origin.value}""},""name"":""interaction_gestao""}]}"
"Gestao","Gestao do negocio","remover","remover","Interacao em Hub Gestao - resumo do negocio e atalhos","{""event"":{""eventCategory"":""app-rev:gestao-de-negocio"",""eventAction"":""clique:botao"",""eventLabel"":""busca-assistente-gestao""}}",""
"Gestao","Gestao do negocio","migrar","migrar","Interacao em Hub Gestao - resumo do negocio e atalhos","{""event"":{""eventCategory"":""app-rev:gestao-de-negocio"",""eventAction"":""clique:botao"",""eventLabel"":""icone-cobrancas""}}","{""client_id"":""[[identificador-unico-usuario]]"",""session_id"":""[[identificador-unico-sessao]]"",""events"":[{""params"":{""cd_interaction_detail"":""click:button-icone-cobrancas""},""name"":""interaction_gestao""}]}"
"Gestao","Gestao do negocio","remover","remover","Interacao em Hub Gestao - resumo do negocio e atalhos","{""event"":{""eventCategory"":""app-rev:gestao-de-negocio"",""eventAction"":""clique:botao"",""eventLabel"":""clientes""}}",""
"Gestao","Gestao do negocio","migrar","migrar","Interacao em Hub Gestao - resumo do negocio e atalhos","{""event"":{""eventCategory"":""app-rev:gestao-de-negocio"",""eventAction"":""clique:botao"",""eventLabel"":""entendi-tutorial-cobrancas""}}","{""client_id"":""[[identificador-unico-usuario]]"",""session_id"":""[[identificador-unico-sessao]]"",""events"":[{""params"":{""cd_interaction_detail"":""click:button-entendi-tutorial-cobrancas""},""name"":""interaction_gestao""}]}"
"Gestao","Gestao do negocio","remover","remover","Interacao em Hub Gestao - resumo do negocio e atalhos","{""event"":{""eventCategory"":""app-rev:gestao-de-negocio"",""eventAction"":""clique:componente"",""eventLabel"":""resumo-do-negocio:relatorio-financeiro""}}",""
"Gestao","Gestao do negocio","remover","remover","Interacao em Hub Gestao - resumo do negocio e atalhos","{""event"":{""eventCategory"":""app-rev:gestao-de-negocio"",""eventAction"":""clique:botao"",""eventLabel"":""ver-vendas-recebidas""}}",""
"Gestao","Gestao do negocio","remover","remover","Interacao em Hub Gestao - resumo do negocio e atalhos","{""event"":{""eventCategory"":""app-rev:gestao-de-negocio"",""eventAction"":""clique:botao"",""eventLabel"":""ver-as-recomendacoes""}}",""
"Gestao","Gestao do negocio","remover","remover","Interacao em Hub Gestao - resumo do negocio e atalhos","{""event"":{""eventCategory"":""app-rev:gestao-de-negocio"",""eventAction"":""clique:botao"",""eventLabel"":""acessar-relatorio""}}",""
"Gestao","Gestao do negocio","remover","remover","Interacao em Hub Gestao - resumo do negocio e atalhos","{""event"":{""eventCategory"":""app-rev:gestao-de-negocio"",""eventAction"":""clique:botao"",""eventLabel"":""resumo-do-negocio:relatorio""}}",""
"Gestao","Gestao do negocio","remover","remover","Interacao em Hub Gestao - resumo do negocio e atalhos","{""event"":{""eventCategory"":""app-rev:gestao-de-negocio"",""eventAction"":""clique:componente"",""eventLabel"":""resumo-do-negocio:relatorio""}}",""
"Gestao","Gestao do negocio","remover","remover","Interacao em Hub Gestao - resumo do negocio e atalhos","{""event"":{""eventCategory"":""app-rev:gestao-de-negocio"",""eventAction"":""clique:botao"",""eventLabel"":""ver-missoes""}}",""
"Gestao","Gestao do negocio","remover","remover","Interacao em Hub Gestao - resumo do negocio e atalhos","{""event"":{""eventCategory"":""app-rev:gestao-de-negocio"",""eventAction"":""clique:botao"",""eventLabel"":""gerenciar-carteira""}}",""
"Gestao","Gestao do negocio","remover","remover","Interacao em Hub Gestao - resumo do negocio e atalhos","{""event"":{""eventCategory"":""app-rev:gestao-de-negocio"",""eventAction"":""clique:botao"",""eventLabel"":""ver-video-tutorial:${origin.value}""}}",""
"Gestao","Gestao do negocio","remover","remover","Interacao em Hub Gestao - resumo do negocio e atalhos","{""event"":{""eventCategory"":""app-rev:gestao-de-negocio"",""eventAction"":""clique:botao"",""eventLabel"":""vendas""}}",""
"Gestao","Gestao do negocio","remover","remover","Interacao em Hub Gestao - resumo do negocio e atalhos","{""event"":{""eventCategory"":""app-rev:gestao-de-negocio"",""eventAction"":""clique:botao"",""eventLabel"":""ver-vendas:${paymentStatus.tagText}:$salesCount""}}",""
"Gestao","Gestao do negocio","remover","remover","Interacao em Hub Gestao - resumo do negocio e atalhos","{""event"":{""eventCategory"":""app-rev:gestao-de-negocio"",""eventAction"":""clique:botao"",""eventLabel"":""atualize-suas-vendas:ver-mais""}}",""
"Gestao","Gestao do negocio","migrar","migrar","Interacao em Hub Gestao - resumo do negocio e atalhos","{""event"":{""eventCategory"":""app-rev:gestao-de-negocio"",""eventAction"":""clique:botao"",""eventLabel"":""compartilhar-lojas:${origin.value}""}}","{""client_id"":""[[identificador-unico-usuario]]"",""session_id"":""[[identificador-unico-sessao]]"",""events"":[{""params"":{""cd_interaction_detail"":""click:button-compartilhar-lojas-${origin.value}""},""name"":""interaction_gestao""}]}"
"Gestao","Gestao do negocio","remover","remover","Interacao em Hub Gestao - resumo do negocio e atalhos","{""event"":{""eventCategory"":""app-rev:gestao-de-negocio"",""eventAction"":""clique:botao"",""eventLabel"":""estoque""}}",""
"Gestao","Gestao do negocio","migrar","migrar","Interacao em Hub Gestao - resumo do negocio e atalhos","{""event"":{""eventCategory"":""app-rev:gestao-de-negocio"",""eventAction"":""clique:botao"",""eventLabel"":""tentar-novamente""}}","{""client_id"":""[[identificador-unico-usuario]]"",""session_id"":""[[identificador-unico-sessao]]"",""events"":[{""params"":{""cd_interaction_detail"":""click:button-tentar-novamente""},""name"":""interaction_gestao""}]}"
"Gestao","Gestao do negocio","remover","remover","Interacao em Hub Gestao - resumo do negocio e atalhos","{""event"":{""eventCategory"":""app-rev:gestao-de-negocio"",""eventAction"":""clique:botao"",""eventLabel"":""carteira""}}",""
"Gestao","Gestao do negocio","remover","remover","Interacao em Hub Gestao - resumo do negocio e atalhos","{""event"":{""eventCategory"":""app-rev:gestao-de-negocio"",""eventAction"":""interacao:scroll"",""eventLabel"":""gestao-de-negocio""}}",""
"Gestao","Gestao do negocio","remover","remover","Interacao em Hub Gestao - resumo do negocio e atalhos","{""event"":{""eventCategory"":""app-rev:gestao-de-negocio"",""eventAction"":""view:componente"",""eventLabel"":""visualizar-feedback-hub""}}",""
"Gestao","Gestao do negocio","remover","remover","Interacao em Hub Gestao - resumo do negocio e atalhos","{""event"":{""eventCategory"":""app-rev:gestao-de-negocio"",""eventAction"":""clique:botao"",""eventLabel"":""novas-sugestoes-hub""}}",""
"Gestao","Gestao do negocio","migrar","migrar","Interacao em Hub Gestao - resumo do negocio e atalhos","{""event"":{""eventCategory"":""app-rev:gestao-de-negocio"",""eventAction"":""clique:botao"",""eventLabel"":""visualizar-tutorial-cobrancas""}}","{""client_id"":""[[identificador-unico-usuario]]"",""session_id"":""[[identificador-unico-sessao]]"",""events"":[{""params"":{""cd_interaction_detail"":""click:button-visualizar-tutorial-cobrancas""},""name"":""interaction_gestao""}]}"
"Gestao","Gestao do negocio","migrar","migrar","Interacao em Relatorio de vendas e financeiro","{""event"":{""eventCategory"":""app-rev:relatorio-financeiro"",""eventAction"":""callback:relatorio-financeiro"",""eventLabel"":""erro:aconteceu-algo-inesperado-por-favor-tente-novamente""}}","{""client_id"":""[[identificador-unico-usuario]]"",""session_id"":""[[identificador-unico-sessao]]"",""events"":[{""name"":""callback_gestao_financial_report_error"",""params"":{""cd_error_message"":""unexpected-error""}}]}"
"Gestao","Gestao do negocio","migrar","migrar","Interacao em Relatorio de vendas e financeiro","{""event"":{""eventCategory"":""app-rev:relatorio-financeiro"",""eventAction"":""clique:botao"",""eventLabel"":""acessar-todos-boletos""}}","{""client_id"":""[[identificador-unico-usuario]]"",""session_id"":""[[identificador-unico-sessao]]"",""events"":[{""params"":{""cd_interaction_detail"":""click:button-acessar-todos-boletos""},""name"":""interaction_gestao""}]}"
"Gestao","Gestao do negocio","migrar","migrar","Interacao em Relatorio de vendas e financeiro","{""event"":{""eventCategory"":""app-rev:relatorio-financeiro"",""eventAction"":""clique:botao"",""eventLabel"":""acessar-todos-pagamentos""}}","{""client_id"":""[[identificador-unico-usuario]]"",""session_id"":""[[identificador-unico-sessao]]"",""events"":[{""params"":{""cd_interaction_detail"":""click:button-acessar-todos-pagamentos""},""name"":""interaction_gestao""}]}"
"Gestao","Gestao do negocio","migrar","migrar","Interacao em Relatorio de vendas e financeiro","{""event"":{""eventCategory"":""app-rev:relatorio-financeiro"",""eventAction"":""clique:botao"",""eventLabel"":""adicionar-pix-a-venda""}}","{""client_id"":""[[identificador-unico-usuario]]"",""session_id"":""[[identificador-unico-sessao]]"",""events"":[{""params"":{""cd_interaction_detail"":""click:button-adicionar-pix-a-venda""},""name"":""interaction_gestao""}]}"
"Gestao","Gestao do negocio","migrar","migrar","Interacao em Relatorio de vendas e financeiro","{""event"":{""eventCategory"":""app-rev:relatorio-financeiro"",""eventAction"":""clique:botao"",""eventLabel"":""adicionar-vendas""}}","{""client_id"":""[[identificador-unico-usuario]]"",""session_id"":""[[identificador-unico-sessao]]"",""events"":[{""params"":{""cd_interaction_detail"":""click:button-adicionar-vendas""},""name"":""interaction_gestao""}]}"
"Gestao","Gestao do negocio","migrar","migrar","Interacao em Relatorio de vendas e financeiro","{""event"":{""eventCategory"":""app-rev:relatorio-financeiro"",""eventAction"":""clique:botao"",""eventLabel"":""cobrar-clientes""}}","{""client_id"":""[[identificador-unico-usuario]]"",""session_id"":""[[identificador-unico-sessao]]"",""events"":[{""params"":{""cd_interaction_detail"":""click:button-cobrar-clientes""},""name"":""interaction_gestao""}]}"
"Gestao","Gestao do negocio","migrar","migrar","Interacao em Relatorio de vendas e financeiro","{""event"":{""eventCategory"":""app-rev:relatorio-financeiro"",""eventAction"":""clique:botao"",""eventLabel"":""faq""}}","{""client_id"":""[[identificador-unico-usuario]]"",""session_id"":""[[identificador-unico-sessao]]"",""events"":[{""params"":{""cd_interaction_detail"":""click:button-faq""},""name"":""interaction_gestao""}]}"
"Gestao","Gestao do negocio","remover","remover","Interacao em Relatorio de vendas e financeiro","{""event"":{""eventCategory"":""app-rev:relatorio-financeiro"",""eventAction"":""clique:botao"",""eventLabel"":""ir-para-vendas-adicionadas""}}",""
"Gestao","Gestao do negocio","migrar","migrar","Interacao em Relatorio de vendas e financeiro","{""event"":{""eventCategory"":""app-rev:relatorio-financeiro"",""eventAction"":""clique:botao"",""eventLabel"":""ir-para-pedidos""}}","{""client_id"":""[[identificador-unico-usuario]]"",""session_id"":""[[identificador-unico-sessao]]"",""events"":[{""name"":""interaction_gestao"",""params"":{""cd_interaction_detail"":""click:button-ir-para-pedidos""}}]}"
"Gestao","Gestao do negocio","revisar","migrar","Interacao em Relatorio de vendas e financeiro","{""event"":{""eventCategory"":""app-rev:relatorio-financeiro"",""eventAction"":""clique:botao"",""eventLabel"":""ir-para-inicio""}}","{""client_id"":""[[identificador-unico-usuario]]"",""session_id"":""[[identificador-unico-sessao]]"",""events"":[{""params"":{""cd_interaction_detail"":""click:button-ir-para-inicio""},""name"":""interaction_gestao""}]}"
"Gestao","Gestao do negocio","migrar","migrar","Interacao em Relatorio de vendas e financeiro","{""event"":{""eventCategory"":""app-rev:relatorio-financeiro"",""eventAction"":""clique:botao"",""eventLabel"":""conhecer-carteira""}}","{""client_id"":""[[identificador-unico-usuario]]"",""session_id"":""[[identificador-unico-sessao]]"",""events"":[{""params"":{""cd_interaction_detail"":""click:button-conhecer-carteira""},""name"":""interaction_gestao""}]}"
"Gestao","Gestao do negocio","migrar","migrar","Interacao em Relatorio de vendas e financeiro","{""event"":{""eventCategory"":""app-rev:relatorio-financeiro"",""eventAction"":""clique:botao"",""eventLabel"":""pagar-boletos""}}","{""client_id"":""[[identificador-unico-usuario]]"",""session_id"":""[[identificador-unico-sessao]]"",""events"":[{""params"":{""cd_interaction_detail"":""click:button-pagar-boletos""},""name"":""interaction_gestao""}]}"
"Gestao","Gestao do negocio","migrar","migrar","Interacao em Relatorio de vendas e financeiro","{""event"":{""eventCategory"":""app-rev:relatorio-financeiro"",""eventAction"":""clique:botao"",""eventLabel"":""relatorio-de-vendas""}}","{""client_id"":""[[identificador-unico-usuario]]"",""session_id"":""[[identificador-unico-sessao]]"",""events"":[{""params"":{""cd_interaction_detail"":""click:button-relatorio-de-vendas""},""name"":""interaction_gestao""}]}"
"Gestao","Gestao do negocio","migrar","migrar","Interacao em Relatorio de vendas e financeiro","{""event"":{""eventCategory"":""app-rev:relatorio-financeiro"",""eventAction"":""clique:botao"",""eventLabel"":""tentar-novamente""}}","{""client_id"":""[[identificador-unico-usuario]]"",""session_id"":""[[identificador-unico-sessao]]"",""events"":[{""params"":{""cd_interaction_detail"":""click:button-tentar-novamente""},""name"":""interaction_gestao""}]}"
"Gestao","Gestao do negocio","migrar","migrar","Interacao em Relatorio de vendas e financeiro","{""event"":{""eventCategory"":""app-rev:relatorio-financeiro"",""eventAction"":""clique:botao"",""eventLabel"":""atualizar-relatorio-financeiro""}}","{""client_id"":""[[identificador-unico-usuario]]"",""session_id"":""[[identificador-unico-sessao]]"",""events"":[{""params"":{""cd_interaction_detail"":""click:button-atualizar-relatorio-financeiro""},""name"":""interaction_gestao""}]}"
"Gestao","Vendas sellout","remover","remover","Interacao em Relatorio de vendas e financeiro","{""event"":{""eventCategory"":""app-rev:relatorio-de-vendas"",""eventAction"":""interacao:scroll"",""eventLabel"":""""}}",""
"Gestao","Vendas sellout","remover","remover","Interacao em Relatorio de vendas e financeiro","{""event"":{""eventCategory"":""app-rev:relatorio-de-vendas"",""eventAction"":""clique:botao"",""eventLabel"":""ver-todos-os-produtos""}}",""
"Gestao","Vendas sellout","remover","remover","Interacao em Relatorio de vendas e financeiro","{""event"":{""eventCategory"":""app-rev:relatorio-de-vendas"",""eventAction"":""clique:botao"",""eventLabel"":""relatorio-financeiro""}}",""
"Gestao","Vendas sellout","remover","remover","Interacao em Relatorio de vendas e financeiro","{""event"":{""eventCategory"":""app-rev:relatorio-de-vendas"",""eventAction"":""clique:botao"",""eventLabel"":""ver-as-recomendacoes""}}",""
"Gestao","Vendas sellout","remover","remover","Interacao em Relatorio de vendas e financeiro","{""event"":{""eventCategory"":""app-rev:relatorio-de-vendas"",""eventAction"":""clique:botao"",""eventLabel"":""ver-produtos-em-promocao""}}",""
"Gestao","Vendas sellout","remover","remover","Interacao em Relatorio de vendas e financeiro","{""event"":{""eventCategory"":""app-rev:relatorio-de-vendas"",""eventAction"":""clique:botao"",""eventLabel"":""ver-vendas:${_getMonthTag(monthAndYear)}""}}",""
"Gestao","Vendas sellout","remover","remover","Interacao em Relatorio de vendas e financeiro","{""event"":{""eventCategory"":""app-rev:relatorio-de-vendas"",""eventAction"":""clique:botao"",""eventLabel"":""ver-vendas:${paymentStatus.tagText}:$salesCount:${_getMonthTag(monthAndYear)}""}}",""
"Gestao","Vendas sellout","migrar","migrar","Interacao em Relatorio de vendas e financeiro","{""event"":{""eventCategory"":""app-rev:relatorio-de-vendas"",""eventAction"":""clique:botao"",""eventLabel"":""tentar-novamente:${_getMonthTag(monthAndYear)}""}}","{""client_id"":""[[identificador-unico-usuario]]"",""session_id"":""[[identificador-unico-sessao]]"",""events"":[{""params"":{""cd_interaction_detail"":""click:button-tentar-novamente-${-getmonthtag(monthandyear)}""},""name"":""interaction_gestao""}]}"
"Gestao","Estoque RE","remover","remover","Interacao em Pronta-entrega - produtos disponiveis para venda imediata","{""event"":{""eventCategory"":""app-rev:gestao-estoque:modal"",""eventAction"":""clique:botao"",""eventLabel"":""fechar""}}",""
"Gestao","Estoque RE","remover","remover","Interacao em Pronta-entrega - produtos disponiveis para venda imediata","{""event"":{""eventCategory"":""app-rev:gestao-estoque:modal"",""eventAction"":""clique:botao"",""eventLabel"":""continuar-editando-o-produto""}}",""
"Gestao","Estoque RE","remover","remover","Interacao em Pronta-entrega - produtos disponiveis para venda imediata","{""event"":{""eventCategory"":""app-rev:gestao-estoque:modal"",""eventAction"":""clique:botao"",""eventLabel"":""sair-sem-salvar-a-edicao-do-produto""}}",""
"Gestao","Estoque RE","migrar","migrar","Interacao em Pronta-entrega - produtos disponiveis para venda imediata","{""event"":{""eventCategory"":""app-rev:gestao-estoque"",""eventAction"":""callback:editar-produto"",""eventLabel"":""$sku:erro""}}","{""client_id"":""[[identificador-unico-usuario]]"",""session_id"":""[[identificador-unico-sessao]]"",""events"":[{""name"":""callback_estoque_edit_product_error"",""params"":{""cd_error_message"":""edit-product-failed"",""cd_sku"":""$sku""}}]}"
"Gestao","Estoque RE","migrar","migrar","Interacao em Pronta-entrega - produtos disponiveis para venda imediata","{""event"":{""eventCategory"":""app-rev:gestao-estoque"",""eventAction"":""callback:editar-produto"",""eventLabel"":""$sku:sucesso""}}","{""client_id"":""[[identificador-unico-usuario]]"",""session_id"":""[[identificador-unico-sessao]]"",""events"":[{""name"":""callback_estoque_edit_product_success"",""params"":{""cd_sku"":""$sku""}}]}"
"Gestao","Estoque RE","migrar","migrar","Interacao em Pronta-entrega - produtos disponiveis para venda imediata","{""event"":{""eventCategory"":""app-rev:gestao-estoque"",""eventAction"":""clique:botao"",""eventLabel"":""tentar-novamente""}}","{""client_id"":""[[identificador-unico-usuario]]"",""session_id"":""[[identificador-unico-sessao]]"",""events"":[{""params"":{""cd_interaction_detail"":""click:button-tentar-novamente""},""name"":""interaction_gestao""}]}"
"Gestao","Estoque RE","remover","remover","Interacao em Pronta-entrega - produtos disponiveis para venda imediata","{""event"":{""eventCategory"":""app-rev:gestao-estoque"",""eventAction"":""clique:tooltip"",""eventLabel"":""info-preco""}}",""
"Gestao","Estoque RE","remover","remover","Interacao em Pronta-entrega - produtos disponiveis para venda imediata","{""event"":{""eventCategory"":""app-rev:gestao-estoque"",""eventAction"":""clique:botao"",""eventLabel"":""$sku:$optInText""}}",""
"Gestao","Estoque RE","remover","remover","Interacao em Pronta-entrega - produtos disponiveis para venda imediata","{""event"":{""eventCategory"":""app-rev:gestao-estoque"",""eventAction"":""clique:botao"",""eventLabel"":""adicionar:$sku""}}",""
"Gestao","Estoque RE","remover","remover","Interacao em Pronta-entrega - produtos disponiveis para venda imediata","{""event"":{""eventCategory"":""app-rev:gestao-estoque"",""eventAction"":""clique:icone"",""eventLabel"":""codigo-de-barras""}}",""
"Gestao","Estoque RE","remover","remover","Interacao em Pronta-entrega - produtos disponiveis para venda imediata","{""event"":{""eventCategory"":""app-rev:gestao-estoque:modal:baixa-automatica"",""eventAction"":""clique:botao"",""eventLabel"":""nao-gerenciar-manualmente""}}",""
"Gestao","Estoque RE","remover","remover","Interacao em Pronta-entrega - produtos disponiveis para venda imediata","{""event"":{""eventCategory"":""app-rev:gestao-estoque:modal:baixa-automatica"",""eventAction"":""clique:botao"",""eventLabel"":""sim-retirar-automaticamente""}}",""
"Gestao","Estoque RE","migrar","migrar","Interacao em Pronta-entrega - produtos disponiveis para venda imediata","{""event"":{""eventCategory"":""app-rev:gestao-estoque"",""eventAction"":""clique:botao"",""eventLabel"":""${brand.tag}:adicionar-produto:$quantity:$sku""}}","{""client_id"":""[[identificador-unico-usuario]]"",""session_id"":""[[identificador-unico-sessao]]"",""events"":[{""params"":{""cd_interaction_detail"":""click:button-${brand.tag}-adicionar-produto-$quantity-$sku"",""cd_sku"":""$sku""},""name"":""interaction_gestao""}]}"
"Gestao","Estoque RE","remover","remover","Interacao em Pronta-entrega - produtos disponiveis para venda imediata","{""event"":{""eventCategory"":""app-rev:gestao-estoque"",""eventAction"":""interacao:busca"",""eventLabel"":""${brand.tag}:$term""}}",""
"Gestao","Estoque RE","remover","remover","Interacao em Pronta-entrega - produtos disponiveis para venda imediata","{""event"":{""eventCategory"":""app-rev:gestao-estoque"",""eventAction"":""clique:botao"",""eventLabel"":""${brand.tag}:adicionar-novo-produto""}}",""
"Gestao","Estoque RE","remover","remover","Interacao em Pronta-entrega - produtos disponiveis para venda imediata","{""event"":{""eventCategory"":""app-rev:gestao-estoque"",""eventAction"":""clique:botao"",""eventLabel"":""${brand.tag}:editar-preco:$sku""}}",""
"Gestao","Estoque RE","remover","remover","Interacao em Pronta-entrega - produtos disponiveis para venda imediata","{""event"":{""eventCategory"":""app-rev:gestao-estoque"",""eventAction"":""clique:botao"",""eventLabel"":""${brand.tag}:card:$sku""}}",""
"Gestao","Estoque RE","remover","remover","Interacao em Pronta-entrega - produtos disponiveis para venda imediata","{""event"":{""eventCategory"":""app-rev:gestao-estoque"",""eventAction"":""clique:botao"",""eventLabel"":""${brand.tag}:excluir-produto:$sku""}}",""
"Gestao","Estoque RE","migrar","migrar","Interacao em Pronta-entrega - produtos disponiveis para venda imediata","{""event"":{""eventCategory"":""app-rev:gestao-estoque"",""eventAction"":""clique:botao"",""eventLabel"":""compartilhar-produtos-pronta-entrega""}}","{""client_id"":""[[identificador-unico-usuario]]"",""session_id"":""[[identificador-unico-sessao]]"",""events"":[{""params"":{""cd_interaction_detail"":""click:button-compartilhar-produtos-pronta-entrega""},""name"":""interaction_gestao""}]}"
"Gestao","Estoque RE","remover","remover","Interacao em Pronta-entrega - produtos disponiveis para venda imediata","{""event"":{""eventCategory"":""app-rev:gestao-estoque"",""eventAction"":""clique:botao"",""eventLabel"":""retirar-automaticamente-produtos""}}",""
"Gestao","Estoque RE","remover","remover","Interacao em Pronta-entrega - produtos disponiveis para venda imediata","{""event"":{""eventCategory"":""app-rev:gestao-estoque"",""eventAction"":""clique:botao"",""eventLabel"":""gerenciar-produtos-manualmente""}}",""
"Gestao","Estoque RE","migrar","migrar","Interacao em Pronta-entrega - produtos disponiveis para venda imediata","{""event"":{""eventCategory"":""app-rev:gestao-estoque"",""eventAction"":""clique:botao"",""eventLabel"":""${brand.tag}:tentar-novamente""}}","{""client_id"":""[[identificador-unico-usuario]]"",""session_id"":""[[identificador-unico-sessao]]"",""events"":[{""params"":{""cd_interaction_detail"":""click:button-${brand.tag}-tentar-novamente""},""name"":""interaction_gestao""}]}"
"Gestao","Gestao do negocio","migrar","migrar","Interacao em Pronta-entrega - produtos disponiveis para venda imediata","{""event"":{""eventCategory"":"""",""eventAction"":""clique:botao"",""eventLabel"":""adicionar-nova-venda""}}","{""client_id"":""[[identificador-unico-usuario]]"",""session_id"":""[[identificador-unico-sessao]]"",""events"":[{""params"":{""cd_interaction_detail"":""click:button-adicionar-nova-venda""},""name"":""interaction_gestao""}]}"
"Gestao","Estoque RE","migrar","migrar","Interacao em Pronta-entrega - produtos disponiveis para venda imediata","{""event"":{""eventCategory"":""app-rev:sell-in-sell-out:pronta-entrega"",""eventAction"":""clique:botao"",""eventLabel"":""adicionar-produtos-pronta-entrega""}}","{""client_id"":""[[identificador-unico-usuario]]"",""session_id"":""[[identificador-unico-sessao]]"",""events"":[{""params"":{""cd_interaction_detail"":""click:button-adicionar-produtos-pronta-entrega"",""cd_qtd_selecao_total"":""${howmanytotalproductswereadded}"",""cd_qtd_selecao_parcial"":""${howmanypartialproductswereadded}"",""cd_qtd_produtos_pronta_entrega"":""${totalselectedquantity}"",""cd_qtd_produtos_pedido"":""${totalpossiblequantity}"",""cd_edicao_produtos"":""${changedquantity}""},""name"":""interaction_gestao""}]}"
"Gestao","Gestao do negocio","migrar","migrar","Interacao em Pronta-entrega - produtos disponiveis para venda imediata","{""event"":{""eventCategory"":"""",""eventAction"":""clique:botao"",""eventLabel"":""adicionar-produtos-a-pronto-entrega""}}","{""client_id"":""[[identificador-unico-usuario]]"",""session_id"":""[[identificador-unico-sessao]]"",""events"":[{""params"":{""cd_interaction_detail"":""click:button-adicionar-produtos-a-pronto-entrega""},""name"":""interaction_gestao""}]}"
"Gestao","Gestao do negocio","remover","remover","Interacao em Pronta-entrega - produtos disponiveis para venda imediata","{""event"":{""eventCategory"":"""",""eventAction"":""clique:botao"",""eventLabel"":""consultar-vendas-adicionadas""}}",""
"Gestao","Gestao do negocio","remover","remover","Interacao em Pronta-entrega - produtos disponiveis para venda imediata","{""event"":{""eventCategory"":"""",""eventAction"":""clique:botao"",""eventLabel"":""conecte-suas-vendas""}}",""
"Gestao","Gestao do negocio","remover","remover","Interacao em Pronta-entrega - produtos disponiveis para venda imediata","{""event"":{""eventCategory"":"""",""eventAction"":""clique:botao"",""eventLabel"":""detalhes-da-sua-venda-$saleId""}}",""
"Gestao","Gestao do negocio","migrar","migrar","Interacao em Pronta-entrega - produtos disponiveis para venda imediata","{""event"":{""eventCategory"":"""",""eventAction"":""clique:botao"",""eventLabel"":""tentar-novamente""}}","{""client_id"":""[[identificador-unico-usuario]]"",""session_id"":""[[identificador-unico-sessao]]"",""events"":[{""params"":{""cd_interaction_detail"":""click:button-tentar-novamente""},""name"":""interaction_gestao""}]}"
"Gestao","Gestao do negocio","remover","remover","Interacao em Pronta-entrega - produtos disponiveis para venda imediata","{""event"":{""eventCategory"":"""",""eventAction"":""clique:botao"",""eventLabel"":""$saleId:${status.name}""}}",""
"Gestao","Estoque RE","migrar","migrar","Interacao em Pronta-entrega - produtos disponiveis para venda imediata","{""event"":{""eventCategory"":""app-rev:sell-in-sell-out:pronta-entrega"",""eventAction"":""view:modal"",""eventLabel"":""certeza-deseja-sair""}}","{""client_id"":""[[identificador-unico-usuario]]"",""session_id"":""[[identificador-unico-sessao]]"",""events"":[{""params"":{""cd_interaction_detail"":""view:component-certeza-deseja-sair""},""name"":""interaction_gestao""}]}"
"Gestao","Vendas sellout","remover","remover","Interacao em Gerenciar vendas - lista, cadastro e cobranca de vendas sellout","{""event"":{""eventCategory"":""app-rev:gerenciar-vendas:detalhe-parcela:modal:editar-condicoes-de-pagamento"",""eventAction"":""dinamico"",""eventLabel"":""dinamico (toAnalyticsFormat)""}}",""
"Gestao","Vendas sellout","remover","remover","Interacao em Gerenciar vendas - lista, cadastro e cobranca de vendas sellout","{""event"":{""eventCategory"":""app-rev:gerenciar-vendas:detalhe-parcela:modal:editar-condicoes-de-pagamento"",""eventAction"":""interacao:campo"",""eventLabel"":""preencheu:data-do-pagamento:data-invalida:$formattedDate""}}",""
"Gestao","Vendas sellout","remover","remover","Interacao em Gerenciar vendas - lista, cadastro e cobranca de vendas sellout","{""event"":{""eventCategory"":""app-rev:gerenciar-vendas:detalhe-parcela:modal:editar-condicoes-de-pagamento"",""eventAction"":""interacao:campo"",""eventLabel"":""preencheu:valor:valor-invalido:$value""}}",""
"Gestao","Vendas sellout","remover","remover","Interacao em Gerenciar vendas - lista, cadastro e cobranca de vendas sellout","{""event"":{""eventCategory"":""app-rev:gerenciar-vendas:detalhe-parcela:modal:editar-condicoes-de-pagamento"",""eventAction"":""show:modal"",""eventLabel"":""adicionar-parcelas""}}",""
"Gestao","Vendas sellout","remover","remover","Interacao em Gerenciar vendas - lista, cadastro e cobranca de vendas sellout","{""event"":{""eventCategory"":""app-rev:gerenciar-vendas:detalhe-parcela:modal:editar-condicoes-de-pagamento"",""eventAction"":""clique:botao"",""eventLabel"":""adicionar""}}",""
"Gestao","Vendas sellout","remover","remover","Interacao em Gerenciar vendas - lista, cadastro e cobranca de vendas sellout","{""event"":{""eventCategory"":""app-rev:modal:cancelar-modal"",""eventAction"":""clique:botao"",""eventLabel"":""nao-cancelar""}}",""
"Gestao","Vendas sellout","remover","remover","Interacao em Gerenciar vendas - lista, cadastro e cobranca de vendas sellout","{""event"":{""eventCategory"":""app-rev:modal:cancelar-modal"",""eventAction"":""clique:botao"",""eventLabel"":""sim-quero-cancelar""}}",""
"Gestao","Vendas sellout","remover","remover","Interacao em Gerenciar vendas - lista, cadastro e cobranca de vendas sellout","{""event"":{""eventCategory"":""app-rev:modal:cancelar-modal"",""eventAction"":""clique:botao"",""eventLabel"":""o-cliente-desistiu-da-venda""}}",""
"Gestao","Vendas sellout","remover","remover","Interacao em Gerenciar vendas - lista, cadastro e cobranca de vendas sellout","{""event"":{""eventCategory"":""app-rev:modal:cancelar-modal"",""eventAction"":""clique:botao"",""eventLabel"":""nao-reconheco-essa-venda""}}",""
"Gestao","Vendas sellout","remover","remover","Interacao em Gerenciar vendas - lista, cadastro e cobranca de vendas sellout","{""event"":{""eventCategory"":""app-rev:modal:cancelar-modal"",""eventAction"":""clique:botao"",""eventLabel"":""outros-motivos""}}",""
"Gestao","Vendas sellout","remover","remover","Interacao em Gerenciar vendas - lista, cadastro e cobranca de vendas sellout","{""event"":{""eventCategory"":""app-rev:modal:cancelar-modal"",""eventAction"":""clique:botao"",""eventLabel"":""por-falta-de-produtos-precisei-cancelar-a-venda""}}",""
"Gestao","Vendas sellout","remover","remover","Interacao em Gerenciar vendas - lista, cadastro e cobranca de vendas sellout","{""event"":{""eventCategory"":""app-rev:modal:concluir-venda"",""eventAction"":""clique:botao"",""eventLabel"":""nao-concluir-a-venda""}}",""
"Gestao","Vendas sellout","remover","remover","Interacao em Gerenciar vendas - lista, cadastro e cobranca de vendas sellout","{""event"":{""eventCategory"":""app-rev:modal:concluir-venda"",""eventAction"":""clique:botao"",""eventLabel"":""sim-quero-concluir""}}",""
"Gestao","Vendas sellout","remover","remover","Interacao em Gerenciar vendas - lista, cadastro e cobranca de vendas sellout","{""event"":{""eventCategory"":""app-rev:gerenciar-vendas:$category"",""eventAction"":""clique:botao"",""eventLabel"":""parcelas:$quantity""}}",""
"Gestao","Vendas sellout","remover","remover","Interacao em Gerenciar vendas - lista, cadastro e cobranca de vendas sellout","{""event"":{""eventCategory"":""app-rev:gerenciar-vendas:$category"",""eventAction"":""clique:botao"",""eventLabel"":""vence-a-cada-$interval-dias""}}",""
"Gestao","Vendas sellout","remover","remover","Interacao em Gerenciar vendas - lista, cadastro e cobranca de vendas sellout","{""event"":{""eventCategory"":""app-rev:gerenciar-vendas:$category"",""eventAction"":""clique:botao"",""eventLabel"":""ir-para-relatorio""}}",""
"Gestao","Vendas sellout","remover","remover","Interacao em Gerenciar vendas - lista, cadastro e cobranca de vendas sellout","{""event"":{""eventCategory"":""app-rev:gerenciar-vendas:$category"",""eventAction"":""clique:botao"",""eventLabel"":""voltar""}}",""
"Gestao","Vendas sellout","remover","remover","Interacao em Gerenciar vendas - lista, cadastro e cobranca de vendas sellout","{""event"":{""eventCategory"":""app-rev:gerenciar-vendas:$category"",""eventAction"":""clique:botao"",""eventLabel"":""fechar-banner""}}",""
"Gestao","Vendas sellout","remover","remover","Interacao em Gerenciar vendas - lista, cadastro e cobranca de vendas sellout","{""event"":{""eventCategory"":""app-rev:gerenciar-vendas:$category"",""eventAction"":""clique:botao"",""eventLabel"":""salvar-condicoes-pagamento""}}",""
"Gestao","Vendas sellout","migrar","migrar","Interacao em Gerenciar vendas - lista, cadastro e cobranca de vendas sellout","{""event"":{""eventCategory"":""app-rev:gerenciar-vendas"",""eventAction"":""clique:botao"",""eventLabel"":""$paymentStatus:confirmar:${success ? ""}}","{""client_id"":""[[identificador-unico-usuario]]"",""session_id"":""[[identificador-unico-sessao]]"",""events"":[{""params"":{""cd_interaction_detail"":""click:button-$paymentstatus-confirmar-${success ? ""},""name"":""interaction_gestao""}]}"
"Gestao","Vendas sellout","migrar","migrar","Interacao em Gerenciar vendas - lista, cadastro e cobranca de vendas sellout","{""event"":{""eventCategory"":""app-rev:gerenciar-vendas"",""eventAction"":""clique:botao"",""eventLabel"":""excluir-venda""}}","{""client_id"":""[[identificador-unico-usuario]]"",""session_id"":""[[identificador-unico-sessao]]"",""events"":[{""params"":{""cd_interaction_detail"":""click:button-excluir-venda""},""name"":""interaction_gestao""}]}"
"Gestao","Vendas sellout","migrar","migrar","Interacao em Gerenciar vendas - lista, cadastro e cobranca de vendas sellout","{""event"":{""eventCategory"":""app-rev:gerenciar-vendas"",""eventAction"":""clique:botao"",""eventLabel"":""adicionar-informacao""}}","{""client_id"":""[[identificador-unico-usuario]]"",""session_id"":""[[identificador-unico-sessao]]"",""events"":[{""params"":{""cd_interaction_detail"":""click:button-adicionar-informacao""},""name"":""interaction_gestao""}]}"
"Gestao","Vendas sellout","migrar","migrar","Interacao em Gerenciar vendas - lista, cadastro e cobranca de vendas sellout","{""event"":{""eventCategory"":""app-rev:gerenciar-vendas"",""eventAction"":""clique:botao"",""eventLabel"":""adicionar-parcela""}}","{""client_id"":""[[identificador-unico-usuario]]"",""session_id"":""[[identificador-unico-sessao]]"",""events"":[{""params"":{""cd_interaction_detail"":""click:button-adicionar-parcela""},""name"":""interaction_gestao""}]}"
"Gestao","Vendas sellout","migrar","migrar","Interacao em Gerenciar vendas - lista, cadastro e cobranca de vendas sellout","{""event"":{""eventCategory"":""app-rev:gerenciar-vendas"",""eventAction"":""clique:botao"",""eventLabel"":""adicionar-produtos-ao-carrinho:$saleId""}}","{""client_id"":""[[identificador-unico-usuario]]"",""session_id"":""[[identificador-unico-sessao]]"",""events"":[{""params"":{""cd_interaction_detail"":""click:button-adicionar-produtos-ao-carrinho-$saleid"",""cd_id_venda"":""$saleId""},""name"":""interaction_gestao""}]}"
"Gestao","Vendas sellout","remover","remover","Interacao em Gerenciar vendas - lista, cadastro e cobranca de vendas sellout","{""event"":{""eventCategory"":""app-rev:gerenciar-vendas"",""eventAction"":""clique:botao"",""eventLabel"":""voltar""}}",""
"Gestao","Vendas sellout","migrar","migrar","Interacao em Gerenciar vendas - lista, cadastro e cobranca de vendas sellout","{""event"":{""eventCategory"":""app-rev:gerenciar-vendas"",""eventAction"":""clique:botao"",""eventLabel"":""alterar-parcelas""}}","{""client_id"":""[[identificador-unico-usuario]]"",""session_id"":""[[identificador-unico-sessao]]"",""events"":[{""params"":{""cd_interaction_detail"":""click:button-alterar-parcelas""},""name"":""interaction_gestao""}]}"
"Gestao","Vendas sellout","migrar","migrar","Interacao em Gerenciar vendas - lista, cadastro e cobranca de vendas sellout","{""event"":{""eventCategory"":""app-rev:gerenciar-vendas"",""eventAction"":""clique:botao"",""eventLabel"":""gerar-link-pagamento:$saleId""}}","{""client_id"":""[[identificador-unico-usuario]]"",""session_id"":""[[identificador-unico-sessao]]"",""events"":[{""params"":{""cd_interaction_detail"":""click:button-gerar-link-pagamento-$saleid"",""cd_id_venda"":""$saleId""},""name"":""interaction_gestao""}]}"
"Gestao","Vendas sellout","migrar","migrar","Interacao em Gerenciar vendas - lista, cadastro e cobranca de vendas sellout","{""event"":{""eventCategory"":""app-rev:gerenciar-vendas"",""eventAction"":""clique:botao"",""eventLabel"":""concluir-venda""}}","{""client_id"":""[[identificador-unico-usuario]]"",""session_id"":""[[identificador-unico-sessao]]"",""events"":[{""params"":{""cd_interaction_detail"":""click:button-concluir-venda""},""name"":""interaction_gestao""}]}"
"Gestao","Vendas sellout","remover","remover","Interacao em Gerenciar vendas - lista, cadastro e cobranca de vendas sellout","{""event"":{""eventCategory"":""app-rev:gerenciar-vendas"",""eventAction"":""clique:botao"",""eventLabel"":""editar-pagamento:$paymentStatus:$saleId""}}",""
"Gestao","Vendas sellout","migrar","migrar","Interacao em Gerenciar vendas - lista, cadastro e cobranca de vendas sellout","{""event"":{""eventCategory"":""app-rev:gerenciar-vendas"",""eventAction"":""clique:botao"",""eventLabel"":""editar-produtos""}}","{""client_id"":""[[identificador-unico-usuario]]"",""session_id"":""[[identificador-unico-sessao]]"",""events"":[{""params"":{""cd_interaction_detail"":""click:button-editar-produtos""},""name"":""interaction_gestao""}]}"
"Gestao","Vendas sellout","migrar","migrar","Interacao em Gerenciar vendas - lista, cadastro e cobranca de vendas sellout","{""event"":{""eventCategory"":""app-rev:gerenciar-vendas"",""eventAction"":""clique:botao"",""eventLabel"":""adicionar-parcelamento""}}","{""client_id"":""[[identificador-unico-usuario]]"",""session_id"":""[[identificador-unico-sessao]]"",""events"":[{""params"":{""cd_interaction_detail"":""click:button-adicionar-parcelamento""},""name"":""interaction_gestao""}]}"
"Gestao","Vendas sellout","migrar","migrar","Interacao em Gerenciar vendas - lista, cadastro e cobranca de vendas sellout","{""event"":{""eventCategory"":""app-rev:gerenciar-vendas"",""eventAction"":""clique:botao"",""eventLabel"":""compartilhar:$saleId""}}","{""client_id"":""[[identificador-unico-usuario]]"",""session_id"":""[[identificador-unico-sessao]]"",""events"":[{""params"":{""cd_interaction_detail"":""click:button-compartilhar-$saleid"",""cd_id_venda"":""$saleId""},""name"":""interaction_gestao""}]}"
"Gestao","Vendas sellout","remover","remover","Interacao em Gerenciar vendas - lista, cadastro e cobranca de vendas sellout","{""event"":{""eventCategory"":""app-rev:gerenciar-vendas"",""eventAction"":""clique:tooltip"",""eventLabel"":""info-pago-parcial""}}",""
"Gestao","Vendas sellout","migrar","migrar","Interacao em Gerenciar vendas - lista, cadastro e cobranca de vendas sellout","{""event"":{""eventCategory"":""app-rev:gerenciar-vendas"",""eventAction"":""clique:botao"",""eventLabel"":""alterar-status-pagamento:${_mapPaymentStatusToString(status)}""}}","{""client_id"":""[[identificador-unico-usuario]]"",""session_id"":""[[identificador-unico-sessao]]"",""events"":[{""params"":{""cd_interaction_detail"":""click:button-alterar-status-pagamento-${-mappaymentstatustostring(status)}""},""name"":""interaction_gestao""}]}"
"Gestao","Vendas sellout","remover","remover","Interacao em Gerenciar vendas - lista, cadastro e cobranca de vendas sellout","{""event"":{""eventCategory"":""app-rev:gerenciar-vendas"",""eventAction"":""dinamico"",""eventLabel"":""dinamico (toAnalyticsFormat)""}}",""
"Gestao","Vendas sellout","migrar","migrar","Interacao em Gerenciar vendas - lista, cadastro e cobranca de vendas sellout","{""event"":{""eventCategory"":""app-rev:gerenciar-vendas"",""eventAction"":""clique:botao"",""eventLabel"":""tentar-novamente""}}","{""client_id"":""[[identificador-unico-usuario]]"",""session_id"":""[[identificador-unico-sessao]]"",""events"":[{""params"":{""cd_interaction_detail"":""click:button-tentar-novamente""},""name"":""interaction_gestao""}]}"
"Gestao","Vendas sellout","migrar","migrar","Interacao em Gerenciar vendas - lista, cadastro e cobranca de vendas sellout","{""event"":{""eventCategory"":""app-rev:gerenciar-vendas"",""eventAction"":""callback:auto_save_sale"",""eventLabel"":""erro""}}","{""client_id"":""[[identificador-unico-usuario]]"",""session_id"":""[[identificador-unico-sessao]]"",""events"":[{""name"":""callback_vendas_auto_save_sale_error"",""params"":{""cd_error_message"":""auto-save-failed""}}]}"
"Gestao","Vendas sellout","migrar","migrar","Interacao em Gerenciar vendas - lista, cadastro e cobranca de vendas sellout","{""event"":{""eventCategory"":""app-rev:gerenciar-vendas"",""eventAction"":""callback:auto_save_sale"",""eventLabel"":""sucesso""}}","{""client_id"":""[[identificador-unico-usuario]]"",""session_id"":""[[identificador-unico-sessao]]"",""events"":[{""name"":""callback_vendas_auto_save_sale_success"",""params"":{}}]}"
"Gestao","Vendas sellout","migrar","migrar","Interacao em Gerenciar vendas - lista, cadastro e cobranca de vendas sellout","{""event"":{""eventCategory"":""app-rev:gerenciar-vendas"",""eventAction"":""callback:alterar-data"",""eventLabel"":""sucesso""}}","{""client_id"":""[[identificador-unico-usuario]]"",""session_id"":""[[identificador-unico-sessao]]"",""events"":[{""name"":""callback_vendas_change_date_success"",""params"":{}}]}"
"Gestao","Vendas sellout","migrar","migrar","Interacao em Gerenciar vendas - lista, cadastro e cobranca de vendas sellout","{""event"":{""eventCategory"":""app-rev:gerenciar-vendas"",""eventAction"":""clique:botao"",""eventLabel"":""alterar-cliente""}}","{""client_id"":""[[identificador-unico-usuario]]"",""session_id"":""[[identificador-unico-sessao]]"",""events"":[{""params"":{""cd_interaction_detail"":""click:button-alterar-cliente""},""name"":""interaction_gestao""}]}"
"Gestao","Vendas sellout","migrar","migrar","Interacao em Gerenciar vendas - lista, cadastro e cobranca de vendas sellout","{""event"":{""eventCategory"":""app-rev:gerenciar-vendas"",""eventAction"":""clique:botao"",""eventLabel"":""criar-novo-link-de-cobranca""}}","{""client_id"":""[[identificador-unico-usuario]]"",""session_id"":""[[identificador-unico-sessao]]"",""events"":[{""params"":{""cd_interaction_detail"":""click:button-criar-novo-link-de-cobranca""},""name"":""interaction_gestao""}]}"
"Gestao","Vendas sellout","remover","remover","Interacao em Gerenciar vendas - lista, cadastro e cobranca de vendas sellout","{""event"":{""eventCategory"":""app-rev:gerenciar-vendas"",""eventAction"":""clique:botao"",""eventLabel"":""editar:$sku""}}",""
"Gestao","Vendas sellout","remover","remover","Interacao em Gerenciar vendas - lista, cadastro e cobranca de vendas sellout","{""event"":{""eventCategory"":""app-rev:gerenciar-vendas"",""eventAction"":""clique:botao"",""eventLabel"":""editar-valor""}}",""
"Gestao","Vendas sellout","migrar","migrar","Interacao em Gerenciar vendas - lista, cadastro e cobranca de vendas sellout","{""event"":{""eventCategory"":""app-rev:gerenciar-vendas"",""eventAction"":""callback:nova-venda"",""eventLabel"":""sucesso""}}","{""client_id"":""[[identificador-unico-usuario]]"",""session_id"":""[[identificador-unico-sessao]]"",""events"":[{""name"":""callback_vendas_create_sale_success"",""params"":{}}]}"
"Gestao","Vendas sellout","remover","remover","Interacao em Gerenciar vendas - lista, cadastro e cobranca de vendas sellout","{""event"":{""eventCategory"":""app-rev:gerenciar-vendas"",""eventAction"":""clique:botao"",""eventLabel"":""excluir:$sku""}}",""
"Gestao","Vendas sellout","migrar","migrar","Interacao em Gerenciar vendas - lista, cadastro e cobranca de vendas sellout","{""event"":{""eventCategory"":""app-rev:gerenciar-vendas"",""eventAction"":""clique:botao"",""eventLabel"":""salvar-venda""}}","{""client_id"":""[[identificador-unico-usuario]]"",""session_id"":""[[identificador-unico-sessao]]"",""events"":[{""params"":{""cd_interaction_detail"":""click:button-salvar-venda""},""name"":""interaction_gestao""}]}"
"Gestao","Vendas sellout","migrar","migrar","Interacao em Gerenciar vendas - lista, cadastro e cobranca de vendas sellout","{""event"":{""eventCategory"":""app-rev:gerenciar-vendas"",""eventAction"":""clique:botao"",""eventLabel"":""selecionar-cliente""}}","{""client_id"":""[[identificador-unico-usuario]]"",""session_id"":""[[identificador-unico-sessao]]"",""events"":[{""params"":{""cd_interaction_detail"":""click:button-selecionar-cliente""},""name"":""interaction_gestao""}]}"
"Gestao","Vendas sellout","migrar","migrar","Interacao em Gerenciar vendas - lista, cadastro e cobranca de vendas sellout","{""event"":{""eventCategory"":""app-rev:gerenciar-vendas"",""eventAction"":""clique:botao"",""eventLabel"":""selecionar-produto""}}","{""client_id"":""[[identificador-unico-usuario]]"",""session_id"":""[[identificador-unico-sessao]]"",""events"":[{""params"":{""cd_interaction_detail"":""click:button-selecionar-produto""},""name"":""interaction_gestao""}]}"
"Gestao","Vendas sellout","migrar","migrar","Interacao em Gerenciar vendas - lista, cadastro e cobranca de vendas sellout","{""event"":{""eventCategory"":""app-rev:gerenciar-vendas"",""eventAction"":""clique:botao"",""eventLabel"":""tentar-novamente""}}","{""client_id"":""[[identificador-unico-usuario]]"",""session_id"":""[[identificador-unico-sessao]]"",""events"":[{""params"":{""cd_interaction_detail"":""click:button-tentar-novamente""},""name"":""interaction_gestao""}]}"
"Gestao","Vendas sellout","remover","remover","Interacao em Gerenciar vendas - lista, cadastro e cobranca de vendas sellout","{""event"":{""eventCategory"":""app-rev:gerenciar-vendas"",""eventAction"":""clique:botao"",""eventLabel"":""alterar-data""}}",""
"Gestao","Vendas sellout","remover","remover","Interacao em Gerenciar vendas - lista, cadastro e cobranca de vendas sellout","{""event"":{""eventCategory"":""app-rev:gerenciar-vendas"",""eventAction"":""clique:botao"",""eventLabel"":""cliente-nao-pagou""}}",""
"Gestao","Vendas sellout","remover","remover","Interacao em Gerenciar vendas - lista, cadastro e cobranca de vendas sellout","{""event"":{""eventCategory"":""app-rev:gerenciar-vendas:confirmar-sair"",""eventAction"":""clique:botao"",""eventLabel"":""""}}",""
"Gestao","Vendas sellout","remover","remover","Interacao em Gerenciar vendas - lista, cadastro e cobranca de vendas sellout","{""event"":{""eventCategory"":""app-rev:gerenciar-vendas:confirmar-sair"",""eventAction"":""clique:botao"",""eventLabel"":""continuar-editando""}}",""
"Gestao","Vendas sellout","migrar","migrar","Interacao em Gerenciar vendas - lista, cadastro e cobranca de vendas sellout","{""event"":{""eventCategory"":""app-rev:gerenciar-vendas:venda-adicionada"",""eventAction"":""clique:botao"",""eventLabel"":""adicionar-nova-venda""}}","{""client_id"":""[[identificador-unico-usuario]]"",""session_id"":""[[identificador-unico-sessao]]"",""events"":[{""params"":{""cd_interaction_detail"":""click:button-adicionar-nova-venda""},""name"":""interaction_gestao""}]}"
"Gestao","Vendas sellout","migrar","migrar","Interacao em Gerenciar vendas - lista, cadastro e cobranca de vendas sellout","{""event"":{""eventCategory"":""app-rev:gerenciar-vendas:venda-adicionada"",""eventAction"":""clique:botao"",""eventLabel"":""adicionar-parcelas-e-datas""}}","{""client_id"":""[[identificador-unico-usuario]]"",""session_id"":""[[identificador-unico-sessao]]"",""events"":[{""params"":{""cd_interaction_detail"":""click:button-adicionar-parcelas-e-datas""},""name"":""interaction_gestao""}]}"
"Gestao","Vendas sellout","migrar","migrar","Interacao em Gerenciar vendas - lista, cadastro e cobranca de vendas sellout","{""event"":{""eventCategory"":""app-rev:gerenciar-vendas:venda-adicionada"",""eventAction"":""clique:botao"",""eventLabel"":""gerar-link-de-pagamento""}}","{""client_id"":""[[identificador-unico-usuario]]"",""session_id"":""[[identificador-unico-sessao]]"",""events"":[{""params"":{""cd_interaction_detail"":""click:button-gerar-link-de-pagamento""},""name"":""interaction_gestao""}]}"
"Gestao","Vendas sellout","migrar","migrar","Interacao em Gerenciar vendas - lista, cadastro e cobranca de vendas sellout","{""event"":{""eventCategory"":""app-rev:gerenciar-vendas:venda-adicionada"",""eventAction"":""clique:botao"",""eventLabel"":""sair""}}","{""client_id"":""[[identificador-unico-usuario]]"",""session_id"":""[[identificador-unico-sessao]]"",""events"":[{""params"":{""cd_interaction_detail"":""click:button-sair""},""name"":""interaction_gestao""}]}"
"Gestao","Vendas sellout","migrar","migrar","Interacao em Gerenciar vendas - lista, cadastro e cobranca de vendas sellout","{""event"":{""eventCategory"":""app-rev:gerenciar-vendas"",""eventAction"":""clique:botao"",""eventLabel"":""criar-novo-link-de-cobranca""}}","{""client_id"":""[[identificador-unico-usuario]]"",""session_id"":""[[identificador-unico-sessao]]"",""events"":[{""params"":{""cd_interaction_detail"":""click:button-criar-novo-link-de-cobranca""},""name"":""interaction_gestao""}]}"
"Gestao","Carteira de clientes","migrar","migrar","Interacao em Gerenciar vendas - lista, cadastro e cobranca de vendas sellout","{""event"":{""eventCategory"":""app-rev:gestao:organizar-vendas:adicionar-cliente"",""eventAction"":""clique:botao"",""eventLabel"":""importar-contatos""}}","{""client_id"":""[[identificador-unico-usuario]]"",""session_id"":""[[identificador-unico-sessao]]"",""events"":[{""params"":{""cd_interaction_detail"":""click:button-importar-contatos""},""name"":""interaction_gestao""}]}"
"Gestao","Carteira de clientes","migrar","migrar","Interacao em Gerenciar vendas - lista, cadastro e cobranca de vendas sellout","{""event"":{""eventCategory"":""app-rev:gestao:organizar-vendas:adicionar-cliente"",""eventAction"":""clique:botao"",""eventLabel"":""informacao-telefone""}}","{""client_id"":""[[identificador-unico-usuario]]"",""session_id"":""[[identificador-unico-sessao]]"",""events"":[{""params"":{""cd_interaction_detail"":""click:button-informacao-telefone""},""name"":""interaction_gestao""}]}"
"Gestao","Vendas sellout","migrar","migrar","Interacao em Gerenciar vendas - lista, cadastro e cobranca de vendas sellout","{""event"":{""eventCategory"":""app-rev:gerenciar-vendas:adicionar-venda-rapida:adicionar-produto"",""eventAction"":""clique:botao"",""eventLabel"":""salvar-venda-rapida""}}","{""client_id"":""[[identificador-unico-usuario]]"",""session_id"":""[[identificador-unico-sessao]]"",""events"":[{""params"":{""cd_interaction_detail"":""click:button-salvar-venda-rapida""},""name"":""interaction_gestao""}]}"
"Gestao","Vendas sellout","migrar","migrar","Interacao em Gerenciar vendas - lista, cadastro e cobranca de vendas sellout","{""event"":{""eventCategory"":""app-rev:gerenciar-vendas:adicionar-venda-rapida:adicionar-produto"",""eventAction"":""click:toast"",""eventLabel"":""venda-rapida-adicionada:complementar-venda""}}","{""client_id"":""[[identificador-unico-usuario]]"",""session_id"":""[[identificador-unico-sessao]]"",""events"":[{""params"":{""cd_interaction_detail"":""click:button-venda-rapida-adicionada""},""name"":""interaction_gestao""}]}"
"Gestao","Vendas sellout","migrar","migrar","Interacao em Gerenciar vendas - lista, cadastro e cobranca de vendas sellout","{""event"":{""eventCategory"":""app-rev:gerenciar-vendas:adicionar-venda-rapida:adicionar-produto"",""eventAction"":""view:toast"",""eventLabel"":""venda-rapida-adicionada""}}","{""client_id"":""[[identificador-unico-usuario]]"",""session_id"":""[[identificador-unico-sessao]]"",""events"":[{""params"":{""cd_interaction_detail"":""click:button-venda-rapida-adicionada""},""name"":""interaction_gestao""}]}"
"Gestao","Vendas sellout","migrar","migrar","Interacao em Gerenciar vendas - lista, cadastro e cobranca de vendas sellout","{""event"":{""eventCategory"":""app-rev:gerenciar-vendas-selecionar-produtos"",""eventAction"":""clique:botao"",""eventLabel"":""tentar-novamente""}}","{""client_id"":""[[identificador-unico-usuario]]"",""session_id"":""[[identificador-unico-sessao]]"",""events"":[{""params"":{""cd_interaction_detail"":""click:button-tentar-novamente""},""name"":""interaction_gestao""}]}"
"Gestao","Vendas sellout","remover","remover","Interacao em Gerenciar vendas - lista, cadastro e cobranca de vendas sellout","{""event"":{""eventCategory"":""app-rev:gerenciar-vendas-selecionar-produtos"",""eventAction"":""clique:botao"",""eventLabel"":""voltar-para-a-venda""}}",""
"Gestao","Vendas sellout","remover","remover","Interacao em Gerenciar vendas - lista, cadastro e cobranca de vendas sellout","{""event"":{""eventCategory"":""app-rev:gerenciar-vendas-selecionar-produtos"",""eventAction"":""clique:botao"",""eventLabel"":""fechar""}}",""
"Gestao","Vendas sellout","migrar","migrar","Interacao em Gerenciar vendas - lista, cadastro e cobranca de vendas sellout","{""event"":{""eventCategory"":""app-rev:gerenciar-vendas-selecionar-produtos"",""eventAction"":""clique:botao"",""eventLabel"":""confirmar-selecao-produto""}}","{""client_id"":""[[identificador-unico-usuario]]"",""session_id"":""[[identificador-unico-sessao]]"",""events"":[{""params"":{""cd_interaction_detail"":""click:button-confirmar-selecao-produto""},""name"":""interaction_gestao""}]}"
"Gestao","Vendas sellout","migrar","migrar","Interacao em Gerenciar vendas - lista, cadastro e cobranca de vendas sellout","{""event"":{""eventCategory"":""app-rev:gerenciar-vendas-selecionar-produtos"",""eventAction"":""clique:botao"",""eventLabel"":""outras-marcas-$parsedName""}}","{""client_id"":""[[identificador-unico-usuario]]"",""session_id"":""[[identificador-unico-sessao]]"",""events"":[{""params"":{""cd_interaction_detail"":""click:button-outras-marcas-$parsedname""},""name"":""interaction_gestao""}]}"
"Gestao","Vendas sellout","migrar","migrar","Interacao em Gerenciar vendas - lista, cadastro e cobranca de vendas sellout","{""event"":{""eventCategory"":""app-rev:gerenciar-vendas"",""eventAction"":""clique:botao"",""eventLabel"":""tentar-novamente""}}","{""client_id"":""[[identificador-unico-usuario]]"",""session_id"":""[[identificador-unico-sessao]]"",""events"":[{""params"":{""cd_interaction_detail"":""click:button-tentar-novamente""},""name"":""interaction_gestao""}]}"
"Gestao","Vendas sellout","migrar","migrar","Interacao em Gerenciar vendas - lista, cadastro e cobranca de vendas sellout","{""event"":{""eventCategory"":""app-rev:gerenciar-vendas"",""eventAction"":""clique:botao"",""eventLabel"":""adicionar-produto-a-venda""}}","{""client_id"":""[[identificador-unico-usuario]]"",""session_id"":""[[identificador-unico-sessao]]"",""events"":[{""params"":{""cd_interaction_detail"":""click:button-adicionar-produto-a-venda""},""name"":""interaction_gestao""}]}"
"Gestao","Vendas sellout","remover","remover","Interacao em Gerenciar vendas - lista, cadastro e cobranca de vendas sellout","{""event"":{""eventCategory"":""app-rev:gerenciar-vendas"",""eventAction"":""clique:botao"",""eventLabel"":""voltar-para-a-venda""}}",""
"Gestao","Vendas sellout","remover","remover","Interacao em Gerenciar vendas - lista, cadastro e cobranca de vendas sellout","{""event"":{""eventCategory"":""app-rev:gerenciar-vendas"",""eventAction"":""clique:icone"",""eventLabel"":""codigo-de-barras""}}",""
"Gestao","Vendas sellout","remover","remover","Interacao em Gerenciar vendas - lista, cadastro e cobranca de vendas sellout","{""event"":{""eventCategory"":""app-rev:gerenciar-vendas"",""eventAction"":""clique:botao"",""eventLabel"":""$sku:adicionar""}}",""
"Gestao","Vendas sellout","remover","remover","Interacao em Gerenciar vendas - lista, cadastro e cobranca de vendas sellout","{""event"":{""eventCategory"":""app-rev:gerenciar-vendas"",""eventAction"":""clique:botao"",""eventLabel"":""selecionar-busca-produto""}}",""
"Gestao","Vendas sellout","remover","remover","Interacao em Gerenciar vendas - lista, cadastro e cobranca de vendas sellout","{""event"":{""eventCategory"":""app-rev:gerenciar-vendas"",""eventAction"":""clique:botao"",""eventLabel"":""outras-marcas-$parsedName""}}",""
"Gestao","Carteira de clientes","migrar","migrar","Interacao em Gerenciar vendas - lista, cadastro e cobranca de vendas sellout","{""event"":{""eventCategory"":""app-rev:gerenciar-vendas:cobrar-cliente"",""eventAction"":""clique:botao"",""eventLabel"":""cobrar-todos-valores-nao-pagos""}}","{""client_id"":""[[identificador-unico-usuario]]"",""session_id"":""[[identificador-unico-sessao]]"",""events"":[{""params"":{""cd_interaction_detail"":""click:button-cobrar-todos-valores-nao-pagos""},""name"":""interaction_gestao""}]}"
"Gestao","Carteira de clientes","migrar","migrar","Interacao em Gerenciar vendas - lista, cadastro e cobranca de vendas sellout","{""event"":{""eventCategory"":""app-rev:gerenciar-vendas:cobrar-cliente"",""eventAction"":""clique:botao"",""eventLabel"":""cobrar-parcela-individual""}}","{""client_id"":""[[identificador-unico-usuario]]"",""session_id"":""[[identificador-unico-sessao]]"",""events"":[{""params"":{""cd_interaction_detail"":""click:button-cobrar-parcela-individual""},""name"":""interaction_gestao""}]}"
"Gestao","Carteira de clientes","remover","remover","Interacao em Gerenciar vendas - lista, cadastro e cobranca de vendas sellout","{""event"":{""eventCategory"":""app-rev:gerenciar-vendas:cobrar-cliente"",""eventAction"":""clique:botao"",""eventLabel"":""voltar""}}",""
"Gestao","Carteira de clientes","migrar","migrar","Interacao em Gerenciar vendas - lista, cadastro e cobranca de vendas sellout","{""event"":{""eventCategory"":""app-rev:gerenciar-vendas:cobrar-cliente"",""eventAction"":""clique:botao"",""eventLabel"":""habilitar-link-pagamento""}}","{""client_id"":""[[identificador-unico-usuario]]"",""session_id"":""[[identificador-unico-sessao]]"",""events"":[{""params"":{""cd_interaction_detail"":""click:button-habilitar-link-pagamento""},""name"":""interaction_gestao""}]}"
"Gestao","Carteira de clientes","migrar","migrar","Interacao em Gerenciar vendas - lista, cadastro e cobranca de vendas sellout","{""event"":{""eventCategory"":""app-rev:gerenciar-vendas:cobrar-cliente"",""eventAction"":""clique:botao"",""eventLabel"":""compartilhar-lembrete""}}","{""client_id"":""[[identificador-unico-usuario]]"",""session_id"":""[[identificador-unico-sessao]]"",""events"":[{""params"":{""cd_interaction_detail"":""click:button-compartilhar-lembrete""},""name"":""interaction_gestao""}]}"
"Gestao","Carteira de clientes","migrar","migrar","Interacao em Gerenciar vendas - lista, cadastro e cobranca de vendas sellout","{""event"":{""eventCategory"":""app-rev:gerenciar-vendas:cobrar-cliente"",""eventAction"":""clique:botao"",""eventLabel"":""selecionar-data-lembrete""}}","{""client_id"":""[[identificador-unico-usuario]]"",""session_id"":""[[identificador-unico-sessao]]"",""events"":[{""params"":{""cd_interaction_detail"":""click:button-selecionar-data-lembrete""},""name"":""interaction_gestao""}]}"
"Gestao","Carteira de clientes","migrar","migrar","Interacao em Gerenciar vendas - lista, cadastro e cobranca de vendas sellout","{""event"":{""eventCategory"":""app-rev:gerenciar-vendas:cobrar-cliente"",""eventAction"":""clique:botao"",""eventLabel"":""selecionar-valor-cobranca""}}","{""client_id"":""[[identificador-unico-usuario]]"",""session_id"":""[[identificador-unico-sessao]]"",""events"":[{""params"":{""cd_interaction_detail"":""click:button-selecionar-valor-cobranca""},""name"":""interaction_gestao""}]}"
"Gestao","Carteira de clientes","migrar","migrar","Interacao em Gerenciar vendas - lista, cadastro e cobranca de vendas sellout","{""event"":{""eventCategory"":""app-rev:gerenciar-vendas:cobrar-cliente"",""eventAction"":""clique:botao"",""eventLabel"":""exibir-todas-as-parcelas""}}","{""client_id"":""[[identificador-unico-usuario]]"",""session_id"":""[[identificador-unico-sessao]]"",""events"":[{""params"":{""cd_interaction_detail"":""click:button-exibir-todas-as-parcelas""},""name"":""interaction_gestao""}]}"
"Gestao","Carteira de clientes","migrar","migrar","Interacao em Gerenciar vendas - lista, cadastro e cobranca de vendas sellout","{""event"":{""eventCategory"":""app-rev:gerenciar-vendas:cobrar-cliente"",""eventAction"":""clique:botao"",""eventLabel"":""visualizar-previa-lembrete""}}","{""client_id"":""[[identificador-unico-usuario]]"",""session_id"":""[[identificador-unico-sessao]]"",""events"":[{""params"":{""cd_interaction_detail"":""click:button-visualizar-previa-lembrete""},""name"":""interaction_gestao""}]}"
"Gestao","Carteira de clientes","migrar","migrar","Interacao em Gerenciar vendas - lista, cadastro e cobranca de vendas sellout","{""event"":{""eventCategory"":""app-rev:gerenciar-vendas:cobrar-cliente"",""eventAction"":""clique:botao"",""eventLabel"":""visualizar-tooltip""}}","{""client_id"":""[[identificador-unico-usuario]]"",""session_id"":""[[identificador-unico-sessao]]"",""events"":[{""params"":{""cd_interaction_detail"":""click:button-visualizar-tooltip""},""name"":""interaction_gestao""}]}"
"Gestao","Vendas sellout","remover","remover","Interacao em Gerenciar vendas - lista, cadastro e cobranca de vendas sellout","{""event"":{""eventCategory"":""app-rev:gerenciar-vendas:opcoes-cobranca"",""eventAction"":""clique:botao"",""eventLabel"":""voltar""}}",""
"Gestao","Vendas sellout","remover","remover","Interacao em Gerenciar vendas - lista, cadastro e cobranca de vendas sellout","{""event"":{""eventCategory"":""app-rev:gerenciar-vendas:opcoes-cobranca"",""eventAction"":""clique:botao"",""eventLabel"":""cobrar-com-link""}}",""
"Gestao","Vendas sellout","remover","remover","Interacao em Gerenciar vendas - lista, cadastro e cobranca de vendas sellout","{""event"":{""eventCategory"":""app-rev:gerenciar-vendas:opcoes-cobranca"",""eventAction"":""clique:botao"",""eventLabel"":""cobrar-com-lembrete""}}",""
"Gestao","Vendas sellout","remover","remover","Interacao em Gerenciar vendas - lista, cadastro e cobranca de vendas sellout","{""event"":{""eventCategory"":""app-rev:gerenciar-vendas:modal:parcelas-a-receber"",""eventAction"":""clique:botao"",""eventLabel"":""fechar""}}",""
"Gestao","Vendas sellout","remover","remover","Interacao em Gerenciar vendas - lista, cadastro e cobranca de vendas sellout","{""event"":{""eventCategory"":""app-rev:gerenciar-vendas:modal:parcelas-a-receber"",""eventAction"":""clique:botao"",""eventLabel"":""selecionar-parcela-$installment""}}",""
"Gestao","Vendas sellout","remover","remover","Interacao em Gerenciar vendas - lista, cadastro e cobranca de vendas sellout","{""event"":{""eventCategory"":""app-rev:gerenciar-vendas:modal:parcelas-a-receber"",""eventAction"":""clique:botao"",""eventLabel"":""enviar-cobranca""}}",""
"Gestao","Vendas sellout","remover","remover","Interacao em Gerenciar vendas - lista, cadastro e cobranca de vendas sellout","{""event"":{""eventCategory"":""app-rev:gerenciar-vendas:enviar-lembrete"",""eventAction"":""clique:botao"",""eventLabel"":""voltar""}}",""
"Gestao","Vendas sellout","migrar","migrar","Interacao em Gerenciar vendas - lista, cadastro e cobranca de vendas sellout","{""event"":{""eventCategory"":""app-rev:gerenciar-vendas:enviar-lembrete"",""eventAction"":""clique:botao"",""eventLabel"":""enviar-lembrete""}}","{""client_id"":""[[identificador-unico-usuario]]"",""session_id"":""[[identificador-unico-sessao]]"",""events"":[{""params"":{""cd_interaction_detail"":""click:button-enviar-lembrete""},""name"":""interaction_gestao""}]}"
"Gestao","Vendas sellout","remover","remover","Interacao em Gerenciar vendas - lista, cadastro e cobranca de vendas sellout","{""event"":{""eventCategory"":""app-rev:gerenciar-vendas:enviar-lembrete"",""eventAction"":""clique:botao"",""eventLabel"":""selecionar-data-lembrete""}}",""
"Gestao","Vendas sellout","remover","remover","Interacao em Gerenciar vendas - lista, cadastro e cobranca de vendas sellout","{""event"":{""eventCategory"":""app-rev:gerenciar-vendas:enviar-lembrete"",""eventAction"":""clique:botao"",""eventLabel"":""visualizar-previa-lembrete""}}",""
"Gestao","Vendas sellout","remover","remover","Interacao em Gerenciar vendas - lista, cadastro e cobranca de vendas sellout","{""event"":{""eventCategory"":""app-rev:gerenciar-vendas:enviar-lembrete"",""eventAction"":""clique:botao"",""eventLabel"":""visualizar-tooltip""}}",""
"Gestao","Vendas sellout","migrar","migrar","Interacao em Gerenciar vendas - lista, cadastro e cobranca de vendas sellout","{""event"":{""eventCategory"":""app-rev:gerenciar-vendas:cobrar-cliente-pagamento"",""eventAction"":""interacao:campo"",""eventLabel"":""preencheu:valor-acima-do-total""}}","{""client_id"":""[[identificador-unico-usuario]]"",""session_id"":""[[identificador-unico-sessao]]"",""events"":[{""params"":{""cd_interaction_detail"":""input:field-preencheu:valor-acima-do-total""},""name"":""interaction_gestao""}]}"
"Gestao","Vendas sellout","migrar","migrar","Interacao em Gerenciar vendas - lista, cadastro e cobranca de vendas sellout","{""event"":{""eventCategory"":""app-rev:gerenciar-vendas:cobrar-cliente-pagamento"",""eventAction"":""clique:botao"",""eventLabel"":""copiar-pix""}}","{""client_id"":""[[identificador-unico-usuario]]"",""session_id"":""[[identificador-unico-sessao]]"",""events"":[{""params"":{""cd_interaction_detail"":""click:button-copiar-pix""},""name"":""interaction_gestao""}]}"
"Gestao","Vendas sellout","migrar","migrar","Interacao em Gerenciar vendas - lista, cadastro e cobranca de vendas sellout","{""event"":{""eventCategory"":""app-rev:gerenciar-vendas:cobrar-cliente-pagamento"",""eventAction"":""clique:botao"",""eventLabel"":""gerar-link:customizado""}}","{""client_id"":""[[identificador-unico-usuario]]"",""session_id"":""[[identificador-unico-sessao]]"",""events"":[{""params"":{""cd_interaction_detail"":""click:button-gerar-link-customizado""},""name"":""interaction_gestao""}]}"
"Gestao","Vendas sellout","migrar","migrar","Interacao em Gerenciar vendas - lista, cadastro e cobranca de vendas sellout","{""event"":{""eventCategory"":""app-rev:gerenciar-vendas:cobrar-cliente-pagamento"",""eventAction"":""clique:botao"",""eventLabel"":""gerar-link""}}","{""client_id"":""[[identificador-unico-usuario]]"",""session_id"":""[[identificador-unico-sessao]]"",""events"":[{""params"":{""cd_interaction_detail"":""click:button-gerar-link""},""name"":""interaction_gestao""}]}"
"Gestao","Vendas sellout","migrar","migrar","Interacao em Gerenciar vendas - lista, cadastro e cobranca de vendas sellout","{""event"":{""eventCategory"":""app-rev:gerenciar-vendas:cobrar-cliente-pagamento"",""eventAction"":""clique:botao"",""eventLabel"":""enviar-mensagem-pix""}}","{""client_id"":""[[identificador-unico-usuario]]"",""session_id"":""[[identificador-unico-sessao]]"",""events"":[{""params"":{""cd_interaction_detail"":""click:button-enviar-mensagem-pix""},""name"":""interaction_gestao""}]}"
"Gestao","Carteira de clientes","remover","remover","Interacao em Gerenciar vendas - lista, cadastro e cobranca de vendas sellout","{""event"":{""eventCategory"":""app-rev:gerenciar-clientes:recebimentos"",""eventAction"":""clique:icone"",""eventLabel"":""voltar""}}",""
"Gestao","Carteira de clientes","remover","remover","Interacao em Gerenciar vendas - lista, cadastro e cobranca de vendas sellout","{""event"":{""eventCategory"":""app-rev:gerenciar-clientes:recebimentos"",""eventAction"":""clique:botao"",""eventLabel"":""adicionar-venda""}}",""
"Gestao","Carteira de clientes","remover","remover","Interacao em Gerenciar vendas - lista, cadastro e cobranca de vendas sellout","{""event"":{""eventCategory"":""app-rev:gerenciar-clientes:recebimentos"",""eventAction"":""clique:botao"",""eventLabel"":""pesquisa-in-app""}}",""
"Gestao","Carteira de clientes","remover","remover","Interacao em Gerenciar vendas - lista, cadastro e cobranca de vendas sellout","{""event"":{""eventCategory"":""app-rev:gerenciar-clientes:recebimentos"",""eventAction"":""clique:botao"",""eventLabel"":""filtro:${filter.toAnalyticsFormat()}""}}",""
"Gestao","Carteira de clientes","remover","remover","Interacao em Gerenciar vendas - lista, cadastro e cobranca de vendas sellout","{""event"":{""eventCategory"":""app-rev:gerenciar-clientes:recebimentos"",""eventAction"":""clique:botao"",""eventLabel"":""view-tooltip""}}",""
"Gestao","Carteira de clientes","remover","remover","Interacao em Gerenciar vendas - lista, cadastro e cobranca de vendas sellout","{""event"":{""eventCategory"":""app-rev:gerenciar-clientes:recebimentos"",""eventAction"":""clique:botao"",""eventLabel"":""consultar-detalhes""}}",""
"Gestao","Carteira de clientes","remover","remover","Interacao em Gerenciar vendas - lista, cadastro e cobranca de vendas sellout","{""event"":{""eventCategory"":""app-rev:gerenciar-clientes:recebimentos"",""eventAction"":""clique:botao"",""eventLabel"":""enviar-lembrete""}}",""
"Gestao","Carteira de clientes","remover","remover","Interacao em Gerenciar vendas - lista, cadastro e cobranca de vendas sellout","{""event"":{""eventCategory"":""app-rev:gerenciar-clientes:recebimentos"",""eventAction"":""clique:icone"",""eventLabel"":""parcela-alvo:fechar""}}",""
"Gestao","Carteira de clientes","remover","remover","Interacao em Gerenciar vendas - lista, cadastro e cobranca de vendas sellout","{""event"":{""eventCategory"":""app-rev:gerenciar-clientes:recebimentos"",""eventAction"":""clique:botao"",""eventLabel"":""parcela-alvo:enviar-lembrete""}}",""
"Gestao","Carteira de clientes","remover","remover","Interacao em Gerenciar vendas - lista, cadastro e cobranca de vendas sellout","{""event"":{""eventCategory"":""app-rev:gerenciar-clientes:recebimentos"",""eventAction"":""clique:icone"",""eventLabel"":""parcela-alvo:fechar-pesquisa""}}",""
"Gestao","Carteira de clientes","remover","remover","Interacao em Gerenciar vendas - lista, cadastro e cobranca de vendas sellout","{""event"":{""eventCategory"":""app-rev:gerenciar-clientes:recebimentos"",""eventAction"":""clique:botao"",""eventLabel"":""parcela-alvo:abrir-pesquisa""}}",""
"Gestao","Carteira de clientes","remover","remover","Interacao em Gerenciar vendas - lista, cadastro e cobranca de vendas sellout","{""event"":{""eventCategory"":""app-rev:gerenciar-clientes:recebimentos"",""eventAction"":""visualizacao:widget"",""eventLabel"":""parcela-alvo:widget""}}",""
"Gestao","Carteira de clientes","remover","remover","Interacao em Gerenciar vendas - lista, cadastro e cobranca de vendas sellout","{""event"":{""eventCategory"":""app-rev:gerenciar-clientes:recebimentos"",""eventAction"":""clique:botao"",""eventLabel"":""tentar-novamente""}}",""
"Gestao","Vendas sellout","remover","remover","Interacao em Gerenciar vendas - lista, cadastro e cobranca de vendas sellout","{""event"":{""eventCategory"":""app-rev:gerenciar-vendas"",""eventAction"":""clique:botao"",""eventLabel"":""aplicar-filtros""}}",""
"Gestao","Vendas sellout","remover","remover","Interacao em Gerenciar vendas - lista, cadastro e cobranca de vendas sellout","{""event"":{""eventCategory"":""app-rev:gerenciar-vendas"",""eventAction"":""clique:icone"",""eventLabel"":""fechar""}}",""
"Gestao","Vendas sellout","remover","remover","Interacao em Gerenciar vendas - lista, cadastro e cobranca de vendas sellout","{""event"":{""eventCategory"":""app-rev:gerenciar-vendas"",""eventAction"":""clique:botao"",""eventLabel"":""remover-filtros""}}",""
"Gestao","Vendas sellout","remover","remover","Interacao em Gerenciar vendas - lista, cadastro e cobranca de vendas sellout","{""event"":{""eventCategory"":""app-rev:gerenciar-vendas"",""eventAction"":""clique:botao"",""eventLabel"":""finalizar""}}",""
"Gestao","Vendas sellout","remover","remover","Interacao em Gerenciar vendas - lista, cadastro e cobranca de vendas sellout","{""event"":{""eventCategory"":""app-rev:gerenciar-vendas"",""eventAction"":""clique:botao"",""eventLabel"":""proximo""}}",""
"Gestao","Vendas sellout","remover","remover","Interacao em Gerenciar vendas - lista, cadastro e cobranca de vendas sellout","{""event"":{""eventCategory"":""app-rev:gerenciar-vendas"",""eventAction"":""clique:botao"",""eventLabel"":""anterior""}}",""
"Gestao","Vendas sellout","remover","remover","Interacao em Gerenciar vendas - lista, cadastro e cobranca de vendas sellout","{""event"":{""eventCategory"":""app-rev:gerenciar-vendas"",""eventAction"":""clique:botao"",""eventLabel"":""pular""}}",""
"Gestao","Vendas sellout","remover","remover","Interacao em Gerenciar vendas - lista, cadastro e cobranca de vendas sellout","{""event"":{""eventCategory"":""app-rev:gerenciar-vendas"",""eventAction"":""video:youtube"",""eventLabel"":""termino-tutorial-video-link-pagamento""}}",""
"Gestao","Vendas sellout","remover","remover","Interacao em Gerenciar vendas - lista, cadastro e cobranca de vendas sellout","{""event"":{""eventCategory"":""app-rev:gerenciar-vendas"",""eventAction"":""video:youtube"",""eventLabel"":""pausa-tutorial-video-link-pagamento""}}",""
"Gestao","Vendas sellout","remover","remover","Interacao em Gerenciar vendas - lista, cadastro e cobranca de vendas sellout","{""event"":{""eventCategory"":""app-rev:gerenciar-vendas"",""eventAction"":""clique:botao"",""eventLabel"":""finalizar""}}",""
"Gestao","Vendas sellout","remover","remover","Interacao em Gerenciar vendas - lista, cadastro e cobranca de vendas sellout","{""event"":{""eventCategory"":""app-rev:gerenciar-vendas"",""eventAction"":""clique:botao"",""eventLabel"":""proximo""}}",""
"Gestao","Vendas sellout","remover","remover","Interacao em Gerenciar vendas - lista, cadastro e cobranca de vendas sellout","{""event"":{""eventCategory"":""app-rev:gerenciar-vendas"",""eventAction"":""clique:botao"",""eventLabel"":""anterior""}}",""
"Gestao","Vendas sellout","remover","remover","Interacao em Gerenciar vendas - lista, cadastro e cobranca de vendas sellout","{""event"":{""eventCategory"":""app-rev:gerenciar-vendas"",""eventAction"":""clique:botao"",""eventLabel"":""pular""}}",""
"Gestao","Vendas sellout","remover","remover","Interacao em Gerenciar vendas - lista, cadastro e cobranca de vendas sellout","{""event"":{""eventCategory"":""app-rev:gerenciar-vendas"",""eventAction"":""video:youtube"",""eventLabel"":""start-tutorial-video-link-pagamento""}}",""
"Gestao","Vendas sellout","migrar","migrar","Interacao em Gerenciar vendas - lista, cadastro e cobranca de vendas sellout","{""event"":{""eventCategory"":""$eventCategory:conversion"",""eventAction"":""conversion"",""eventLabel"":""salvar-vendas:${Intl.pluralLogic(\r\n            salesCount,\r\n            one: ""}}","{""client_id"":""[[identificador-unico-usuario]]"",""session_id"":""[[identificador-unico-sessao]]"",""events"":[{""params"":{""cd_interaction_detail"":""click:button-salvar-vendas""},""name"":""interaction_gestao""}]}"
"Gestao","Vendas sellout","migrar","migrar","Interacao em Gerenciar vendas - lista, cadastro e cobranca de vendas sellout","{""event"":{""eventCategory"":""app-rev:gestao:organizar-vendas"",""eventAction"":""clique:botao"",""eventLabel"":""adicionar-nova-venda""}}","{""client_id"":""[[identificador-unico-usuario]]"",""session_id"":""[[identificador-unico-sessao]]"",""events"":[{""params"":{""cd_interaction_detail"":""click:button-adicionar-nova-venda""},""name"":""interaction_gestao""}]}"
"Gestao","Vendas sellout","migrar","migrar","Interacao em Gerenciar vendas - lista, cadastro e cobranca de vendas sellout","{""event"":{""eventCategory"":""app-rev:gestao:organizar-vendas"",""eventAction"":""clique:botao"",""eventLabel"":""alterar-cliente""}}","{""client_id"":""[[identificador-unico-usuario]]"",""session_id"":""[[identificador-unico-sessao]]"",""events"":[{""params"":{""cd_interaction_detail"":""click:button-alterar-cliente""},""name"":""interaction_gestao""}]}"
"Gestao","Vendas sellout","migrar","migrar","Interacao em Gerenciar vendas - lista, cadastro e cobranca de vendas sellout","{""event"":{""eventCategory"":""app-rev:gestao:organizar-vendas"",""eventAction"":""clique:botao"",""eventLabel"":""alterar-data""}}","{""client_id"":""[[identificador-unico-usuario]]"",""session_id"":""[[identificador-unico-sessao]]"",""events"":[{""params"":{""cd_interaction_detail"":""click:button-alterar-data""},""name"":""interaction_gestao""}]}"
"Gestao","Vendas sellout","migrar","migrar","Interacao em Gerenciar vendas - lista, cadastro e cobranca de vendas sellout","{""event"":{""eventCategory"":""app-rev:gestao:organizar-vendas"",""eventAction"":""clique:botao"",""eventLabel"":""remover-produto""}}","{""client_id"":""[[identificador-unico-usuario]]"",""session_id"":""[[identificador-unico-sessao]]"",""events"":[{""params"":{""cd_interaction_detail"":""click:button-remover-produto""},""name"":""interaction_gestao""}]}"
"Gestao","Vendas sellout","migrar","migrar","Interacao em Gerenciar vendas - lista, cadastro e cobranca de vendas sellout","{""event"":{""eventCategory"":""app-rev:gestao:organizar-vendas"",""eventAction"":""clique:botao"",""eventLabel"":""remover-venda""}}","{""client_id"":""[[identificador-unico-usuario]]"",""session_id"":""[[identificador-unico-sessao]]"",""events"":[{""params"":{""cd_interaction_detail"":""click:button-remover-venda""},""name"":""interaction_gestao""}]}"
"Gestao","Vendas sellout","migrar","migrar","Interacao em Gerenciar vendas - lista, cadastro e cobranca de vendas sellout","{""event"":{""eventCategory"":""app-rev:gestao:organizar-vendas"",""eventAction"":""clique:botao"",""eventLabel"":""salvar-vendas""}}","{""client_id"":""[[identificador-unico-usuario]]"",""session_id"":""[[identificador-unico-sessao]]"",""events"":[{""params"":{""cd_interaction_detail"":""click:button-salvar-vendas""},""name"":""interaction_gestao""}]}"
"Gestao","Vendas sellout","migrar","migrar","Interacao em Gerenciar vendas - lista, cadastro e cobranca de vendas sellout","{""event"":{""eventCategory"":""app-rev:gestao:organizar-vendas"",""eventAction"":""clique:botao"",""eventLabel"":""selecionar-cliente""}}","{""client_id"":""[[identificador-unico-usuario]]"",""session_id"":""[[identificador-unico-sessao]]"",""events"":[{""params"":{""cd_interaction_detail"":""click:button-selecionar-cliente""},""name"":""interaction_gestao""}]}"
"Gestao","Vendas sellout","migrar","migrar","Interacao em Gerenciar vendas - lista, cadastro e cobranca de vendas sellout","{""event"":{""eventCategory"":""app-rev:gestao:organizar-vendas"",""eventAction"":""clique:botao"",""eventLabel"":""selecionar-produto""}}","{""client_id"":""[[identificador-unico-usuario]]"",""session_id"":""[[identificador-unico-sessao]]"",""events"":[{""params"":{""cd_interaction_detail"":""click:button-selecionar-produto""},""name"":""interaction_gestao""}]}"
"Gestao","Vendas sellout","remover","remover","Interacao em Gerenciar vendas - lista, cadastro e cobranca de vendas sellout","{""event"":{""eventCategory"":""app-rev:vendas-recebidas"",""eventAction"":""clique:botao"",""eventLabel"":""ver-gestao-vendas""}}",""
"Gestao","Vendas sellout","migrar","migrar","Interacao em Gerenciar vendas - lista, cadastro e cobranca de vendas sellout","{""event"":{""eventCategory"":""app-rev:vendas-recebidas"",""eventAction"":""clique:botao"",""eventLabel"":""adicionar-produtos-ao-carrinho:$saleId""}}","{""client_id"":""[[identificador-unico-usuario]]"",""session_id"":""[[identificador-unico-sessao]]"",""events"":[{""params"":{""cd_interaction_detail"":""click:button-adicionar-produtos-ao-carrinho-$saleid"",""cd_id_venda"":""$saleId""},""name"":""interaction_gestao""}]}"
"Gestao","Vendas sellout","migrar","migrar","Interacao em Gerenciar vendas - lista, cadastro e cobranca de vendas sellout","{""event"":{""eventCategory"":""app-rev:vendas-recebidas"",""eventAction"":""clique:botao"",""eventLabel"":""tentar-novamente""}}","{""client_id"":""[[identificador-unico-usuario]]"",""session_id"":""[[identificador-unico-sessao]]"",""events"":[{""params"":{""cd_interaction_detail"":""click:button-tentar-novamente""},""name"":""interaction_gestao""}]}"
"Gestao","Vendas sellout","migrar","migrar","Interacao em Gerenciar vendas - lista, cadastro e cobranca de vendas sellout","{""event"":{""eventCategory"":"""",""eventAction"":""clique:botao"",""eventLabel"":""adicionar-nova-venda:nenhuma-venda""}}","{""client_id"":""[[identificador-unico-usuario]]"",""session_id"":""[[identificador-unico-sessao]]"",""events"":[{""params"":{""cd_interaction_detail"":""click:button-adicionar-nova-venda-nenhuma-venda""},""name"":""interaction_gestao""}]}"
"Gestao","Vendas sellout","migrar","migrar","Interacao em Gerenciar vendas - lista, cadastro e cobranca de vendas sellout","{""event"":{""eventCategory"":"""",""eventAction"":""clique:botao"",""eventLabel"":""adicionar-nova-venda:total-vendas""}}","{""client_id"":""[[identificador-unico-usuario]]"",""session_id"":""[[identificador-unico-sessao]]"",""events"":[{""params"":{""cd_interaction_detail"":""click:button-adicionar-nova-venda-total-vendas""},""name"":""interaction_gestao""}]}"
"Gestao","Vendas sellout","migrar","migrar","Interacao em Gerenciar vendas - lista, cadastro e cobranca de vendas sellout","{""event"":{""eventCategory"":"""",""eventAction"":""clique:botao"",""eventLabel"":""cobrar-cliente:$saleId""}}","{""client_id"":""[[identificador-unico-usuario]]"",""session_id"":""[[identificador-unico-sessao]]"",""events"":[{""params"":{""cd_interaction_detail"":""click:button-cobrar-cliente-$saleid"",""cd_id_venda"":""$saleId""},""name"":""interaction_gestao""}]}"
"Gestao","Vendas sellout","migrar","migrar","Interacao em Gerenciar vendas - lista, cadastro e cobranca de vendas sellout","{""event"":{""eventCategory"":"""",""eventAction"":""clique:botao"",""eventLabel"":""editar-venda:$saleId""}}","{""client_id"":""[[identificador-unico-usuario]]"",""session_id"":""[[identificador-unico-sessao]]"",""events"":[{""params"":{""cd_interaction_detail"":""click:button-editar-venda-$saleid"",""cd_id_venda"":""$saleId""},""name"":""interaction_gestao""}]}"
"Gestao","Vendas sellout","remover","remover","Interacao em Gerenciar vendas - lista, cadastro e cobranca de vendas sellout","{""event"":{""eventCategory"":"""",""eventAction"":""clique:icone"",""eventLabel"":""filtrar""}}",""
"Gestao","Vendas sellout","remover","remover","Interacao em Gerenciar vendas - lista, cadastro e cobranca de vendas sellout","{""event"":{""eventCategory"":"""",""eventAction"":""interacao:filtro"",""eventLabel"":""vendas-filtradas-por-${status.toTag}""}}",""
"Gestao","Vendas sellout","remover","remover","Interacao em Gerenciar vendas - lista, cadastro e cobranca de vendas sellout","{""event"":{""eventCategory"":"""",""eventAction"":""clique:botao"",""eventLabel"":""onboarding-cobra-cliente-novo""}}",""
"Gestao","Vendas sellout","remover","remover","Interacao em Gerenciar vendas - lista, cadastro e cobranca de vendas sellout","{""event"":{""eventCategory"":"""",""eventAction"":""clique:botao"",""eventLabel"":""saiba-como""}}",""
"Gestao","Vendas sellout","remover","remover","Interacao em Gerenciar vendas - lista, cadastro e cobranca de vendas sellout","{""event"":{""eventCategory"":"""",""eventAction"":""clique:tooltip"",""eventLabel"":""info-total-vendas""}}",""
"Gestao","Vendas sellout","remover","remover","Interacao em Gerenciar vendas - lista, cadastro e cobranca de vendas sellout","{""event"":{""eventCategory"":"""",""eventAction"":""clique:botao"",""eventLabel"":""lembrete-recebimento-venda""}}",""
"Gestao","Vendas sellout","migrar","migrar","Interacao em Gerenciar vendas - lista, cadastro e cobranca de vendas sellout","{""event"":{""eventCategory"":"""",""eventAction"":""clique:botao"",""eventLabel"":""alterar-status-pagamento:${_mapPaymentStatusToString(status)}""}}","{""client_id"":""[[identificador-unico-usuario]]"",""session_id"":""[[identificador-unico-sessao]]"",""events"":[{""params"":{""cd_interaction_detail"":""click:button-alterar-status-pagamento-${-mappaymentstatustostring(status)}""},""name"":""interaction_gestao""}]}"
"Gestao","Vendas sellout","remover","remover","Interacao em Gerenciar vendas - lista, cadastro e cobranca de vendas sellout","{""event"":{""eventCategory"":"""",""eventAction"":""interacao:filtro"",""eventLabel"":""vendas-filtradas-por-cliente""}}",""
"Gestao","Vendas sellout","migrar","migrar","Interacao em Gerenciar vendas - lista, cadastro e cobranca de vendas sellout","{""event"":{""eventCategory"":"""",""eventAction"":""clique:botao"",""eventLabel"":""tentar-novamente""}}","{""client_id"":""[[identificador-unico-usuario]]"",""session_id"":""[[identificador-unico-sessao]]"",""events"":[{""params"":{""cd_interaction_detail"":""click:button-tentar-novamente""},""name"":""interaction_gestao""}]}"
"Gestao","Vendas sellout","remover","remover","Interacao em Gerenciar vendas - lista, cadastro e cobranca de vendas sellout","{""event"":{""eventCategory"":"""",""eventAction"":""view:componente"",""eventLabel"":""lembrete-recebimento-venda""}}",""
"Gestao","Vendas sellout","remover","remover","Interacao em Gerenciar vendas - lista, cadastro e cobranca de vendas sellout","{""event"":{""eventCategory"":""app-rev:gestao:organizar-vendas:modal-excluir-venda"",""eventAction"":""clique:botao"",""eventLabel"":""sim-quero-excluir""}}",""
"Gestao","Vendas sellout","remover","remover","Interacao em Gerenciar vendas - lista, cadastro e cobranca de vendas sellout","{""event"":{""eventCategory"":""app-rev:gestao:organizar-vendas:modal-excluir-venda"",""eventAction"":""clique:botao"",""eventLabel"":""nao-excluir-venda""}}",""
"Gestao","Carteira de clientes","migrar","migrar","Interacao em Gerenciar vendas - lista, cadastro e cobranca de vendas sellout","{""event"":{""eventCategory"":""app-rev:gestao:organizar-vendas:selecionar-cliente"",""eventAction"":""clique:botao"",""eventLabel"":""adicionar""}}","{""client_id"":""[[identificador-unico-usuario]]"",""session_id"":""[[identificador-unico-sessao]]"",""events"":[{""params"":{""cd_interaction_detail"":""click:button-adicionar""},""name"":""interaction_gestao""}]}"
"Gestao","Carteira de clientes","migrar","migrar","Interacao em Gerenciar vendas - lista, cadastro e cobranca de vendas sellout","{""event"":{""eventCategory"":""app-rev:gestao:organizar-vendas:selecionar-cliente"",""eventAction"":""clique:botao"",""eventLabel"":""adicionar-cliente""}}","{""client_id"":""[[identificador-unico-usuario]]"",""session_id"":""[[identificador-unico-sessao]]"",""events"":[{""params"":{""cd_interaction_detail"":""click:button-adicionar-cliente""},""name"":""interaction_gestao""}]}"
"Gestao","Carteira de clientes","migrar","migrar","Interacao em Gerenciar vendas - lista, cadastro e cobranca de vendas sellout","{""event"":{""eventCategory"":""app-rev:gestao:organizar-vendas:selecionar-cliente"",""eventAction"":""clique:botao"",""eventLabel"":""salvar-selecao""}}","{""client_id"":""[[identificador-unico-usuario]]"",""session_id"":""[[identificador-unico-sessao]]"",""events"":[{""params"":{""cd_interaction_detail"":""click:button-salvar-selecao""},""name"":""interaction_gestao""}]}"
"Gestao","Carteira de clientes","migrar","migrar","Interacao em Gerenciar vendas - lista, cadastro e cobranca de vendas sellout","{""event"":{""eventCategory"":""app-rev:gestao:organizar-vendas:selecionar-cliente"",""eventAction"":""clique:botao"",""eventLabel"":""tentar-novamente""}}","{""client_id"":""[[identificador-unico-usuario]]"",""session_id"":""[[identificador-unico-sessao]]"",""events"":[{""params"":{""cd_interaction_detail"":""click:button-tentar-novamente""},""name"":""interaction_gestao""}]}"
"Gestao","Carteira de clientes","migrar","migrar","Interacao em Gerenciar vendas - lista, cadastro e cobranca de vendas sellout","{""event"":{""eventCategory"":""app-rev:gestao:organizar-vendas:selecionar-cliente"",""eventAction"":""caixa-de-texto-busca-cliente"",""eventLabel"":""buscar-nome-cliente""}}","{""client_id"":""[[identificador-unico-usuario]]"",""session_id"":""[[identificador-unico-sessao]]"",""events"":[{""params"":{""cd_interaction_detail"":""click:button-buscar-nome-cliente""},""name"":""interaction_gestao""}]}"
"Gestao","Carteira de clientes","migrar","migrar","Interacao em Gerenciar vendas - lista, cadastro e cobranca de vendas sellout","{""event"":{""eventCategory"":""app-rev:gestao:organizar-vendas:selecionar-cliente"",""eventAction"":""clique:botao"",""eventLabel"":""selecionar-cliente-cadastrado""}}","{""client_id"":""[[identificador-unico-usuario]]"",""session_id"":""[[identificador-unico-sessao]]"",""events"":[{""params"":{""cd_interaction_detail"":""click:button-selecionar-cliente-cadastrado""},""name"":""interaction_gestao""}]}"
"Inicio","Trafego Home","migrar","migrar","Interacao em Home (aba Inicio) - tela inicial com atalhos, catalogos e banners","{""event"":{""eventCategory"":""app-rev:home"",""eventAction"":""dinamico"",""eventLabel"":""dinamico (toAnalyticsFormat)""}}","{""client_id"":""[[identificador-unico-usuario]]"",""session_id"":""[[identificador-unico-sessao]]"",""events"":[{""name"":""interaction_inicio"",""params"":{""cd_interaction_detail"":""click:card-${formatterhelper.toanalyticsformat(buttonlabel)}""}}]}"
"Menu","Perfil e configuracao MLD","migrar","migrar","Interacao em Tela ou modal do app (rota / (ver edit_slug_tag))","{""event"":{""eventCategory"":""app-rev:configuracao:editar-link"",""eventAction"":""clique:botao"",""eventLabel"":""cancelar""}}","{""client_id"":""[[identificador-unico-usuario]]"",""session_id"":""[[identificador-unico-sessao]]"",""events"":[{""params"":{""cd_interaction_detail"":""click:button-cancelar""},""name"":""interaction_menu""}]}"
"Menu","Perfil e configuracao MLD","migrar","migrar","Interacao em Tela ou modal do app (rota / (ver edit_slug_tag))","{""event"":{""eventCategory"":""app-rev:configuracao:editar-link"",""eventAction"":""clique:botao"",""eventLabel"":""salvar""}}","{""client_id"":""[[identificador-unico-usuario]]"",""session_id"":""[[identificador-unico-sessao]]"",""events"":[{""params"":{""cd_interaction_detail"":""click:button-salvar""},""name"":""interaction_menu""}]}"
"Menu","Perfil e configuracao MLD","migrar","migrar","Interacao em Tela ou modal do app (rota / (ver edit_slug_tag))","{""event"":{""eventCategory"":""app-rev:configuracao:editar-link"",""eventAction"":""interacao:campo"",""eventLabel"":""preencheu:link-da-loja""}}","{""client_id"":""[[identificador-unico-usuario]]"",""session_id"":""[[identificador-unico-sessao]]"",""events"":[{""params"":{""cd_interaction_detail"":""input:field-preencheu:link-da-loja""},""name"":""interaction_menu""}]}"
"Menu","Divulgacao MLD","migrar","migrar","Interacao em Catalogo fisico - escolhe se quer receber catalogo impresso em casa","{""event"":{""eventCategory"":""app-rev:divulgacao:catalogo-fisico"",""eventAction"":""clique:botao"",""eventLabel"":""$optOut:$brand""}}","{""client_id"":""[[identificador-unico-usuario]]"",""session_id"":""[[identificador-unico-sessao]]"",""events"":[{""params"":{""cd_interaction_detail"":""click:button-$optout-$brand"",""cd_brand"":""$brand""},""name"":""interaction_menu""}]}"
"Menu","Menu e atalhos","migrar","migrar","Interacao em Menu - lista de atalhos para jornadas (conta, gestao, dia a dia)","{""event"":{""eventCategory"":""app-rev:menu"",""eventAction"":""clique:secao"",""eventLabel"":""divulgar""}}","{""client_id"":""[[identificador-unico-usuario]]"",""session_id"":""[[identificador-unico-sessao]]"",""events"":[{""params"":{""cd_interaction_detail"":""share:mld-button-divulgar""},""name"":""interaction_menu""}]}"
"Menu","Menu e atalhos","migrar","migrar","Interacao em Menu - lista de atalhos para jornadas (conta, gestao, dia a dia)","{""event"":{""eventCategory"":""app-rev:menu"",""eventAction"":""clique:secao"",""eventLabel"":""opt-out-catalogo-fisico""}}","{""client_id"":""[[identificador-unico-usuario]]"",""session_id"":""[[identificador-unico-sessao]]"",""events"":[{""params"":{""cd_interaction_detail"":""click:section-opt-out-catalogo-fisico""},""name"":""interaction_menu""}]}"
"Menu","Menu e atalhos","migrar","migrar","Interacao em Menu - lista de atalhos para jornadas (conta, gestao, dia a dia)","{""event"":{""eventCategory"":""app-rev:menu"",""eventAction"":""clique:secao"",""eventLabel"":""minha-loja-digital""}}","{""client_id"":""[[identificador-unico-usuario]]"",""session_id"":""[[identificador-unico-sessao]]"",""events"":[{""params"":{""cd_interaction_detail"":""click:section-minha-loja-digital""},""name"":""interaction_menu""}]}"
"Menu","Menu e atalhos","migrar","migrar","Interacao em Menu - lista de atalhos para jornadas (conta, gestao, dia a dia)","{""event"":{""eventCategory"":""app-rev:menu"",""eventAction"":""clique:secao"",""eventLabel"":""gestao-de-clientes""}}","{""client_id"":""[[identificador-unico-usuario]]"",""session_id"":""[[identificador-unico-sessao]]"",""events"":[{""params"":{""cd_interaction_detail"":""click:section-gestao-de-clientes""},""name"":""interaction_menu""}]}"
"Menu","Menu e atalhos","migrar","migrar","Interacao em Menu - lista de atalhos para jornadas (conta, gestao, dia a dia)","{""event"":{""eventCategory"":""app-rev:menu"",""eventAction"":""clique:secao"",""eventLabel"":""novidades""}}","{""client_id"":""[[identificador-unico-usuario]]"",""session_id"":""[[identificador-unico-sessao]]"",""events"":[{""params"":{""cd_interaction_detail"":""click:section-novidades""},""name"":""interaction_menu""}]}"
"Menu","Menu e atalhos","migrar","migrar","Interacao em Menu - lista de atalhos para jornadas (conta, gestao, dia a dia)","{""event"":{""eventCategory"":""app-rev:menu"",""eventAction"":""clique:secao"",""eventLabel"":""gestao-de-vendas""}}","{""client_id"":""[[identificador-unico-usuario]]"",""session_id"":""[[identificador-unico-sessao]]"",""events"":[{""params"":{""cd_interaction_detail"":""click:section-gestao-de-vendas""},""name"":""interaction_menu""}]}"
"Menu","Menu e atalhos","migrar","migrar","Interacao em Menu - lista de atalhos para jornadas (conta, gestao, dia a dia)","{""event"":{""eventCategory"":""app-rev:menu"",""eventAction"":""clique:secao"",""eventLabel"":""gestao-de-estoque""}}","{""client_id"":""[[identificador-unico-usuario]]"",""session_id"":""[[identificador-unico-sessao]]"",""events"":[{""params"":{""cd_interaction_detail"":""click:section-gestao-de-estoque""},""name"":""interaction_menu""}]}"
"Menu","Menu e atalhos","migrar","migrar","Interacao em Menu - lista de atalhos para jornadas (conta, gestao, dia a dia)","{""event"":{""eventCategory"":""app-rev:menu"",""eventAction"":""clique:secao"",""eventLabel"":""tarefas""}}","{""client_id"":""[[identificador-unico-usuario]]"",""session_id"":""[[identificador-unico-sessao]]"",""events"":[{""params"":{""cd_interaction_detail"":""click:section-tarefas""},""name"":""interaction_menu""}]}"
"Menu","Menu e atalhos","migrar","migrar","Interacao em Menu - lista de atalhos para jornadas (conta, gestao, dia a dia)","{""event"":{""eventCategory"":""app-rev:menu"",""eventAction"":""clique:secao"",""eventLabel"":""treinamentos""}}","{""client_id"":""[[identificador-unico-usuario]]"",""session_id"":""[[identificador-unico-sessao]]"",""events"":[{""params"":{""cd_interaction_detail"":""click:section-treinamentos""},""name"":""interaction_menu""}]}"
"Menu","Aquisicao CF","remover","remover","Interacao em Menu - lista de atalhos para jornadas (conta, gestao, dia a dia)","{""event"":{""eventCategory"":""app-rev:encontre-seu-er"",""eventAction"":""clique:botao"",""eventLabel"":""copiar""}}",""
"Menu","Aquisicao CF","remover","remover","Interacao em Menu - lista de atalhos para jornadas (conta, gestao, dia a dia)","{""event"":{""eventCategory"":""app-rev:encontre-seu-er"",""eventAction"":""clique:filtro"",""eventLabel"":""selecionar-cidade""}}",""
"Menu","Perfil e configuracao MLD","migrar","migrar","Interacao em Minha Loja Digital - configuracao da loja online da revendedora","{""event"":{""eventCategory"":""app-rev:minha-loja-digital"",""eventAction"":""clique:link"",""eventLabel"":""criar-minha-loja-digital""}}","{""client_id"":""[[identificador-unico-usuario]]"",""session_id"":""[[identificador-unico-sessao]]"",""events"":[{""params"":{""cd_interaction_detail"":""click:link-criar-minha-loja-digital""},""name"":""interaction_menu""}]}"
"Menu","Perfil e configuracao MLD","migrar","migrar","Interacao em Minha Loja Digital - configuracao da loja online da revendedora","{""event"":{""eventCategory"":""app-rev:minha-loja-digital"",""eventAction"":""clique:botao"",""eventLabel"":""perfil-da-loja""}}","{""client_id"":""[[identificador-unico-usuario]]"",""session_id"":""[[identificador-unico-sessao]]"",""events"":[{""params"":{""cd_interaction_detail"":""click:button-perfil-da-loja""},""name"":""interaction_menu""}]}"
"Menu","Perfil e configuracao MLD","migrar","migrar","Interacao em Minha Loja Digital - configuracao da loja online da revendedora","{""event"":{""eventCategory"":""app-rev:minha-loja-digital"",""eventAction"":""clique:botao"",""eventLabel"":""configuracao-recebiveis""}}","{""client_id"":""[[identificador-unico-usuario]]"",""session_id"":""[[identificador-unico-sessao]]"",""events"":[{""params"":{""cd_interaction_detail"":""click:button-configuracao-recebiveis""},""name"":""interaction_menu""}]}"
"Menu","Perfil e configuracao MLD","migrar","migrar","Interacao em Minha Loja Digital - configuracao da loja online da revendedora","{""event"":{""eventCategory"":""app-rev:minha-loja-digital"",""eventAction"":""clique:botao"",""eventLabel"":""configuracao:estoque""}}","{""client_id"":""[[identificador-unico-usuario]]"",""session_id"":""[[identificador-unico-sessao]]"",""events"":[{""params"":{""cd_interaction_detail"":""click:button-configuracao-estoque""},""name"":""interaction_menu""}]}"
"Menu","Perfil e configuracao MLD","migrar","migrar","Interacao em Minha Loja Digital - configuracao da loja online da revendedora","{""event"":{""eventCategory"":""app-rev:minha-loja-digital"",""eventAction"":""clique:botao"",""eventLabel"":""link-da-loja""}}","{""client_id"":""[[identificador-unico-usuario]]"",""session_id"":""[[identificador-unico-sessao]]"",""events"":[{""params"":{""cd_interaction_detail"":""click:button-link-da-loja""},""name"":""interaction_menu""}]}"
"Menu","Perfil e configuracao MLD","migrar","migrar","Interacao em Minha Loja Digital - configuracao da loja online da revendedora","{""event"":{""eventCategory"":""app-rev:minha-loja-digital"",""eventAction"":""clique:botao"",""eventLabel"":""performance-da-loja""}}","{""client_id"":""[[identificador-unico-usuario]]"",""session_id"":""[[identificador-unico-sessao]]"",""events"":[{""params"":{""cd_interaction_detail"":""click:button-performance-da-loja""},""name"":""interaction_menu""}]}"
"Menu","Perfil e configuracao MLD","remover","remover","Interacao em Minha Loja Digital - configuracao da loja online da revendedora","{""event"":{""eventCategory"":""app-rev:divulgacao:compartilhar-suas-lojas"",""eventAction"":""clique:botao"",""eventLabel"":""voltar""}}",""
"Menu","Perfil e configuracao MLD","migrar","migrar","Interacao em Minha Loja Digital - configuracao da loja online da revendedora","{""event"":{""eventCategory"":""app-rev:divulgacao:compartilhar-suas-lojas"",""eventAction"":""clique:botao"",""eventLabel"":""editar-perfil-da-loja""}}","{""client_id"":""[[identificador-unico-usuario]]"",""session_id"":""[[identificador-unico-sessao]]"",""events"":[{""params"":{""cd_interaction_detail"":""click:button-editar-perfil-da-loja""},""name"":""interaction_menu""}]}"
"Menu","Perfil e configuracao MLD","migrar","migrar","Interacao em Minha Loja Digital - configuracao da loja online da revendedora","{""event"":{""eventCategory"":""app-rev:configuracao:editar-perfil"",""eventAction"":""interacao:campo"",""eventLabel"":""preencheu:$field""}}","{""client_id"":""[[identificador-unico-usuario]]"",""session_id"":""[[identificador-unico-sessao]]"",""events"":[{""params"":{""cd_interaction_detail"":""input:field-preencheu:$field""},""name"":""interaction_menu""}]}"
"Menu","Perfil e configuracao MLD","migrar","migrar","Interacao em Minha Loja Digital - configuracao da loja online da revendedora","{""event"":{""eventCategory"":""app-rev:configuracao:editar-perfil"",""eventAction"":""clique:botao"",""eventLabel"":""adicionar-foto""}}","{""client_id"":""[[identificador-unico-usuario]]"",""session_id"":""[[identificador-unico-sessao]]"",""events"":[{""params"":{""cd_interaction_detail"":""click:button-adicionar-foto""},""name"":""interaction_menu""}]}"
"Menu","Divulgacao MLD","migrar","migrar","Minha Loja Digital - configuracao da loja online da revendedora","{""click_divulgar_catalogo_mld"":{""eventCategory"":""app-rev:divulgar-mld-por-marca"",""eventAction"":"""",""eventLabel"":""""}}","{""client_id"":""[[identificador-unico-usuario]]"",""session_id"":""[[identificador-unico-sessao]]"",""events"":[{""params"":{""cd_interaction_detail"":""click:button-send-special-event""},""name"":""interaction_menu""}]}"
"Menu","Divulgacao MLD","migrar","migrar","Interacao em Minha Loja Digital - configuracao da loja online da revendedora","{""event"":{""eventCategory"":""app-rev:divulgar-mld-por-marca"",""eventAction"":""clique:botao"",""eventLabel"":""adicionar-produtos""}}","{""client_id"":""[[identificador-unico-usuario]]"",""session_id"":""[[identificador-unico-sessao]]"",""events"":[{""params"":{""cd_interaction_detail"":""click:button-adicionar-produtos""},""name"":""interaction_menu""}]}"
"Menu","Divulgacao MLD","migrar","migrar","Interacao em Minha Loja Digital - configuracao da loja online da revendedora","{""event"":{""eventCategory"":""app-rev:divulgar-mld-por-marca"",""eventAction"":""clique:card"",""eventLabel"":""editar-link""}}","{""client_id"":""[[identificador-unico-usuario]]"",""session_id"":""[[identificador-unico-sessao]]"",""events"":[{""params"":{""cd_interaction_detail"":""click:card-editar-link""},""name"":""interaction_menu""}]}"
"Menu","Divulgacao MLD","migrar","migrar","Interacao em Minha Loja Digital - configuracao da loja online da revendedora","{""event"":{""eventCategory"":""app-rev:divulgar-mld-por-marca"",""eventAction"":""clique:card"",""eventLabel"":""divulgar-pronta-entrega:${brand.tag}""}}","{""client_id"":""[[identificador-unico-usuario]]"",""session_id"":""[[identificador-unico-sessao]]"",""events"":[{""params"":{""cd_interaction_detail"":""share:mld-button-divulgar-pronta-entrega-${brand.tag}""},""name"":""interaction_menu""}]}"
"Gestao","Gestao do negocio","adicionar_pageview","novo","Relatorio vendas - aba financeira","","{""client_id"":""[[identificador-unico-usuario]]"",""session_id"":""[[identificador-unico-sessao]]"",""events"":[{""name"":""screen_view"",""params"":{""screen_name"":""/app-rev/gestao/relatorio-de-vendas/financeiro"",""cd_page_title"":""Exibir aba financeira no load""}}]}"
"Gestao","Gestao do negocio","adicionar_pageview","novo","Relatorio vendas - deep link financeiro","","{""client_id"":""[[identificador-unico-usuario]]"",""session_id"":""[[identificador-unico-sessao]]"",""events"":[{""name"":""screen_view"",""params"":{""screen_name"":""/app-rev/gestao/relatorio-de-vendas/financeiro"",""cd_page_title"":""Exibir aba via startAtFinancialTab""}}]}"
"Gestao","Gestao do negocio","adicionar_pageview","novo","Relatorio financeiro - tab dedicada","","{""client_id"":""[[identificador-unico-usuario]]"",""session_id"":""[[identificador-unico-sessao]]"",""events"":[{""name"":""screen_view"",""params"":{""screen_name"":""/app-rev/gestao/relatorio-de-vendas/financeiro"",""cd_page_title"":""Pageview ao trocar para aba financeira""}}]}"
