"dominio_produto","subdominio_produto","dominio_ct","navbar","classificacao","status","contexto_legado","event_category","event_action","event_label","screen_name_legado","filtro_category_like","evento_legado_json","nota_mapeamento"
"Divulgacao MLD","Divulgar APP / Catalogo digital / Trafego geral MLD","Divulgacao MLD","Divulgar","remover","remover","Interacao em Catalogos digitais - lista de catalogos do ciclo para abrir PDF ou compartilhar link","app-rev:divulgar:catalogos","interacao:scroll","carousel","","app-rev:divulgar:*","{""event"":{""eventCategory"":""app-rev:divulgar:catalogos"",""eventAction"":""interacao:scroll"",""eventLabel"":""carousel""}}","Agrupa share MLD, catalogos e trafego de divulgacao"
"Divulgacao MLD","Divulgar APP / Catalogo digital / Trafego geral MLD","Divulgacao MLD","Divulgar","migrar","migrar","Interacao em Catalogos digitais - lista de catalogos do ciclo para abrir PDF ou compartilhar link","app-rev:divulgar:catalogos","clique:botao","abrir-catalogo::$brand","","app-rev:divulgar:*","{""event"":{""eventCategory"":""app-rev:divulgar:catalogos"",""eventAction"":""clique:botao"",""eventLabel"":""abrir-catalogo::$brand""}}","Agrupa share MLD, catalogos e trafego de divulgacao"
"Divulgacao MLD","Divulgar APP / Catalogo digital / Trafego geral MLD","Divulgacao MLD","Divulgar","remover","remover","Interacao em Catalogos digitais - lista de catalogos do ciclo para abrir PDF ou compartilhar link","app-rev:divulgar:catalogos","clique:botao","ver-mais","","app-rev:divulgar:*","{""event"":{""eventCategory"":""app-rev:divulgar:catalogos"",""eventAction"":""clique:botao"",""eventLabel"":""ver-mais""}}","Agrupa share MLD, catalogos e trafego de divulgacao"
"Divulgacao MLD","Divulgar APP / Catalogo digital / Trafego geral MLD","Divulgacao MLD","Divulgar","migrar","migrar","Interacao em Catalogos digitais - lista de catalogos do ciclo para abrir PDF ou compartilhar link","app-rev:divulgar:catalogos","clique:botao","compartilhar-catalogo::$brand","","app-rev:divulgar:*","{""event"":{""eventCategory"":""app-rev:divulgar:catalogos"",""eventAction"":""clique:botao"",""eventLabel"":""compartilhar-catalogo::$brand""}}","Agrupa share MLD, catalogos e trafego de divulgacao"
"Divulgacao MLD","Divulgar APP / Catalogo digital / Trafego geral MLD","Divulgacao MLD","Divulgar","migrar","migrar","Interacao em Catalogos digitais - lista de catalogos do ciclo para abrir PDF ou compartilhar link","app-rev:divulgacao:catalogos-erro","clique:botao","tentar-novamente","","app-rev:divulgacao:*","{""event"":{""eventCategory"":""app-rev:divulgacao:catalogos-erro"",""eventAction"":""clique:botao"",""eventLabel"":""tentar-novamente""}}","Agrupa share MLD, catalogos e trafego de divulgacao"
"Divulgacao MLD","Divulgar APP / Catalogo digital / Trafego geral MLD","Divulgacao MLD","Divulgar","migrar","migrar","Interacao em Hub Divulgar - modulos de catalogo, Minha Loja, materiais, dicas e noticias","app-rev:divulgar-catalogos","clique:botao","abrir-$brand","","app-rev:divulgar-catalogos:*","{""event"":{""eventCategory"":""app-rev:divulgar-catalogos"",""eventAction"":""clique:botao"",""eventLabel"":""abrir-$brand""}}","Agrupa share MLD, catalogos e trafego de divulgacao"
"Divulgacao MLD","Divulgar APP / Catalogo digital / Trafego geral MLD","Divulgacao MLD","Divulgar","remover","remover","Interacao em Hub Divulgar - modulos de catalogo, Minha Loja, materiais, dicas e noticias","app-rev:divulgar-catalogos","clique:botao","ver-mais-carrossel","","app-rev:divulgar-catalogos:*","{""event"":{""eventCategory"":""app-rev:divulgar-catalogos"",""eventAction"":""clique:botao"",""eventLabel"":""ver-mais-carrossel""}}","Agrupa share MLD, catalogos e trafego de divulgacao"
"Divulgacao MLD","Divulgar APP / Catalogo digital / Trafego geral MLD","Divulgacao MLD","Divulgar","remover","remover","Interacao em Hub Divulgar - modulos de catalogo, Minha Loja, materiais, dicas e noticias","app-rev:divulgar-catalogos","clique:botao","ver-mais-titulo","","app-rev:divulgar-catalogos:*","{""event"":{""eventCategory"":""app-rev:divulgar-catalogos"",""eventAction"":""clique:botao"",""eventLabel"":""ver-mais-titulo""}}","Agrupa share MLD, catalogos e trafego de divulgacao"
"Divulgacao MLD","Divulgar APP / Catalogo digital / Trafego geral MLD","Divulgacao MLD","Divulgar","migrar","migrar","Interacao em Hub Divulgar - modulos de catalogo, Minha Loja, materiais, dicas e noticias","app-rev:divulgar-catalogos","clique:botao","divulgar-$type-$brand","","app-rev:divulgar-catalogos:*","{""event"":{""eventCategory"":""app-rev:divulgar-catalogos"",""eventAction"":""clique:botao"",""eventLabel"":""divulgar-$type-$brand""}}","Agrupa share MLD, catalogos e trafego de divulgacao"
"Divulgacao MLD","Divulgar APP / Catalogo digital / Trafego geral MLD","Divulgacao MLD","Divulgar","migrar","migrar","Interacao em Hub Divulgar - modulos de catalogo, Minha Loja, materiais, dicas e noticias","app-rev:divulgar","click:banner","ver-novidade-ruptura","","app-rev:divulgar:*","{""event"":{""eventCategory"":""app-rev:divulgar"",""eventAction"":""click:banner"",""eventLabel"":""ver-novidade-ruptura""}}","Agrupa share MLD, catalogos e trafego de divulgacao"
"Conteudos e treinamento","Dicas e treinamentos (aba Divulgar)","Conteudos e treinamento","Divulgar","migrar","migrar","Interacao em Hub Divulgar - modulos de catalogo, Minha Loja, materiais, dicas e noticias","app-rev:divulgar-dicas-e-treinamentos","dinamico","dinamico (toAnalyticsFormat)","","app-rev:divulgar-dicas-e-treinamentos:*","{""event"":{""eventCategory"":""app-rev:divulgar-dicas-e-treinamentos"",""eventAction"":""dinamico"",""eventLabel"":""dinamico (toAnalyticsFormat)""}}","Carrossel LPs Prismic"
"Conteudos e treinamento","Dicas e treinamentos (aba Divulgar)","Conteudos e treinamento","Divulgar","remover","remover","Interacao em Hub Divulgar - modulos de catalogo, Minha Loja, materiais, dicas e noticias","app-rev:divulgar-dicas-e-treinamentos","clique:botao","ver-tudo:carrossel","","app-rev:divulgar-dicas-e-treinamentos:*","{""event"":{""eventCategory"":""app-rev:divulgar-dicas-e-treinamentos"",""eventAction"":""clique:botao"",""eventLabel"":""ver-tudo:carrossel""}}","Carrossel LPs Prismic"
"Conteudos e treinamento","Dicas e treinamentos (aba Divulgar)","Conteudos e treinamento","Divulgar","remover","remover","Interacao em Hub Divulgar - modulos de catalogo, Minha Loja, materiais, dicas e noticias","app-rev:divulgar-dicas-e-treinamentos","clique:botao","ver-mais:titulo","","app-rev:divulgar-dicas-e-treinamentos:*","{""event"":{""eventCategory"":""app-rev:divulgar-dicas-e-treinamentos"",""eventAction"":""clique:botao"",""eventLabel"":""ver-mais:titulo""}}","Carrossel LPs Prismic"
"Divulgacao MLD","Materiais de Divulgacao","Materiais de divulgacao","Divulgar","migrar","migrar","Interacao em Hub Divulgar - modulos de catalogo, Minha Loja, materiais, dicas e noticias","app-rev:divulgar:materiais","clique:imagem","${FormatterHelper.toAnalyticsFormat(section)}:ver-imagem","","app-rev:divulgar:*","{""event"":{""eventCategory"":""app-rev:divulgar:materiais"",""eventAction"":""clique:imagem"",""eventLabel"":""${FormatterHelper.toAnalyticsFormat(section)}:ver-imagem""}}","Galeria Prismic na aba Divulgar"
"Divulgacao MLD","Materiais de Divulgacao","Materiais de divulgacao","Divulgar","remover","remover","Interacao em Hub Divulgar - modulos de catalogo, Minha Loja, materiais, dicas e noticias","app-rev:divulgar:materiais","dinamico","dinamico (toAnalyticsFormat)","","app-rev:divulgar:*","{""event"":{""eventCategory"":""app-rev:divulgar:materiais"",""eventAction"":""dinamico"",""eventLabel"":""dinamico (toAnalyticsFormat)""}}","Galeria Prismic na aba Divulgar"
"Divulgacao MLD","Materiais de Divulgacao","Materiais de divulgacao","Divulgar","remover","remover","Interacao em Hub Divulgar - modulos de catalogo, Minha Loja, materiais, dicas e noticias","app-rev:divulgar:materiais","dinamico","dinamico (toAnalyticsFormat)","","app-rev:divulgar:*","{""event"":{""eventCategory"":""app-rev:divulgar:materiais"",""eventAction"":""dinamico"",""eventLabel"":""dinamico (toAnalyticsFormat)""}}","Galeria Prismic na aba Divulgar"
"Divulgacao MLD","Materiais de Divulgacao","Materiais de divulgacao","Divulgar","remover","remover","Interacao em Hub Divulgar - modulos de catalogo, Minha Loja, materiais, dicas e noticias","app-rev:divulgar:materiais","clique:botao","ver-mais:carrosel","","app-rev:divulgar:*","{""event"":{""eventCategory"":""app-rev:divulgar:materiais"",""eventAction"":""clique:botao"",""eventLabel"":""ver-mais:carrosel""}}","Galeria Prismic na aba Divulgar"
"Divulgacao MLD","Materiais de Divulgacao","Materiais de divulgacao","Divulgar","remover","remover","Interacao em Hub Divulgar - modulos de catalogo, Minha Loja, materiais, dicas e noticias","app-rev:divulgar:materiais","clique:botao","ver-mais:titulo","","app-rev:divulgar:*","{""event"":{""eventCategory"":""app-rev:divulgar:materiais"",""eventAction"":""clique:botao"",""eventLabel"":""ver-mais:titulo""}}","Galeria Prismic na aba Divulgar"
"Divulgacao MLD","Materiais de Divulgacao","Materiais de divulgacao","Divulgar","migrar","migrar","Interacao em Hub Divulgar - modulos de catalogo, Minha Loja, materiais, dicas e noticias","app-rev:divulgar:materiais","clique:imagem","${FormatterHelper.toAnalyticsFormat(section)}:divulgar","","app-rev:divulgar:*","{""event"":{""eventCategory"":""app-rev:divulgar:materiais"",""eventAction"":""clique:imagem"",""eventLabel"":""${FormatterHelper.toAnalyticsFormat(section)}:divulgar""}}","Galeria Prismic na aba Divulgar"
"Divulgacao MLD","Materiais de Divulgacao","Materiais de divulgacao","Divulgar","remover","remover","Interacao em Hub Divulgar - modulos de catalogo, Minha Loja, materiais, dicas e noticias","app-rev:divulgar:materiais","dinamico","dinamico (toAnalyticsFormat)","","app-rev:divulgar:*","{""event"":{""eventCategory"":""app-rev:divulgar:materiais"",""eventAction"":""dinamico"",""eventLabel"":""dinamico (toAnalyticsFormat)""}}","Galeria Prismic na aba Divulgar"
"Divulgacao MLD","Materiais de Divulgacao","Materiais de divulgacao","Divulgar","migrar","migrar","Interacao em Hub Divulgar - modulos de catalogo, Minha Loja, materiais, dicas e noticias","app-rev:divulgar:materiais","clique:imagem","${FormatterHelper.toAnalyticsFormat(section)}:zoom","","app-rev:divulgar:*","{""event"":{""eventCategory"":""app-rev:divulgar:materiais"",""eventAction"":""clique:imagem"",""eventLabel"":""${FormatterHelper.toAnalyticsFormat(section)}:zoom""}}","Galeria Prismic na aba Divulgar"
"Divulgacao MLD","Materiais de Divulgacao","Materiais de divulgacao","Divulgar","remover","remover","Interacao em Hub Divulgar - modulos de catalogo, Minha Loja, materiais, dicas e noticias","app-rev:divulgar:materiais","dinamico","dinamico (toAnalyticsFormat)","","app-rev:divulgar:*","{""event"":{""eventCategory"":""app-rev:divulgar:materiais"",""eventAction"":""dinamico"",""eventLabel"":""dinamico (toAnalyticsFormat)""}}","Galeria Prismic na aba Divulgar"
"Divulgacao MLD","Divulgar APP / Catalogo digital / Trafego geral MLD","Divulgacao MLD","Divulgar","migrar","migrar","Interacao em Hub Divulgar - modulos de catalogo, Minha Loja, materiais, dicas e noticias","app-rev:divulgar-mld","clique:botao","editar","","app-rev:divulgar-mld:*","{""event"":{""eventCategory"":""app-rev:divulgar-mld"",""eventAction"":""clique:botao"",""eventLabel"":""editar""}}","Agrupa share MLD, catalogos e trafego de divulgacao"
"Divulgacao MLD","Divulgar APP / Catalogo digital / Trafego geral MLD","Divulgacao MLD","Divulgar","migrar","migrar","Interacao em Hub Divulgar - modulos de catalogo, Minha Loja, materiais, dicas e noticias","app-rev:divulgar-mld","clique:card","divulgar-por-marca","","app-rev:divulgar-mld:*","{""event"":{""eventCategory"":""app-rev:divulgar-mld"",""eventAction"":""clique:card"",""eventLabel"":""divulgar-por-marca""}}","Agrupa share MLD, catalogos e trafego de divulgacao"
"Divulgacao MLD","Divulgar APP / Catalogo digital / Trafego geral MLD","Divulgacao MLD","Divulgar","migrar","migrar","Interacao em Hub Divulgar - modulos de catalogo, Minha Loja, materiais, dicas e noticias","app-rev:divulgar-mld","clique:card","divulgar-pronta-entrega","","app-rev:divulgar-mld:*","{""event"":{""eventCategory"":""app-rev:divulgar-mld"",""eventAction"":""clique:card"",""eventLabel"":""divulgar-pronta-entrega""}}","Agrupa share MLD, catalogos e trafego de divulgacao"
"Divulgacao MLD","Divulgar APP / Catalogo digital / Trafego geral MLD","Divulgacao MLD","Divulgar","migrar","migrar","Interacao em Hub Divulgar - modulos de catalogo, Minha Loja, materiais, dicas e noticias","app-rev:divulgar-mld","clique:botao","divulgar-multimarcas","","app-rev:divulgar-mld:*","{""event"":{""eventCategory"":""app-rev:divulgar-mld"",""eventAction"":""clique:botao"",""eventLabel"":""divulgar-multimarcas""}}","Agrupa share MLD, catalogos e trafego de divulgacao"
"Conteudos e treinamento","Dicas e treinamentos (aba Divulgar)","Conteudos e treinamento","Divulgar","migrar","migrar","Interacao em Hub Divulgar - modulos de catalogo, Minha Loja, materiais, dicas e noticias","app-rev:divulgar-conteudos","dinamico","dinamico (toAnalyticsFormat)","","app-rev:divulgar-conteudos:*","{""event"":{""eventCategory"":""app-rev:divulgar-conteudos"",""eventAction"":""dinamico"",""eventLabel"":""dinamico (toAnalyticsFormat)""}}","Carrossel LPs Prismic"
"Conteudos e treinamento","Dicas e treinamentos (aba Divulgar)","Conteudos e treinamento","Divulgar","remover","remover","Interacao em Hub Divulgar - modulos de catalogo, Minha Loja, materiais, dicas e noticias","app-rev:divulgar-conteudos","clique:botao","ver-tudo:carrossel","","app-rev:divulgar-conteudos:*","{""event"":{""eventCategory"":""app-rev:divulgar-conteudos"",""eventAction"":""clique:botao"",""eventLabel"":""ver-tudo:carrossel""}}","Carrossel LPs Prismic"
"Conteudos e treinamento","Dicas e treinamentos (aba Divulgar)","Conteudos e treinamento","Divulgar","remover","remover","Interacao em Hub Divulgar - modulos de catalogo, Minha Loja, materiais, dicas e noticias","app-rev:divulgar-conteudos","clique:botao","ver-mais:titulo","","app-rev:divulgar-conteudos:*","{""event"":{""eventCategory"":""app-rev:divulgar-conteudos"",""eventAction"":""clique:botao"",""eventLabel"":""ver-mais:titulo""}}","Carrossel LPs Prismic"
"Divulgacao MLD","Materiais de Divulgacao","Materiais de divulgacao","Divulgar","remover","remover","Interacao em Imagem de material em tela cheia","app-rev:divulgar:materiais:imagem","clique:botao","voltar","","app-rev:divulgar:*","{""event"":{""eventCategory"":""app-rev:divulgar:materiais:imagem"",""eventAction"":""clique:botao"",""eventLabel"":""voltar""}}","Galeria Prismic na aba Divulgar"
"Divulgacao MLD","Materiais de Divulgacao","Materiais de divulgacao","Divulgar","migrar","migrar","Interacao em Imagem de material em tela cheia","app-rev:divulgar:materiais:imagem","clique:botao","divulgar","","app-rev:divulgar:*","{""event"":{""eventCategory"":""app-rev:divulgar:materiais:imagem"",""eventAction"":""clique:botao"",""eventLabel"":""divulgar""}}","Galeria Prismic na aba Divulgar"
"Divulgacao MLD","Materiais de Divulgacao","Materiais de divulgacao","Divulgar","migrar","migrar","Galeria de materiais de divulgacao (imagens por secao/campanha)","","","","","","{""download_share_product"":{""eventCategory"":""app-rev:divulgacao:imagens"",""eventAction"":""clique:botao"",""eventLabel"":""""}}","Galeria Prismic na aba Divulgar"
"Divulgacao MLD","Materiais de Divulgacao","Materiais de divulgacao","Divulgar","migrar","migrar","Galeria de materiais de divulgacao (imagens por secao/campanha)","","","","","","{""click_baixar_compartilhar_materiais"":{""eventCategory"":""app-rev:divulgacao:imagens"",""eventAction"":"""",""eventLabel"":""""}}","Galeria Prismic na aba Divulgar"
"Divulgacao MLD","Materiais de Divulgacao","Materiais de divulgacao","Divulgar","remover","remover","Interacao em Galeria de materiais de divulgacao (imagens por secao/campanha)","app-rev:divulgacao:imagens","dinamico","dinamico (toAnalyticsFormat)","","app-rev:divulgacao:*","{""event"":{""eventCategory"":""app-rev:divulgacao:imagens"",""eventAction"":""dinamico"",""eventLabel"":""dinamico (toAnalyticsFormat)""}}","Galeria Prismic na aba Divulgar"
"Divulgacao MLD","Materiais de Divulgacao","Materiais de divulgacao","Divulgar","remover","remover","Interacao em Galeria de materiais de divulgacao (imagens por secao/campanha)","app-rev:divulgacao:imagens","navegacao","$imageNameFormatted:$index:$sectionNameFormatted","","app-rev:divulgacao:*","{""event"":{""eventCategory"":""app-rev:divulgacao:imagens"",""eventAction"":""navegacao"",""eventLabel"":""$imageNameFormatted:$index:$sectionNameFormatted""}}","Galeria Prismic na aba Divulgar"
"Divulgacao MLD","Materiais de Divulgacao","Materiais de divulgacao","Divulgar","migrar","migrar","Interacao em Galeria de materiais de divulgacao (imagens por secao/campanha)","app-rev:divulgacao:imagens","clique:imagem","$imageNameFormatted:$index:$sectionNameFormatted","","app-rev:divulgacao:*","{""event"":{""eventCategory"":""app-rev:divulgacao:imagens"",""eventAction"":""clique:imagem"",""eventLabel"":""$imageNameFormatted:$index:$sectionNameFormatted""}}","Galeria Prismic na aba Divulgar"
"Divulgacao MLD","Materiais de Divulgacao","Materiais de divulgacao","Divulgar","remover","remover","Interacao em Galeria de materiais de divulgacao (imagens por secao/campanha)","app-rev:divulgacao:imagens","dinamico","dinamico (toAnalyticsFormat)","","app-rev:divulgacao:*","{""event"":{""eventCategory"":""app-rev:divulgacao:imagens"",""eventAction"":""dinamico"",""eventLabel"":""dinamico (toAnalyticsFormat)""}}","Galeria Prismic na aba Divulgar"
"Divulgacao MLD","Materiais de Divulgacao","Materiais de divulgacao","Divulgar","migrar","migrar","Interacao em Galeria de materiais de divulgacao (imagens por secao/campanha)","app-rev:divulgacao:imagens","clique:botao","$button:$sectionNameFormatted","","app-rev:divulgacao:*","{""event"":{""eventCategory"":""app-rev:divulgacao:imagens"",""eventAction"":""clique:botao"",""eventLabel"":""$button:$sectionNameFormatted""}}","Galeria Prismic na aba Divulgar"
"Divulgacao MLD","Materiais de Divulgacao","Materiais de divulgacao","Divulgar","remover","remover","Interacao em Galeria de materiais de divulgacao (imagens por secao/campanha)","app-rev:divulgacao:imagens","dinamico","dinamico (toAnalyticsFormat)","","app-rev:divulgacao:*","{""event"":{""eventCategory"":""app-rev:divulgacao:imagens"",""eventAction"":""dinamico"",""eventLabel"":""dinamico (toAnalyticsFormat)""}}","Galeria Prismic na aba Divulgar"
"Divulgacao MLD","Materiais de Divulgacao","Materiais de divulgacao","Divulgar","migrar","migrar","Galeria de materiais de divulgacao (imagens por secao/campanha)","","","","","","{""promote_product_view"":{""eventCategory"":""app-rev:divulgacao:imagens"",""eventAction"":""screen"",""eventLabel"":""""}}","Galeria Prismic na aba Divulgar"
"Divulgacao MLD","Materiais de Divulgacao","Materiais de divulgacao","Divulgar","remover","remover","Interacao em Galeria de materiais de divulgacao (imagens por secao/campanha)","app-rev:divulgacao:imagens","clique:modal","agora-nao","","app-rev:divulgacao:*","{""event"":{""eventCategory"":""app-rev:divulgacao:imagens"",""eventAction"":""clique:modal"",""eventLabel"":""agora-nao""}}","Galeria Prismic na aba Divulgar"
"Divulgacao MLD","Materiais de Divulgacao","Materiais de divulgacao","Divulgar","remover","remover","Interacao em Galeria de materiais de divulgacao (imagens por secao/campanha)","app-rev:divulgacao:imagens","clique:modal","compartilhar-minha-loja-digital","","app-rev:divulgacao:*","{""event"":{""eventCategory"":""app-rev:divulgacao:imagens"",""eventAction"":""clique:modal"",""eventLabel"":""compartilhar-minha-loja-digital""}}","Galeria Prismic na aba Divulgar"
"Divulgacao MLD","Materiais de Divulgacao","Materiais de divulgacao","Divulgar","remover","remover","Visualizacao de Galeria de materiais de divulgacao (imagens por secao/campanha)","","","","/app-rev/divulgar/modal/compartilhar-minha-loja-digital","","{""screen_view"":{""screen_name"":""/app-rev/divulgar/modal/compartilhar-minha-loja-digital""}}","Galeria Prismic na aba Divulgar"
"Conteudos e treinamento","Dicas e treinamentos (aba Divulgar)","Conteudos e treinamento","Divulgar","remover","remover","Interacao em Novidades - feed de conteudos e avisos do ciclo","app-rev:novidades","clique:botao","$buttonFormatted:$cardFormatted","","app-rev:novidades:*","{""event"":{""eventCategory"":""app-rev:novidades"",""eventAction"":""clique:botao"",""eventLabel"":""$buttonFormatted:$cardFormatted""}}","Carrossel LPs Prismic"
"Tarefas / Gestao (hub)","Tarefas e atalhos de Gestao","Gestao do negocio","Gestao","migrar","migrar","Interacao em Tela ou modal do app (rota / (ver activations_tag))","","","","","","{""event"":{""eventCategory"":"""",""eventAction"":"""",""eventLabel"":""""}}","Hub Gestao — revisar se e C&T ou compartilhado"
"Tarefas / Gestao (hub)","Tarefas e atalhos de Gestao","Gestao do negocio","Gestao","remover","remover","Interacao em Tela ou modal do app (rota / (ver assistant_tag))","app-rev:gestao-de-negocio","clique:botao","novidades-assistente","","app-rev:gestao-de-negocio:*","{""event"":{""eventCategory"":""app-rev:gestao-de-negocio"",""eventAction"":""clique:botao"",""eventLabel"":""novidades-assistente""}}","Hub Gestao — revisar se e C&T ou compartilhado"
"Tarefas / Gestao (hub)","Tarefas e atalhos de Gestao","Gestao do negocio","Gestao","remover","remover","Interacao em Tela ou modal do app (rota / (ver assistant_tag))","app-rev:gestao-de-negocio","clique:botao","fechar-novidades-assistente","","app-rev:gestao-de-negocio:*","{""event"":{""eventCategory"":""app-rev:gestao-de-negocio"",""eventAction"":""clique:botao"",""eventLabel"":""fechar-novidades-assistente""}}","Hub Gestao — revisar se e C&T ou compartilhado"
"Tarefas / Gestao (hub)","Tarefas e atalhos de Gestao","Gestao do negocio","Gestao","remover","remover","Interacao em Tela ou modal do app (rota / (ver assistant_tag))","app-rev:gestao-de-negocio","clique:botao","acesso-rapido-assistente-${FormatterHelper.toLowerHyphenated(suggestion)}","","app-rev:gestao-de-negocio:*","{""event"":{""eventCategory"":""app-rev:gestao-de-negocio"",""eventAction"":""clique:botao"",""eventLabel"":""acesso-rapido-assistente-${FormatterHelper.toLowerHyphenated(suggestion)}""}}","Hub Gestao — revisar se e C&T ou compartilhado"
"Tarefas / Gestao (hub)","Tarefas e atalhos de Gestao","Gestao do negocio","Gestao","remover","remover","Interacao em Tela ou modal do app (rota / (ver assistant_tag))","app-rev:gestao-de-negocio","interacao:campo","caixa-de-texto-assistente","","app-rev:gestao-de-negocio:*","{""event"":{""eventCategory"":""app-rev:gestao-de-negocio"",""eventAction"":""interacao:campo"",""eventLabel"":""caixa-de-texto-assistente""}}","Hub Gestao — revisar se e C&T ou compartilhado"
"Tarefas / Gestao (hub)","Tarefas e atalhos de Gestao","Gestao do negocio","Gestao","remover","remover","Interacao em Tela ou modal do app (rota / (ver billing_in_progress_modal_tag))","","clique:botao","fechar","","","{""event"":{""eventCategory"":"""",""eventAction"":""clique:botao"",""eventLabel"":""fechar""}}","Hub Gestao — revisar se e C&T ou compartilhado"
"Tarefas / Gestao (hub)","Tarefas e atalhos de Gestao","Gestao do negocio","Gestao","migrar","migrar","Interacao em Tela ou modal do app (rota / (ver billing_in_progress_modal_tag))","","clique:botao","enviar-lembrete","","","{""event"":{""eventCategory"":"""",""eventAction"":""clique:botao"",""eventLabel"":""enviar-lembrete""}}","Hub Gestao — revisar se e C&T ou compartilhado"
"Vendas Sellout VD","Experiencia Venda APP / Gestao de Vendas","Vendas sellout","Gestao","remover","remover","Interacao em Tela ou modal do app (rota / (ver change_installments_tag))","app-rev:gerenciar-vendas:detalhes-da-venda:alterar-parcelas","clique:botao","confirmar-exclusao","","app-rev:gerenciar-vendas:*","{""event"":{""eventCategory"":""app-rev:gerenciar-vendas:detalhes-da-venda:alterar-parcelas"",""eventAction"":""clique:botao"",""eventLabel"":""confirmar-exclusao""}}","Jornada sellout no app"
"Vendas Sellout VD","Experiencia Venda APP / Gestao de Vendas","Vendas sellout","Gestao","remover","remover","Interacao em Tela ou modal do app (rota / (ver change_installments_tag))","app-rev:gerenciar-vendas:detalhes-da-venda:alterar-parcelas","clique:botao","adicionar-parcela","","app-rev:gerenciar-vendas:*","{""event"":{""eventCategory"":""app-rev:gerenciar-vendas:detalhes-da-venda:alterar-parcelas"",""eventAction"":""clique:botao"",""eventLabel"":""adicionar-parcela""}}","Jornada sellout no app"
"Vendas Sellout VD","Experiencia Venda APP / Gestao de Vendas","Vendas sellout","Gestao","remover","remover","Interacao em Tela ou modal do app (rota / (ver change_installments_tag))","app-rev:gerenciar-vendas:detalhes-da-venda:alterar-parcelas","clique:botao","voltar","","app-rev:gerenciar-vendas:*","{""event"":{""eventCategory"":""app-rev:gerenciar-vendas:detalhes-da-venda:alterar-parcelas"",""eventAction"":""clique:botao"",""eventLabel"":""voltar""}}","Jornada sellout no app"
"Vendas Sellout VD","Experiencia Venda APP / Gestao de Vendas","Vendas sellout","Gestao","remover","remover","Interacao em Tela ou modal do app (rota / (ver change_installments_tag))","app-rev:gerenciar-vendas:detalhes-da-venda:alterar-parcelas","clique:botao","excluir-parcela","","app-rev:gerenciar-vendas:*","{""event"":{""eventCategory"":""app-rev:gerenciar-vendas:detalhes-da-venda:alterar-parcelas"",""eventAction"":""clique:botao"",""eventLabel"":""excluir-parcela""}}","Jornada sellout no app"
"Vendas Sellout VD","Experiencia Venda APP / Gestao de Vendas","Vendas sellout","Gestao","remover","remover","Interacao em Tela ou modal do app (rota / (ver change_installments_tag))","app-rev:gerenciar-vendas:detalhes-da-venda:alterar-parcelas","clique:botao","tooltip-info-parcela","","app-rev:gerenciar-vendas:*","{""event"":{""eventCategory"":""app-rev:gerenciar-vendas:detalhes-da-venda:alterar-parcelas"",""eventAction"":""clique:botao"",""eventLabel"":""tooltip-info-parcela""}}","Jornada sellout no app"
"Vendas Sellout VD","Experiencia Venda APP / Gestao de Vendas","Vendas sellout","Gestao","remover","remover","Interacao em Tela ou modal do app (rota / (ver change_installments_tag))","app-rev:gerenciar-vendas:detalhes-da-venda:alterar-parcelas","clique:botao","replicar-parcela","","app-rev:gerenciar-vendas:*","{""event"":{""eventCategory"":""app-rev:gerenciar-vendas:detalhes-da-venda:alterar-parcelas"",""eventAction"":""clique:botao"",""eventLabel"":""replicar-parcela""}}","Jornada sellout no app"
"Vendas Sellout VD","Experiencia Venda APP / Gestao de Vendas","Vendas sellout","Gestao","remover","remover","Interacao em Tela ou modal do app (rota / (ver change_installments_tag))","app-rev:gerenciar-vendas:detalhes-da-venda:alterar-parcelas","clique:botao","salvar-alteracao","","app-rev:gerenciar-vendas:*","{""event"":{""eventCategory"":""app-rev:gerenciar-vendas:detalhes-da-venda:alterar-parcelas"",""eventAction"":""clique:botao"",""eventLabel"":""salvar-alteracao""}}","Jornada sellout no app"
"Vendas Sellout VD","Experiencia Venda APP / Gestao de Vendas","Vendas sellout","Gestao","remover","remover","Interacao em Tela ou modal do app (rota / (ver change_installments_tag))","app-rev:gerenciar-vendas:detalhes-da-venda:alterar-parcelas","clique:botao","cancelar-exclusao","","app-rev:gerenciar-vendas:*","{""event"":{""eventCategory"":""app-rev:gerenciar-vendas:detalhes-da-venda:alterar-parcelas"",""eventAction"":""clique:botao"",""eventLabel"":""cancelar-exclusao""}}","Jornada sellout no app"
"Vendas Sellout VD","Experiencia Venda APP / Gestao de Vendas","Vendas sellout","Gestao","migrar","migrar","Interacao em Tela ou modal do app (rota / (ver charge_link_tag))","app-rev:gerenciar-cobranca","clique:botao","gerar-link:${type.name}${origin != null ? ","","app-rev:gerenciar-cobranca:*","{""event"":{""eventCategory"":""app-rev:gerenciar-cobranca"",""eventAction"":""clique:botao"",""eventLabel"":""gerar-link:${type.name}${origin != null ? ""}}","Jornada sellout no app"
"Tarefas / Gestao (hub)","Tarefas e atalhos de Gestao","Gestao do negocio","Gestao","remover","remover","Interacao em Tela ou modal do app (rota / (ver confirm_delete_product_tag))","","clique:botao","manter-o-produto-na-venda","","","{""event"":{""eventCategory"":"""",""eventAction"":""clique:botao"",""eventLabel"":""manter-o-produto-na-venda""}}","Hub Gestao — revisar se e C&T ou compartilhado"
"Tarefas / Gestao (hub)","Tarefas e atalhos de Gestao","Gestao do negocio","Gestao","remover","remover","Interacao em Tela ou modal do app (rota / (ver confirm_delete_product_tag))","","clique:botao","sim-quero-excluir","","","{""event"":{""eventCategory"":"""",""eventAction"":""clique:botao"",""eventLabel"":""sim-quero-excluir""}}","Hub Gestao — revisar se e C&T ou compartilhado"
"Pronta Entrega RE","Experiencia Gestao de Ativos (Estoque RE)","Estoque RE","Gestao","remover","remover","Interacao em Tela ou modal do app (rota / (ver confirm_delete_tag))","app-rev:gestao-estoque:modal","clique:botao","manter-produto-no-estoque","","app-rev:gestao-estoque:*","{""event"":{""eventCategory"":""app-rev:gestao-estoque:modal"",""eventAction"":""clique:botao"",""eventLabel"":""manter-produto-no-estoque""}}","Pronta-entrega / estoque"
"Pronta Entrega RE","Experiencia Gestao de Ativos (Estoque RE)","Estoque RE","Gestao","remover","remover","Interacao em Tela ou modal do app (rota / (ver confirm_delete_tag))","app-rev:gestao-estoque:modal","clique:botao","sim-quero-excluir","","app-rev:gestao-estoque:*","{""event"":{""eventCategory"":""app-rev:gestao-estoque:modal"",""eventAction"":""clique:botao"",""eventLabel"":""sim-quero-excluir""}}","Pronta-entrega / estoque"
"Pronta Entrega RE","Experiencia Gestao de Ativos (Estoque RE)","Estoque RE","Gestao","remover","remover","Interacao em Fluxo de estoque / pronta-entrega","app-rev:gestao-estoque:modal","clique:botao","sim-adicionar-mais-produtos","","app-rev:gestao-estoque:*","{""event"":{""eventCategory"":""app-rev:gestao-estoque:modal"",""eventAction"":""clique:botao"",""eventLabel"":""sim-adicionar-mais-produtos""}}","Pronta-entrega / estoque"
"Pronta Entrega RE","Experiencia Gestao de Ativos (Estoque RE)","Estoque RE","Gestao","remover","remover","Interacao em Fluxo de estoque / pronta-entrega","app-rev:gestao-estoque:modal","clique:botao","fechar","","app-rev:gestao-estoque:*","{""event"":{""eventCategory"":""app-rev:gestao-estoque:modal"",""eventAction"":""clique:botao"",""eventLabel"":""fechar""}}","Pronta-entrega / estoque"
"Pronta Entrega RE","Experiencia Gestao de Ativos (Estoque RE)","Estoque RE","Gestao","remover","remover","Interacao em Fluxo de estoque / pronta-entrega","app-rev:gestao-estoque:modal","clique:botao","compartilhar-produto-pronta-entrega","","app-rev:gestao-estoque:*","{""event"":{""eventCategory"":""app-rev:gestao-estoque:modal"",""eventAction"":""clique:botao"",""eventLabel"":""compartilhar-produto-pronta-entrega""}}","Pronta-entrega / estoque"
"Pronta Entrega RE","Experiencia Gestao de Ativos (Estoque RE)","Estoque RE","Gestao","migrar","migrar","Interacao em Fluxo de estoque / pronta-entrega","app-rev:gestao-estoque:modal","callback:adicionar-produto","$quantity:$sku:erro","","app-rev:gestao-estoque:*","{""event"":{""eventCategory"":""app-rev:gestao-estoque:modal"",""eventAction"":""callback:adicionar-produto"",""eventLabel"":""$quantity:$sku:erro""}}","Pronta-entrega / estoque"
"Pronta Entrega RE","Experiencia Gestao de Ativos (Estoque RE)","Estoque RE","Gestao","migrar","migrar","Interacao em Fluxo de estoque / pronta-entrega","app-rev:gestao-estoque:modal","callback:adicionar-produto","$quantity:$sku:sucesso","","app-rev:gestao-estoque:*","{""event"":{""eventCategory"":""app-rev:gestao-estoque:modal"",""eventAction"":""callback:adicionar-produto"",""eventLabel"":""$quantity:$sku:sucesso""}}","Pronta-entrega / estoque"
"Pronta Entrega RE","Experiencia Gestao de Ativos (Estoque RE)","Estoque RE","Gestao","remover","remover","Interacao em Fluxo de estoque / pronta-entrega","app-rev:gestao-estoque:modal","clique:botao","adicionar-produto:$sku","","app-rev:gestao-estoque:*","{""event"":{""eventCategory"":""app-rev:gestao-estoque:modal"",""eventAction"":""clique:botao"",""eventLabel"":""adicionar-produto:$sku""}}","Pronta-entrega / estoque"
"Pronta Entrega RE","Experiencia Gestao de Ativos (Estoque RE)","Estoque RE","Gestao","remover","remover","Interacao em Fluxo de estoque / pronta-entrega","app-rev:gestao-estoque:modal","clique:botao","fechar:$sku","","app-rev:gestao-estoque:*","{""event"":{""eventCategory"":""app-rev:gestao-estoque:modal"",""eventAction"":""clique:botao"",""eventLabel"":""fechar:$sku""}}","Pronta-entrega / estoque"
"Pronta Entrega RE","Experiencia Gestao de Ativos (Estoque RE)","Estoque RE","Gestao","remover","remover","Interacao em Fluxo de estoque / pronta-entrega","app-rev:gestao-estoque:modal","clique:botao","adicionar-item:$sku","","app-rev:gestao-estoque:*","{""event"":{""eventCategory"":""app-rev:gestao-estoque:modal"",""eventAction"":""clique:botao"",""eventLabel"":""adicionar-item:$sku""}}","Pronta-entrega / estoque"
"Pronta Entrega RE","Experiencia Gestao de Ativos (Estoque RE)","Estoque RE","Gestao","remover","remover","Interacao em Fluxo de estoque / pronta-entrega","app-rev:gestao-estoque:modal","clique:botao","remover-item:$sku","","app-rev:gestao-estoque:*","{""event"":{""eventCategory"":""app-rev:gestao-estoque:modal"",""eventAction"":""clique:botao"",""eventLabel"":""remover-item:$sku""}}","Pronta-entrega / estoque"
"Pronta Entrega RE","Experiencia Gestao de Ativos (Estoque RE)","Estoque RE","Gestao","remover","remover","Interacao em Fluxo de estoque / pronta-entrega","app-rev:gestao-estoque:modal","clique:tooltip","info-preco","","app-rev:gestao-estoque:*","{""event"":{""eventCategory"":""app-rev:gestao-estoque:modal"",""eventAction"":""clique:tooltip"",""eventLabel"":""info-preco""}}","Pronta-entrega / estoque"
"Carteira de Clientes CF VD","Gestao da Carteira de Clientes","Carteira de clientes","Gestao","remover","remover","Fluxo de gestao de clientes","","","","","","{""add_customer"":{""eventCategory"":""app-rev:gerenciar-clientes"",""eventAction"":"""",""eventLabel"":""""}}","Pode cruzar com Recomendacao > Gestao de clientes"
"Carteira de Clientes CF VD","Gestao da Carteira de Clientes","Carteira de clientes","Gestao","remover","remover","Interacao em Fluxo de gestao de clientes","app-rev:gerenciar-clientes","","","","app-rev:gerenciar-clientes:*","{""event"":{""eventCategory"":""app-rev:gerenciar-clientes"",""eventAction"":"""",""eventLabel"":""""}}","Pode cruzar com Recomendacao > Gestao de clientes"
"Carteira de Clientes CF VD","Gestao da Carteira de Clientes","Carteira de clientes","Gestao","remover","remover","Interacao em Fluxo de gestao de clientes","app-rev:gerenciar-clientes","","","","app-rev:gerenciar-clientes:*","{""event"":{""eventCategory"":""app-rev:gerenciar-clientes"",""eventAction"":"""",""eventLabel"":""""}}","Pode cruzar com Recomendacao > Gestao de clientes"
"Carteira de Clientes CF VD","Gestao da Carteira de Clientes","Carteira de clientes","Gestao","remover","remover","Interacao em Fluxo de gestao de clientes","app-rev:gerenciar-clientes","","","","app-rev:gerenciar-clientes:*","{""event"":{""eventCategory"":""app-rev:gerenciar-clientes"",""eventAction"":"""",""eventLabel"":""""}}","Pode cruzar com Recomendacao > Gestao de clientes"
"Carteira de Clientes CF VD","Gestao da Carteira de Clientes","Carteira de clientes","Gestao","remover","remover","Interacao em Fluxo de gestao de clientes","app-rev:gerenciar-clientes","","","","app-rev:gerenciar-clientes:*","{""event"":{""eventCategory"":""app-rev:gerenciar-clientes"",""eventAction"":"""",""eventLabel"":""""}}","Pode cruzar com Recomendacao > Gestao de clientes"
"Carteira de Clientes CF VD","Gestao da Carteira de Clientes","Carteira de clientes","Gestao","remover","remover","Interacao em Fluxo de gestao de clientes","app-rev:gerenciar-clientes","","","","app-rev:gerenciar-clientes:*","{""event"":{""eventCategory"":""app-rev:gerenciar-clientes"",""eventAction"":"""",""eventLabel"":""""}}","Pode cruzar com Recomendacao > Gestao de clientes"
"Carteira de Clientes CF VD","Gestao da Carteira de Clientes","Carteira de clientes","Gestao","remover","remover","Interacao em Fluxo de gestao de clientes","app-rev:gerenciar-clientes","","","","app-rev:gerenciar-clientes:*","{""event"":{""eventCategory"":""app-rev:gerenciar-clientes"",""eventAction"":"""",""eventLabel"":""""}}","Pode cruzar com Recomendacao > Gestao de clientes"
"Carteira de Clientes CF VD","Gestao da Carteira de Clientes","Carteira de clientes","Gestao","remover","remover","Interacao em Fluxo de gestao de clientes","app-rev:categoria:indicacoes-para-clientes","","","","app-rev:categoria:*","{""event"":{""eventCategory"":""app-rev:categoria:indicacoes-para-clientes"",""eventAction"":"""",""eventLabel"":""""}}","Pode cruzar com Recomendacao > Gestao de clientes"
"Carteira de Clientes CF VD","Gestao da Carteira de Clientes","Carteira de clientes","Gestao","remover","remover","Interacao em Fluxo de gestao de clientes","app-rev:categoria:indicacoes-para-clientes","","","","app-rev:categoria:*","{""event"":{""eventCategory"":""app-rev:categoria:indicacoes-para-clientes"",""eventAction"":"""",""eventLabel"":""""}}","Pode cruzar com Recomendacao > Gestao de clientes"
"Vendas Sellout VD","Experiencia Venda APP / Gestao de Vendas","Vendas sellout","Gestao","remover","remover","Interacao em Tela ou modal do app (rota / (ver delete_installment_modal_tag))","app-rev:gerenciar-vendas:detalhe-parcela:modal:deletar-parcelas","clique:botao","sim-quero-excluir","","app-rev:gerenciar-vendas:*","{""event"":{""eventCategory"":""app-rev:gerenciar-vendas:detalhe-parcela:modal:deletar-parcelas"",""eventAction"":""clique:botao"",""eventLabel"":""sim-quero-excluir""}}","Jornada sellout no app"
"Vendas Sellout VD","Experiencia Venda APP / Gestao de Vendas","Vendas sellout","Gestao","remover","remover","Interacao em Tela ou modal do app (rota / (ver delete_installment_modal_tag))","app-rev:gerenciar-vendas:detalhe-parcela:modal:deletar-parcelas","clique:botao","nao-excluir","","app-rev:gerenciar-vendas:*","{""event"":{""eventCategory"":""app-rev:gerenciar-vendas:detalhe-parcela:modal:deletar-parcelas"",""eventAction"":""clique:botao"",""eventLabel"":""nao-excluir""}}","Jornada sellout no app"
"Vendas Sellout VD","Experiencia Venda APP / Gestao de Vendas","Vendas sellout","Gestao","remover","remover","Interacao em Tela ou modal do app (rota / (ver delete_payment_modal_tag))","app-rev:gerenciar-vendas:detalhe-parcela:modal:deletar-parcelas","clique:botao","sim-quero-excluir","","app-rev:gerenciar-vendas:*","{""event"":{""eventCategory"":""app-rev:gerenciar-vendas:detalhe-parcela:modal:deletar-parcelas"",""eventAction"":""clique:botao"",""eventLabel"":""sim-quero-excluir""}}","Jornada sellout no app"
"Vendas Sellout VD","Experiencia Venda APP / Gestao de Vendas","Vendas sellout","Gestao","remover","remover","Interacao em Tela ou modal do app (rota / (ver delete_payment_modal_tag))","app-rev:gerenciar-vendas:detalhe-parcela:modal:deletar-parcelas","clique:botao","nao-excluir","","app-rev:gerenciar-vendas:*","{""event"":{""eventCategory"":""app-rev:gerenciar-vendas:detalhe-parcela:modal:deletar-parcelas"",""eventAction"":""clique:botao"",""eventLabel"":""nao-excluir""}}","Jornada sellout no app"
"Vendas Sellout VD","Experiencia Venda APP / Gestao de Vendas","Vendas sellout","Gestao","remover","remover","Interacao em Tela ou modal do app (rota / (ver generic_product_onboarding_tag))","app-rev:gerenciar-vendas:onboarding-produto-generico","clique:botao","adicionar-produto-a-venda","","app-rev:gerenciar-vendas:*","{""event"":{""eventCategory"":""app-rev:gerenciar-vendas:onboarding-produto-generico"",""eventAction"":""clique:botao"",""eventLabel"":""adicionar-produto-a-venda""}}","Jornada sellout no app"
"Vendas Sellout VD","Experiencia Venda APP / Gestao de Vendas","Vendas sellout","Gestao","remover","remover","Interacao em Tela ou modal do app (rota / (ver generic_product_onboarding_tag))","app-rev:gerenciar-vendas:onboarding-produto-generico","clique:botao","adicionar-venda","","app-rev:gerenciar-vendas:*","{""event"":{""eventCategory"":""app-rev:gerenciar-vendas:onboarding-produto-generico"",""eventAction"":""clique:botao"",""eventLabel"":""adicionar-venda""}}","Jornada sellout no app"
"Vendas Sellout VD","Experiencia Venda APP / Gestao de Vendas","Vendas sellout","Gestao","remover","remover","Interacao em Tela ou modal do app (rota / (ver generic_product_onboarding_tag))","app-rev:gerenciar-vendas:onboarding-produto-generico","clique:botao","fechar","","app-rev:gerenciar-vendas:*","{""event"":{""eventCategory"":""app-rev:gerenciar-vendas:onboarding-produto-generico"",""eventAction"":""clique:botao"",""eventLabel"":""fechar""}}","Jornada sellout no app"
"Vendas Sellout VD","Experiencia Venda APP / Gestao de Vendas","Vendas sellout","Gestao","remover","remover","Interacao em Tela ou modal do app (rota / (ver generic_product_onboarding_tag))","app-rev:gerenciar-vendas:onboarding-produto-generico","clique:botao","roupas","","app-rev:gerenciar-vendas:*","{""event"":{""eventCategory"":""app-rev:gerenciar-vendas:onboarding-produto-generico"",""eventAction"":""clique:botao"",""eventLabel"":""roupas""}}","Jornada sellout no app"
"Vendas Sellout VD","Experiencia Venda APP / Gestao de Vendas","Vendas sellout","Gestao","remover","remover","Interacao em Tela ou modal do app (rota / (ver generic_product_onboarding_tag))","app-rev:gerenciar-vendas:onboarding-produto-generico","clique:botao","formulario","","app-rev:gerenciar-vendas:*","{""event"":{""eventCategory"":""app-rev:gerenciar-vendas:onboarding-produto-generico"",""eventAction"":""clique:botao"",""eventLabel"":""formulario""}}","Jornada sellout no app"
"Vendas Sellout VD","Experiencia Venda APP / Gestao de Vendas","Vendas sellout","Gestao","remover","remover","Interacao em Tela ou modal do app (rota / (ver generic_product_onboarding_tag))","app-rev:gerenciar-vendas:onboarding-produto-generico","clique:botao","outras-marcas","","app-rev:gerenciar-vendas:*","{""event"":{""eventCategory"":""app-rev:gerenciar-vendas:onboarding-produto-generico"",""eventAction"":""clique:botao"",""eventLabel"":""outras-marcas""}}","Jornada sellout no app"
"Vendas Sellout VD","Experiencia Venda APP / Gestao de Vendas","Vendas sellout","Gestao","remover","remover","Interacao em Tela ou modal do app (rota / (ver generic_product_onboarding_tag))","app-rev:gerenciar-vendas:onboarding-produto-generico","clique:botao","adicionar-produtos","","app-rev:gerenciar-vendas:*","{""event"":{""eventCategory"":""app-rev:gerenciar-vendas:onboarding-produto-generico"",""eventAction"":""clique:botao"",""eventLabel"":""adicionar-produtos""}}","Jornada sellout no app"
"Vendas Sellout VD","Experiencia Venda APP / Gestao de Vendas","Vendas sellout","Gestao","remover","remover","Interacao em Tela ou modal do app (rota / (ver generic_product_onboarding_tag))","app-rev:gerenciar-vendas:onboarding-produto-generico","clique:botao","selecionar","","app-rev:gerenciar-vendas:*","{""event"":{""eventCategory"":""app-rev:gerenciar-vendas:onboarding-produto-generico"",""eventAction"":""clique:botao"",""eventLabel"":""selecionar""}}","Jornada sellout no app"
"Vendas Sellout VD","Experiencia Venda APP / Gestao de Vendas","Vendas sellout","Gestao","remover","remover","Interacao em Tela ou modal do app (rota / (ver generic_product_onboarding_tag))","app-rev:gerenciar-vendas:onboarding-produto-generico","clique:botao","pular","","app-rev:gerenciar-vendas:*","{""event"":{""eventCategory"":""app-rev:gerenciar-vendas:onboarding-produto-generico"",""eventAction"":""clique:botao"",""eventLabel"":""pular""}}","Jornada sellout no app"
"Vendas Sellout VD","Experiencia Venda APP / Gestao de Vendas","Vendas sellout","Gestao","remover","remover","Interacao em Tela ou modal do app (rota / (ver generic_product_onboarding_tag))","app-rev:gerenciar-vendas:onboarding-produto-generico","clique:botao","quero-conhecer","","app-rev:gerenciar-vendas:*","{""event"":{""eventCategory"":""app-rev:gerenciar-vendas:onboarding-produto-generico"",""eventAction"":""clique:botao"",""eventLabel"":""quero-conhecer""}}","Jornada sellout no app"
"Vendas Sellout VD","Experiencia Venda APP / Gestao de Vendas","Vendas sellout","Gestao","remover","remover","Interacao em Tela ou modal do app (rota / (ver installment_detail_tag))","app-rev:gerenciar-vendas:detalhes-da-venda:detalhes-da-parcela","clique:botao","adicionar-pagamento","","app-rev:gerenciar-vendas:*","{""event"":{""eventCategory"":""app-rev:gerenciar-vendas:detalhes-da-venda:detalhes-da-parcela"",""eventAction"":""clique:botao"",""eventLabel"":""adicionar-pagamento""}}","Jornada sellout no app"
"Vendas Sellout VD","Experiencia Venda APP / Gestao de Vendas","Vendas sellout","Gestao","remover","remover","Interacao em Tela ou modal do app (rota / (ver installment_detail_tag))","app-rev:gerenciar-vendas:detalhes-da-venda:detalhes-da-parcela","clique:botao","deletar-parcela","","app-rev:gerenciar-vendas:*","{""event"":{""eventCategory"":""app-rev:gerenciar-vendas:detalhes-da-venda:detalhes-da-parcela"",""eventAction"":""clique:botao"",""eventLabel"":""deletar-parcela""}}","Jornada sellout no app"
"Vendas Sellout VD","Experiencia Venda APP / Gestao de Vendas","Vendas sellout","Gestao","remover","remover","Interacao em Tela ou modal do app (rota / (ver installment_detail_tag))","app-rev:gerenciar-vendas:detalhes-da-venda:detalhes-da-parcela","clique:botao","deletar-pagamento","","app-rev:gerenciar-vendas:*","{""event"":{""eventCategory"":""app-rev:gerenciar-vendas:detalhes-da-venda:detalhes-da-parcela"",""eventAction"":""clique:botao"",""eventLabel"":""deletar-pagamento""}}","Jornada sellout no app"
"Vendas Sellout VD","Experiencia Venda APP / Gestao de Vendas","Vendas sellout","Gestao","remover","remover","Interacao em Tela ou modal do app (rota / (ver installment_detail_tag))","app-rev:gerenciar-vendas:detalhes-da-venda:detalhes-da-parcela","clique:botao","editar-parcela","","app-rev:gerenciar-vendas:*","{""event"":{""eventCategory"":""app-rev:gerenciar-vendas:detalhes-da-venda:detalhes-da-parcela"",""eventAction"":""clique:botao"",""eventLabel"":""editar-parcela""}}","Jornada sellout no app"
"Vendas Sellout VD","Experiencia Venda APP / Gestao de Vendas","Vendas sellout","Gestao","remover","remover","Interacao em Tela ou modal do app (rota / (ver installment_detail_tag))","app-rev:gerenciar-vendas:detalhes-da-venda:detalhes-da-parcela","clique:botao","ver-historico","","app-rev:gerenciar-vendas:*","{""event"":{""eventCategory"":""app-rev:gerenciar-vendas:detalhes-da-venda:detalhes-da-parcela"",""eventAction"":""clique:botao"",""eventLabel"":""ver-historico""}}","Jornada sellout no app"
"Vendas Sellout VD","Experiencia Venda APP / Gestao de Vendas","Vendas sellout","Gestao","remover","remover","Interacao em Tela ou modal do app (rota / (ver installment_detail_tag))","app-rev:gerenciar-vendas:detalhes-da-venda:detalhes-da-parcela","clique:botao","enviar-lembrete","","app-rev:gerenciar-vendas:*","{""event"":{""eventCategory"":""app-rev:gerenciar-vendas:detalhes-da-venda:detalhes-da-parcela"",""eventAction"":""clique:botao"",""eventLabel"":""enviar-lembrete""}}","Jornada sellout no app"
"Vendas Sellout VD","Experiencia Venda APP / Gestao de Vendas","Vendas sellout","Gestao","remover","remover","Interacao em Tela ou modal do app (rota / (ver installment_detail_tag))","app-rev:gerenciar-vendas:detalhes-da-venda:detalhes-da-parcela","dinamico","dinamico (toAnalyticsFormat)","","app-rev:gerenciar-vendas:*","{""event"":{""eventCategory"":""app-rev:gerenciar-vendas:detalhes-da-venda:detalhes-da-parcela"",""eventAction"":""dinamico"",""eventLabel"":""dinamico (toAnalyticsFormat)""}}","Jornada sellout no app"
"Vendas Sellout VD","Experiencia Venda APP / Gestao de Vendas","Vendas sellout","Gestao","remover","remover","Interacao em Tela ou modal do app (rota / (ver installment_edit_info_modal_tag))","app-rev:gerenciar-vendas:detalhe-parcela:modal:editar-parcela","dinamico","dinamico (toAnalyticsFormat)","","app-rev:gerenciar-vendas:*","{""event"":{""eventCategory"":""app-rev:gerenciar-vendas:detalhe-parcela:modal:editar-parcela"",""eventAction"":""dinamico"",""eventLabel"":""dinamico (toAnalyticsFormat)""}}","Jornada sellout no app"
"Vendas Sellout VD","Experiencia Venda APP / Gestao de Vendas","Vendas sellout","Gestao","remover","remover","Interacao em Tela ou modal do app (rota / (ver installment_edit_info_modal_tag))","app-rev:gerenciar-vendas:detalhe-parcela:modal:editar-parcela","interacao:campo","preencheu:data-do-pagamento:data-invalida:$formattedDate","","app-rev:gerenciar-vendas:*","{""event"":{""eventCategory"":""app-rev:gerenciar-vendas:detalhe-parcela:modal:editar-parcela"",""eventAction"":""interacao:campo"",""eventLabel"":""preencheu:data-do-pagamento:data-invalida:$formattedDate""}}","Jornada sellout no app"
"Vendas Sellout VD","Experiencia Venda APP / Gestao de Vendas","Vendas sellout","Gestao","remover","remover","Interacao em Tela ou modal do app (rota / (ver installment_edit_info_modal_tag))","app-rev:gerenciar-vendas:detalhe-parcela:modal:editar-parcela","interacao:campo","preencheu:valor:valor-invalido:$value","","app-rev:gerenciar-vendas:*","{""event"":{""eventCategory"":""app-rev:gerenciar-vendas:detalhe-parcela:modal:editar-parcela"",""eventAction"":""interacao:campo"",""eventLabel"":""preencheu:valor:valor-invalido:$value""}}","Jornada sellout no app"
"Vendas Sellout VD","Experiencia Venda APP / Gestao de Vendas","Vendas sellout","Gestao","remover","remover","Interacao em Tela ou modal do app (rota / (ver installment_edit_info_modal_tag))","app-rev:gerenciar-vendas:detalhe-parcela:modal:editar-parcela","show:modal","editar-parcela","","app-rev:gerenciar-vendas:*","{""event"":{""eventCategory"":""app-rev:gerenciar-vendas:detalhe-parcela:modal:editar-parcela"",""eventAction"":""show:modal"",""eventLabel"":""editar-parcela""}}","Jornada sellout no app"
"Vendas Sellout VD","Experiencia Venda APP / Gestao de Vendas","Vendas sellout","Gestao","remover","remover","Interacao em Tela ou modal do app (rota / (ver installment_edit_info_modal_tag))","app-rev:gerenciar-vendas:detalhe-parcela:modal:editar-parcela","clique:botao","salvar-alteracoes","","app-rev:gerenciar-vendas:*","{""event"":{""eventCategory"":""app-rev:gerenciar-vendas:detalhe-parcela:modal:editar-parcela"",""eventAction"":""clique:botao"",""eventLabel"":""salvar-alteracoes""}}","Jornada sellout no app"
"Tarefas / Gestao (hub)","Tarefas e atalhos de Gestao","Gestao do negocio","Gestao","remover","remover","Interacao em Tela ou modal do app (rota / (ver instructions_modal_tag))","app-rev:gestao-de-negocio","clique:botao","finalizar","","app-rev:gestao-de-negocio:*","{""event"":{""eventCategory"":""app-rev:gestao-de-negocio"",""eventAction"":""clique:botao"",""eventLabel"":""finalizar""}}","Hub Gestao — revisar se e C&T ou compartilhado"
"Tarefas / Gestao (hub)","Tarefas e atalhos de Gestao","Gestao do negocio","Gestao","remover","remover","Interacao em Tela ou modal do app (rota / (ver instructions_modal_tag))","app-rev:gestao-de-negocio","clique:botao","proximo","","app-rev:gestao-de-negocio:*","{""event"":{""eventCategory"":""app-rev:gestao-de-negocio"",""eventAction"":""clique:botao"",""eventLabel"":""proximo""}}","Hub Gestao — revisar se e C&T ou compartilhado"
"Tarefas / Gestao (hub)","Tarefas e atalhos de Gestao","Gestao do negocio","Gestao","remover","remover","Interacao em Tela ou modal do app (rota / (ver instructions_modal_tag))","app-rev:gestao-de-negocio","clique:botao","anterior","","app-rev:gestao-de-negocio:*","{""event"":{""eventCategory"":""app-rev:gestao-de-negocio"",""eventAction"":""clique:botao"",""eventLabel"":""anterior""}}","Hub Gestao — revisar se e C&T ou compartilhado"
"Tarefas / Gestao (hub)","Tarefas e atalhos de Gestao","Gestao do negocio","Gestao","remover","remover","Interacao em Tela ou modal do app (rota / (ver instructions_modal_tag))","app-rev:gestao-de-negocio","clique:botao","pular","","app-rev:gestao-de-negocio:*","{""event"":{""eventCategory"":""app-rev:gestao-de-negocio"",""eventAction"":""clique:botao"",""eventLabel"":""pular""}}","Hub Gestao — revisar se e C&T ou compartilhado"
"Vendas Sellout VD","Experiencia Venda APP / Gestao de Vendas","Vendas sellout","Gestao","remover","remover","Interacao em Tela ou modal do app (rota / (ver payment_detail_model_tag))","app-rev:gerenciar-vendas:detalhe-parcela:modal:adicionar-dados-pagamento","dinamico","dinamico (toAnalyticsFormat)","","app-rev:gerenciar-vendas:*","{""event"":{""eventCategory"":""app-rev:gerenciar-vendas:detalhe-parcela:modal:adicionar-dados-pagamento"",""eventAction"":""dinamico"",""eventLabel"":""dinamico (toAnalyticsFormat)""}}","Jornada sellout no app"
"Vendas Sellout VD","Experiencia Venda APP / Gestao de Vendas","Vendas sellout","Gestao","remover","remover","Interacao em Tela ou modal do app (rota / (ver payment_detail_model_tag))","app-rev:gerenciar-vendas:detalhe-parcela:modal:adicionar-dados-pagamento","clique:botao","adicionar","","app-rev:gerenciar-vendas:*","{""event"":{""eventCategory"":""app-rev:gerenciar-vendas:detalhe-parcela:modal:adicionar-dados-pagamento"",""eventAction"":""clique:botao"",""eventLabel"":""adicionar""}}","Jornada sellout no app"
"Vendas Sellout VD","Experiencia Venda APP / Gestao de Vendas","Vendas sellout","Gestao","remover","remover","Interacao em Tela ou modal do app (rota / (ver payment_detail_model_tag))","app-rev:gerenciar-vendas:detalhe-parcela:modal:adicionar-dados-pagamento","dinamico","dinamico (toAnalyticsFormat)","","app-rev:gerenciar-vendas:*","{""event"":{""eventCategory"":""app-rev:gerenciar-vendas:detalhe-parcela:modal:adicionar-dados-pagamento"",""eventAction"":""dinamico"",""eventLabel"":""dinamico (toAnalyticsFormat)""}}","Jornada sellout no app"
"Vendas Sellout VD","Experiencia Venda APP / Gestao de Vendas","Vendas sellout","Gestao","remover","remover","Interacao em Tela ou modal do app (rota / (ver payment_detail_model_tag))","app-rev:gerenciar-vendas:detalhe-parcela:modal:adicionar-dados-pagamento","interacao:campo","preencheu:data-do-pagamento:data-invalida:$formattedDate","","app-rev:gerenciar-vendas:*","{""event"":{""eventCategory"":""app-rev:gerenciar-vendas:detalhe-parcela:modal:adicionar-dados-pagamento"",""eventAction"":""interacao:campo"",""eventLabel"":""preencheu:data-do-pagamento:data-invalida:$formattedDate""}}","Jornada sellout no app"
"Vendas Sellout VD","Experiencia Venda APP / Gestao de Vendas","Vendas sellout","Gestao","remover","remover","Interacao em Tela ou modal do app (rota / (ver payment_detail_model_tag))","app-rev:gerenciar-vendas:detalhe-parcela:modal:adicionar-dados-pagamento","interacao:campo","preencheu:valor:valor-invalido:$value","","app-rev:gerenciar-vendas:*","{""event"":{""eventCategory"":""app-rev:gerenciar-vendas:detalhe-parcela:modal:adicionar-dados-pagamento"",""eventAction"":""interacao:campo"",""eventLabel"":""preencheu:valor:valor-invalido:$value""}}","Jornada sellout no app"
"Vendas Sellout VD","Experiencia Venda APP / Gestao de Vendas","Vendas sellout","Gestao","remover","remover","Interacao em Tela ou modal do app (rota / (ver payment_detail_model_tag))","app-rev:gerenciar-vendas:detalhe-parcela:modal:adicionar-dados-pagamento","clique:botao","ir-para-relatorio","","app-rev:gerenciar-vendas:*","{""event"":{""eventCategory"":""app-rev:gerenciar-vendas:detalhe-parcela:modal:adicionar-dados-pagamento"",""eventAction"":""clique:botao"",""eventLabel"":""ir-para-relatorio""}}","Jornada sellout no app"
"Vendas Sellout VD","Experiencia Venda APP / Gestao de Vendas","Vendas sellout","Gestao","remover","remover","Interacao em Tela ou modal do app (rota / (ver payment_detail_model_tag))","app-rev:gerenciar-vendas:detalhe-parcela:modal:adicionar-dados-pagamento","show:modal","/app-rev/gerenciar-vendas/detalhes-da-venda/modal/add-payment","","app-rev:gerenciar-vendas:*","{""event"":{""eventCategory"":""app-rev:gerenciar-vendas:detalhe-parcela:modal:adicionar-dados-pagamento"",""eventAction"":""show:modal"",""eventLabel"":""/app-rev/gerenciar-vendas/detalhes-da-venda/modal/add-payment""}}","Jornada sellout no app"
"Vendas Sellout VD","Experiencia Venda APP / Gestao de Vendas","Vendas sellout","Gestao","remover","remover","Interacao em Tela ou modal do app (rota / (ver payment_detail_model_tag))","app-rev:gerenciar-vendas:detalhe-parcela:modal:adicionar-dados-pagamento","interacao:lista","tipo-pagamento:$type","","app-rev:gerenciar-vendas:*","{""event"":{""eventCategory"":""app-rev:gerenciar-vendas:detalhe-parcela:modal:adicionar-dados-pagamento"",""eventAction"":""interacao:lista"",""eventLabel"":""tipo-pagamento:$type""}}","Jornada sellout no app"
"Pronta Entrega RE","Experiencia Gestao de Ativos (Estoque RE)","Estoque RE","Gestao","remover","remover","Interacao em Fluxo de estoque / pronta-entrega","app-rev:gestao-estoque:modal","clique:botao","adicionar-ao-estoque:$sku","","app-rev:gestao-estoque:*","{""event"":{""eventCategory"":""app-rev:gestao-estoque:modal"",""eventAction"":""clique:botao"",""eventLabel"":""adicionar-ao-estoque:$sku""}}","Pronta-entrega / estoque"
"Pronta Entrega RE","Experiencia Gestao de Ativos (Estoque RE)","Estoque RE","Gestao","remover","remover","Interacao em Fluxo de estoque / pronta-entrega","app-rev:gestao-estoque:modal","clique:botao","fechar:$sku","","app-rev:gestao-estoque:*","{""event"":{""eventCategory"":""app-rev:gestao-estoque:modal"",""eventAction"":""clique:botao"",""eventLabel"":""fechar:$sku""}}","Pronta-entrega / estoque"
"Pronta Entrega RE","Experiencia Gestao de Ativos (Estoque RE)","Estoque RE","Gestao","remover","remover","Interacao em Fluxo de estoque / pronta-entrega","app-rev:gestao-estoque:modal","clique:botao","remover-item:$sku","","app-rev:gestao-estoque:*","{""event"":{""eventCategory"":""app-rev:gestao-estoque:modal"",""eventAction"":""clique:botao"",""eventLabel"":""remover-item:$sku""}}","Pronta-entrega / estoque"
"Vendas Sellout VD","Experiencia Venda APP / Gestao de Vendas","Vendas sellout","Gestao","remover","remover","Interacao em Fluxo de vendas sellout (cadastro, edicao ou cobranca)","app-rev:gerenciar-vendas:detalhes-da-venda:modal:venda-atualizada","clique:botao","ajustar-parcelas","","app-rev:gerenciar-vendas:*","{""event"":{""eventCategory"":""app-rev:gerenciar-vendas:detalhes-da-venda:modal:venda-atualizada"",""eventAction"":""clique:botao"",""eventLabel"":""ajustar-parcelas""}}","Jornada sellout no app"
"Vendas Sellout VD","Experiencia Venda APP / Gestao de Vendas","Vendas sellout","Gestao","remover","remover","Interacao em Fluxo de vendas sellout (cadastro, edicao ou cobranca)","app-rev:gerenciar-vendas:detalhes-da-venda:modal:venda-atualizada","clique:botao","ajustar-mais-tarde","","app-rev:gerenciar-vendas:*","{""event"":{""eventCategory"":""app-rev:gerenciar-vendas:detalhes-da-venda:modal:venda-atualizada"",""eventAction"":""clique:botao"",""eventLabel"":""ajustar-mais-tarde""}}","Jornada sellout no app"
"Vendas Sellout VD","Experiencia Venda APP / Gestao de Vendas","Vendas sellout","Gestao","migrar","migrar","Interacao em Fluxo de vendas sellout (cadastro, edicao ou cobranca)","app-rev:gestao:organizar-vendas:vendas-adicionadas","clique:botao","compartilhar-minha-loja-digital","","app-rev:gestao:*","{""event"":{""eventCategory"":""app-rev:gestao:organizar-vendas:vendas-adicionadas"",""eventAction"":""clique:botao"",""eventLabel"":""compartilhar-minha-loja-digital""}}","Jornada sellout no app"
"Vendas Sellout VD","Experiencia Venda APP / Gestao de Vendas","Vendas sellout","Gestao","remover","remover","Interacao em Fluxo de vendas sellout (cadastro, edicao ou cobranca)","app-rev:gestao:organizar-vendas:vendas-adicionadas","clique:botao","voltar-para-o-inicio","","app-rev:gestao:*","{""event"":{""eventCategory"":""app-rev:gestao:organizar-vendas:vendas-adicionadas"",""eventAction"":""clique:botao"",""eventLabel"":""voltar-para-o-inicio""}}","Jornada sellout no app"
"Vendas Sellout VD","Experiencia Venda APP / Gestao de Vendas","Vendas sellout","Gestao","remover","remover","Interacao em Fluxo de vendas sellout (cadastro, edicao ou cobranca)","app-rev:gestao:organizar-vendas:vendas-adicionadas","clique:botao","voltar-para-detalhes-do-pedido","","app-rev:gestao:*","{""event"":{""eventCategory"":""app-rev:gestao:organizar-vendas:vendas-adicionadas"",""eventAction"":""clique:botao"",""eventLabel"":""voltar-para-detalhes-do-pedido""}}","Jornada sellout no app"
"Vendas Sellout VD","Experiencia Venda APP / Gestao de Vendas","Vendas sellout","Gestao","remover","remover","Interacao em Fluxo de vendas sellout (cadastro, edicao ou cobranca)","app-rev:gestao:organizar-vendas:vendas-adicionadas","clique:botao","ir-para-menu-gerenciar-vendas","","app-rev:gestao:*","{""event"":{""eventCategory"":""app-rev:gestao:organizar-vendas:vendas-adicionadas"",""eventAction"":""clique:botao"",""eventLabel"":""ir-para-menu-gerenciar-vendas""}}","Jornada sellout no app"
"Tarefas / Gestao (hub)","Tarefas e atalhos de Gestao","Gestao do negocio","Gestao","migrar","migrar","Interacao em Tela ou modal do app (rota / (ver select_products_tag))","app-rev:gestao:organizar-vendas:selecionar-produto","clique:botao","selecionar","","app-rev:gestao:*","{""event"":{""eventCategory"":""app-rev:gestao:organizar-vendas:selecionar-produto"",""eventAction"":""clique:botao"",""eventLabel"":""selecionar""}}","Hub Gestao — revisar se e C&T ou compartilhado"
"Pronta Entrega RE","Experiencia Gestao de Ativos (Estoque RE)","Estoque RE","Gestao","remover","remover","Interacao em Tela ou modal do app (rota / (ver sellin_sellout_succes_tag))","app-rev:sell-in-sell-out:pronta-entrega-sucesso","clique:botao","voltar-para-o-inicio","","app-rev:sell-in-sell-out:*","{""event"":{""eventCategory"":""app-rev:sell-in-sell-out:pronta-entrega-sucesso"",""eventAction"":""clique:botao"",""eventLabel"":""voltar-para-o-inicio""}}","Pronta-entrega / estoque"
"Pronta Entrega RE","Experiencia Gestao de Ativos (Estoque RE)","Estoque RE","Gestao","remover","remover","Interacao em Tela ou modal do app (rota / (ver sellin_sellout_succes_tag))","app-rev:sell-in-sell-out:pronta-entrega-sucesso","clique:botao","voltar-para-detalhes-do-pedido","","app-rev:sell-in-sell-out:*","{""event"":{""eventCategory"":""app-rev:sell-in-sell-out:pronta-entrega-sucesso"",""eventAction"":""clique:botao"",""eventLabel"":""voltar-para-detalhes-do-pedido""}}","Pronta-entrega / estoque"
"Pronta Entrega RE","Experiencia Gestao de Ativos (Estoque RE)","Estoque RE","Gestao","remover","remover","Interacao em Tela ou modal do app (rota / (ver sellin_sellout_succes_tag))","app-rev:sell-in-sell-out:pronta-entrega-sucesso","clique:botao","ir-para-pronta-entrega","","app-rev:sell-in-sell-out:*","{""event"":{""eventCategory"":""app-rev:sell-in-sell-out:pronta-entrega-sucesso"",""eventAction"":""clique:botao"",""eventLabel"":""ir-para-pronta-entrega""}}","Pronta-entrega / estoque"
"Pronta Entrega RE","Experiencia Gestao de Ativos (Estoque RE)","Estoque RE","Gestao","migrar","migrar","Interacao em Tela ou modal do app (rota / (ver sellin_sellout_succes_tag))","app-rev:sell-in-sell-out:pronta-entrega-sucesso","clique:botao","compartilhar-minha-loja-digital","","app-rev:sell-in-sell-out:*","{""event"":{""eventCategory"":""app-rev:sell-in-sell-out:pronta-entrega-sucesso"",""eventAction"":""clique:botao"",""eventLabel"":""compartilhar-minha-loja-digital""}}","Pronta-entrega / estoque"
"Tarefas / Gestao (hub)","Tarefas e atalhos de Gestao","Gestao do negocio","Gestao","migrar","migrar","Interacao em Tela ou modal do app (rota / (ver sellout_sellin_tag))","app-rev:vendas-recebidas","clique:botao","adicionar-produtos-ao-carrinho","","app-rev:vendas-recebidas:*","{""event"":{""eventCategory"":""app-rev:vendas-recebidas"",""eventAction"":""clique:botao"",""eventLabel"":""adicionar-produtos-ao-carrinho""}}","Hub Gestao — revisar se e C&T ou compartilhado"
"Tarefas / Gestao (hub)","Tarefas e atalhos de Gestao","Gestao do negocio","Gestao","remover","remover","Interacao em Tela ou modal do app (rota / (ver sellout_sellin_tag))","app-rev:vendas-recebidas","clique:botao","voltar-para-o-carrinho","","app-rev:vendas-recebidas:*","{""event"":{""eventCategory"":""app-rev:vendas-recebidas"",""eventAction"":""clique:botao"",""eventLabel"":""voltar-para-o-carrinho""}}","Hub Gestao — revisar se e C&T ou compartilhado"
"Vendas Sellout VD","Experiencia Venda APP / Gestao de Vendas","Vendas sellout","Gestao","migrar","migrar","Interacao em Fluxo de vendas sellout (cadastro, edicao ou cobranca)","app-rev:editar-produto","clique:botao","adicionar-produto","","app-rev:editar-produto:*","{""event"":{""eventCategory"":""app-rev:editar-produto"",""eventAction"":""clique:botao"",""eventLabel"":""adicionar-produto""}}","Jornada sellout no app"
"Vendas Sellout VD","Experiencia Venda APP / Gestao de Vendas","Vendas sellout","Gestao","remover","remover","Interacao em Fluxo de vendas sellout (cadastro, edicao ou cobranca)","app-rev:editar-produto","clique:icone","excluir-produto:$sku","","app-rev:editar-produto:*","{""event"":{""eventCategory"":""app-rev:editar-produto"",""eventAction"":""clique:icone"",""eventLabel"":""excluir-produto:$sku""}}","Jornada sellout no app"
"Vendas Sellout VD","Experiencia Venda APP / Gestao de Vendas","Vendas sellout","Gestao","remover","remover","Interacao em Fluxo de vendas sellout (cadastro, edicao ou cobranca)","app-rev:editar-produto","clique:botao","salvar-edicao","","app-rev:editar-produto:*","{""event"":{""eventCategory"":""app-rev:editar-produto"",""eventAction"":""clique:botao"",""eventLabel"":""salvar-edicao""}}","Jornada sellout no app"
"Carteira de Clientes CF VD","Gestao da Carteira de Clientes","Carteira de clientes","Gestao","remover","remover","Interacao em Carteira de clientes - cadastro, detalhe, tarefas e indicacoes","app-rev:gerenciar-clientes:indicar","","","","app-rev:gerenciar-clientes:*","{""event"":{""eventCategory"":""app-rev:gerenciar-clientes:indicar"",""eventAction"":"""",""eventLabel"":""""}}","Pode cruzar com Recomendacao > Gestao de clientes"
"Carteira de Clientes CF VD","Gestao da Carteira de Clientes","Carteira de clientes","Gestao","remover","remover","Interacao em Carteira de clientes - cadastro, detalhe, tarefas e indicacoes","app-rev:$tag","clique:botao","ver-mais-vitrine-${origin.queryParameter}-de-clientes","","app-rev:$tag:*","{""event"":{""eventCategory"":""app-rev:$tag"",""eventAction"":""clique:botao"",""eventLabel"":""ver-mais-vitrine-${origin.queryParameter}-de-clientes""}}","Pode cruzar com Recomendacao > Gestao de clientes"
"Carteira de Clientes CF VD","Gestao da Carteira de Clientes","Carteira de clientes","Gestao","remover","remover","Interacao em Carteira de clientes - cadastro, detalhe, tarefas e indicacoes","app-rev:$tag","clique:botao","ver-mais-indicacoes-vitrine-${origin.queryParameter}-de-clientes","","app-rev:$tag:*","{""event"":{""eventCategory"":""app-rev:$tag"",""eventAction"":""clique:botao"",""eventLabel"":""ver-mais-indicacoes-vitrine-${origin.queryParameter}-de-clientes""}}","Pode cruzar com Recomendacao > Gestao de clientes"
"Carteira de Clientes CF VD","Gestao da Carteira de Clientes","Carteira de clientes","Gestao","migrar","migrar","Interacao em Carteira de clientes - cadastro, detalhe, tarefas e indicacoes","app-rev:$tag","clique:botao","ver-outras-indicacoes","","app-rev:$tag:*","{""event"":{""eventCategory"":""app-rev:$tag"",""eventAction"":""clique:botao"",""eventLabel"":""ver-outras-indicacoes""}}","Pode cruzar com Recomendacao > Gestao de clientes"
"Carteira de Clientes CF VD","Gestao da Carteira de Clientes","Carteira de clientes","Gestao","migrar","migrar","Interacao em Carteira de clientes - cadastro, detalhe, tarefas e indicacoes","app-rev:$tag","","","","app-rev:$tag:*","{""event"":{""eventCategory"":""app-rev:$tag"",""eventAction"":"""",""eventLabel"":""""}}","Pode cruzar com Recomendacao > Gestao de clientes"
"Carteira de Clientes CF VD","Gestao da Carteira de Clientes","Carteira de clientes","Gestao","migrar","migrar","Interacao em Carteira de clientes - cadastro, detalhe, tarefas e indicacoes","app-rev:$tag","","","","app-rev:$tag:*","{""event"":{""eventCategory"":""app-rev:$tag"",""eventAction"":"""",""eventLabel"":""""}}","Pode cruzar com Recomendacao > Gestao de clientes"
"Carteira de Clientes CF VD","Gestao da Carteira de Clientes","Carteira de clientes","Gestao","migrar","migrar","Interacao em Carteira de clientes - cadastro, detalhe, tarefas e indicacoes","app-rev:$tag","","","","app-rev:$tag:*","{""event"":{""eventCategory"":""app-rev:$tag"",""eventAction"":"""",""eventLabel"":""""}}","Pode cruzar com Recomendacao > Gestao de clientes"
"Recomendacao de Produtos CF VD","Divulgar Produtos / Ativacoes / Carrinho abandonado","Recomendacao de produtos","Gestao","migrar","migrar","Interacao em Carteira de clientes - cadastro, detalhe, tarefas e indicacoes","$_eventCategoryBase:indicar","","","","$_eventCategoryBase:indicar:*","{""event"":{""eventCategory"":""$_eventCategoryBase:indicar"",""eventAction"":"""",""eventLabel"":""""}}","Ativacoes e divulgacao de produto"
"Recomendacao de Produtos CF VD","Divulgar Produtos / Ativacoes / Carrinho abandonado","Recomendacao de produtos","Gestao","migrar","migrar","Interacao em Carteira de clientes - cadastro, detalhe, tarefas e indicacoes","$_eventCategoryBase:indicar","","","","$_eventCategoryBase:indicar:*","{""event"":{""eventCategory"":""$_eventCategoryBase:indicar"",""eventAction"":"""",""eventLabel"":""""}}","Ativacoes e divulgacao de produto"
"Recomendacao de Produtos CF VD","Divulgar Produtos / Ativacoes / Carrinho abandonado","Recomendacao de produtos","Gestao","migrar","migrar","Interacao em Carteira de clientes - cadastro, detalhe, tarefas e indicacoes","$_eventCategoryBase:indicar","","","","$_eventCategoryBase:indicar:*","{""event"":{""eventCategory"":""$_eventCategoryBase:indicar"",""eventAction"":"""",""eventLabel"":""""}}","Ativacoes e divulgacao de produto"
"Recomendacao de Produtos CF VD","Divulgar Produtos / Ativacoes / Carrinho abandonado","Recomendacao de produtos","Gestao","migrar","migrar","Interacao em Carteira de clientes - cadastro, detalhe, tarefas e indicacoes","$_eventCategoryBase:indicar","","","","$_eventCategoryBase:indicar:*","{""event"":{""eventCategory"":""$_eventCategoryBase:indicar"",""eventAction"":"""",""eventLabel"":""""}}","Ativacoes e divulgacao de produto"
"Recomendacao de Produtos CF VD","Divulgar Produtos / Ativacoes / Carrinho abandonado","Recomendacao de produtos","Gestao","migrar","migrar","Interacao em Carteira de clientes - cadastro, detalhe, tarefas e indicacoes","$_eventCategoryBase:indicar","","","","$_eventCategoryBase:indicar:*","{""event"":{""eventCategory"":""$_eventCategoryBase:indicar"",""eventAction"":"""",""eventLabel"":""""}}","Ativacoes e divulgacao de produto"
"Recomendacao de Produtos CF VD","Divulgar Produtos / Ativacoes / Carrinho abandonado","Recomendacao de produtos","Gestao","migrar","migrar","Interacao em Carteira de clientes - cadastro, detalhe, tarefas e indicacoes","$_eventCategoryBase:indicar","","","","$_eventCategoryBase:indicar:*","{""event"":{""eventCategory"":""$_eventCategoryBase:indicar"",""eventAction"":"""",""eventLabel"":""""}}","Ativacoes e divulgacao de produto"
"Recomendacao de Produtos CF VD","Divulgar Produtos / Ativacoes / Carrinho abandonado","Recomendacao de produtos","Gestao","migrar","migrar","Interacao em Carteira de clientes - cadastro, detalhe, tarefas e indicacoes","$_eventCategoryBase:indicar","","","","$_eventCategoryBase:indicar:*","{""event"":{""eventCategory"":""$_eventCategoryBase:indicar"",""eventAction"":"""",""eventLabel"":""""}}","Ativacoes e divulgacao de produto"
"Recomendacao de Produtos CF VD","Divulgar Produtos / Ativacoes / Carrinho abandonado","Recomendacao de produtos","Gestao","migrar","migrar","Interacao em Carteira de clientes - cadastro, detalhe, tarefas e indicacoes","$_eventCategoryBase:indicar","","","","$_eventCategoryBase:indicar:*","{""event"":{""eventCategory"":""$_eventCategoryBase:indicar"",""eventAction"":"""",""eventLabel"":""""}}","Ativacoes e divulgacao de produto"
"Carteira de Clientes CF VD","Gestao da Carteira de Clientes","Carteira de clientes","Gestao","remover","remover","Interacao em Carteira de clientes - cadastro, detalhe, tarefas e indicacoes","app-rev:gerenciar-clientes:proximos-aniversarios","","","","app-rev:gerenciar-clientes:*","{""event"":{""eventCategory"":""app-rev:gerenciar-clientes:proximos-aniversarios"",""eventAction"":"""",""eventLabel"":""""}}","Pode cruzar com Recomendacao > Gestao de clientes"
"Carteira de Clientes CF VD","Gestao da Carteira de Clientes","Carteira de clientes","Gestao","remover","remover","Interacao em Carteira de clientes - cadastro, detalhe, tarefas e indicacoes","app-rev:gerenciar-clientes:proximos-aniversarios","","","","app-rev:gerenciar-clientes:*","{""event"":{""eventCategory"":""app-rev:gerenciar-clientes:proximos-aniversarios"",""eventAction"":"""",""eventLabel"":""""}}","Pode cruzar com Recomendacao > Gestao de clientes"
"Carteira de Clientes CF VD","Gestao da Carteira de Clientes","Carteira de clientes","Gestao","remover","remover","Interacao em Carteira de clientes - cadastro, detalhe, tarefas e indicacoes","app-rev:gerenciar-clientes:proximos-aniversarios","","","","app-rev:gerenciar-clientes:*","{""event"":{""eventCategory"":""app-rev:gerenciar-clientes:proximos-aniversarios"",""eventAction"":"""",""eventLabel"":""""}}","Pode cruzar com Recomendacao > Gestao de clientes"
"Carteira de Clientes CF VD","Gestao da Carteira de Clientes","Carteira de clientes","Gestao","remover","remover","Interacao em Carteira de clientes - cadastro, detalhe, tarefas e indicacoes","app-rev:gerenciar-clientes:proximos-aniversarios","","","","app-rev:gerenciar-clientes:*","{""event"":{""eventCategory"":""app-rev:gerenciar-clientes:proximos-aniversarios"",""eventAction"":"""",""eventLabel"":""""}}","Pode cruzar com Recomendacao > Gestao de clientes"
"Carteira de Clientes CF VD","Gestao da Carteira de Clientes","Carteira de clientes","Gestao","remover","remover","Interacao em Carteira de clientes - cadastro, detalhe, tarefas e indicacoes","app-rev:gerenciar-clientes:detalhes","","","","app-rev:gerenciar-clientes:*","{""event"":{""eventCategory"":""app-rev:gerenciar-clientes:detalhes"",""eventAction"":"""",""eventLabel"":""""}}","Pode cruzar com Recomendacao > Gestao de clientes"
"Carteira de Clientes CF VD","Gestao da Carteira de Clientes","Carteira de clientes","Gestao","remover","remover","Interacao em Carteira de clientes - cadastro, detalhe, tarefas e indicacoes","app-rev:gerenciar-clientes:detalhes","","","","app-rev:gerenciar-clientes:*","{""event"":{""eventCategory"":""app-rev:gerenciar-clientes:detalhes"",""eventAction"":"""",""eventLabel"":""""}}","Pode cruzar com Recomendacao > Gestao de clientes"
"Carteira de Clientes CF VD","Gestao da Carteira de Clientes","Carteira de clientes","Gestao","remover","remover","Interacao em Carteira de clientes - cadastro, detalhe, tarefas e indicacoes","app-rev:gerenciar-clientes:detalhes","","","","app-rev:gerenciar-clientes:*","{""event"":{""eventCategory"":""app-rev:gerenciar-clientes:detalhes"",""eventAction"":"""",""eventLabel"":""""}}","Pode cruzar com Recomendacao > Gestao de clientes"
"Carteira de Clientes CF VD","Gestao da Carteira de Clientes","Carteira de clientes","Gestao","remover","remover","Interacao em Carteira de clientes - cadastro, detalhe, tarefas e indicacoes","app-rev:gerenciar-clientes:detalhes","","","","app-rev:gerenciar-clientes:*","{""event"":{""eventCategory"":""app-rev:gerenciar-clientes:detalhes"",""eventAction"":"""",""eventLabel"":""""}}","Pode cruzar com Recomendacao > Gestao de clientes"
"Carteira de Clientes CF VD","Gestao da Carteira de Clientes","Carteira de clientes","Gestao","remover","remover","Interacao em Carteira de clientes - cadastro, detalhe, tarefas e indicacoes","app-rev:gerenciar-clientes:detalhes","","","","app-rev:gerenciar-clientes:*","{""event"":{""eventCategory"":""app-rev:gerenciar-clientes:detalhes"",""eventAction"":"""",""eventLabel"":""""}}","Pode cruzar com Recomendacao > Gestao de clientes"
"Carteira de Clientes CF VD","Gestao da Carteira de Clientes","Carteira de clientes","Gestao","remover","remover","Interacao em Carteira de clientes - cadastro, detalhe, tarefas e indicacoes","app-rev:gerenciar-clientes:detalhes","","","","app-rev:gerenciar-clientes:*","{""event"":{""eventCategory"":""app-rev:gerenciar-clientes:detalhes"",""eventAction"":"""",""eventLabel"":""""}}","Pode cruzar com Recomendacao > Gestao de clientes"
"Carteira de Clientes CF VD","Gestao da Carteira de Clientes","Carteira de clientes","Gestao","remover","remover","Interacao em Carteira de clientes - cadastro, detalhe, tarefas e indicacoes","app-rev:gerenciar-clientes:detalhes","","","","app-rev:gerenciar-clientes:*","{""event"":{""eventCategory"":""app-rev:gerenciar-clientes:detalhes"",""eventAction"":"""",""eventLabel"":""""}}","Pode cruzar com Recomendacao > Gestao de clientes"
"Tarefas / Gestao (hub)","Tarefas e atalhos de Gestao","Gestao do negocio","Gestao","migrar","migrar","Interacao em Carteira de clientes - cadastro, detalhe, tarefas e indicacoes","","","","","","{""event"":{""eventCategory"":"""",""eventAction"":"""",""eventLabel"":""""}}","Hub Gestao — revisar se e C&T ou compartilhado"
"Tarefas / Gestao (hub)","Tarefas e atalhos de Gestao","Gestao do negocio","Gestao","migrar","migrar","Interacao em Carteira de clientes - cadastro, detalhe, tarefas e indicacoes","","","","","","{""event"":{""eventCategory"":"""",""eventAction"":"""",""eventLabel"":""""}}","Hub Gestao — revisar se e C&T ou compartilhado"
"Tarefas / Gestao (hub)","Tarefas e atalhos de Gestao","Gestao do negocio","Gestao","migrar","migrar","Interacao em Carteira de clientes - cadastro, detalhe, tarefas e indicacoes","","","","","","{""event"":{""eventCategory"":"""",""eventAction"":"""",""eventLabel"":""""}}","Hub Gestao — revisar se e C&T ou compartilhado"
"Carteira de Clientes CF VD","Gestao da Carteira de Clientes","Carteira de clientes","Gestao","remover","remover","Interacao em Carteira de clientes - cadastro, detalhe, tarefas e indicacoes","app-rev:gerenciar-clientes:anotacao","","","","app-rev:gerenciar-clientes:*","{""event"":{""eventCategory"":""app-rev:gerenciar-clientes:anotacao"",""eventAction"":"""",""eventLabel"":""""}}","Pode cruzar com Recomendacao > Gestao de clientes"
"Carteira de Clientes CF VD","Gestao da Carteira de Clientes","Carteira de clientes","Gestao","remover","remover","Interacao em Carteira de clientes - cadastro, detalhe, tarefas e indicacoes","app-rev:gerenciar-clientes:anotacao","","","","app-rev:gerenciar-clientes:*","{""event"":{""eventCategory"":""app-rev:gerenciar-clientes:anotacao"",""eventAction"":"""",""eventLabel"":""""}}","Pode cruzar com Recomendacao > Gestao de clientes"
"Carteira de Clientes CF VD","Gestao da Carteira de Clientes","Carteira de clientes","Gestao","remover","remover","Interacao em Carteira de clientes - cadastro, detalhe, tarefas e indicacoes","app-rev:gerenciar-clientes:anotacao","","","","app-rev:gerenciar-clientes:*","{""event"":{""eventCategory"":""app-rev:gerenciar-clientes:anotacao"",""eventAction"":"""",""eventLabel"":""""}}","Pode cruzar com Recomendacao > Gestao de clientes"
"Carteira de Clientes CF VD","Gestao da Carteira de Clientes","Carteira de clientes","Gestao","remover","remover","Interacao em Carteira de clientes - cadastro, detalhe, tarefas e indicacoes","app-rev:gerenciar-clientes:conquistar-cf:","","","","app-rev:gerenciar-clientes:*","{""event"":{""eventCategory"":""app-rev:gerenciar-clientes:conquistar-cf:"",""eventAction"":"""",""eventLabel"":""""}}","Pode cruzar com Recomendacao > Gestao de clientes"
"Carteira de Clientes CF VD","Gestao da Carteira de Clientes","Carteira de clientes","Gestao","remover","remover","Interacao em Carteira de clientes - cadastro, detalhe, tarefas e indicacoes","app-rev:agenda","","","","app-rev:agenda:*","{""event"":{""eventCategory"":""app-rev:agenda"",""eventAction"":"""",""eventLabel"":""""}}","Pode cruzar com Recomendacao > Gestao de clientes"
"Carteira de Clientes CF VD","Gestao da Carteira de Clientes","Carteira de clientes","Gestao","remover","remover","Interacao em Carteira de clientes - cadastro, detalhe, tarefas e indicacoes","app-rev:agenda","","","","app-rev:agenda:*","{""event"":{""eventCategory"":""app-rev:agenda"",""eventAction"":"""",""eventLabel"":""""}}","Pode cruzar com Recomendacao > Gestao de clientes"
"Carteira de Clientes CF VD","Gestao da Carteira de Clientes","Carteira de clientes","Gestao","remover","remover","Interacao em Carteira de clientes - cadastro, detalhe, tarefas e indicacoes","app-rev:agenda","","","","app-rev:agenda:*","{""event"":{""eventCategory"":""app-rev:agenda"",""eventAction"":"""",""eventLabel"":""""}}","Pode cruzar com Recomendacao > Gestao de clientes"
"Carteira de Clientes CF VD","Gestao da Carteira de Clientes","Carteira de clientes","Gestao","remover","remover","Interacao em Carteira de clientes - cadastro, detalhe, tarefas e indicacoes","app-rev:gerenciar-clientes:meus-clientes","","","","app-rev:gerenciar-clientes:*","{""event"":{""eventCategory"":""app-rev:gerenciar-clientes:meus-clientes"",""eventAction"":"""",""eventLabel"":""""}}","Pode cruzar com Recomendacao > Gestao de clientes"
"Carteira de Clientes CF VD","Gestao da Carteira de Clientes","Carteira de clientes","Gestao","remover","remover","Interacao em Carteira de clientes - cadastro, detalhe, tarefas e indicacoes","app-rev:gerenciar-clientes:meus-clientes","","","","app-rev:gerenciar-clientes:*","{""event"":{""eventCategory"":""app-rev:gerenciar-clientes:meus-clientes"",""eventAction"":"""",""eventLabel"":""""}}","Pode cruzar com Recomendacao > Gestao de clientes"
"Carteira de Clientes CF VD","Gestao da Carteira de Clientes","Carteira de clientes","Gestao","remover","remover","Interacao em Carteira de clientes - cadastro, detalhe, tarefas e indicacoes","app-rev:gerenciar-clientes:vendas","","","","app-rev:gerenciar-clientes:*","{""event"":{""eventCategory"":""app-rev:gerenciar-clientes:vendas"",""eventAction"":"""",""eventLabel"":""""}}","Pode cruzar com Recomendacao > Gestao de clientes"
"Carteira de Clientes CF VD","Gestao da Carteira de Clientes","Carteira de clientes","Gestao","remover","remover","Interacao em Carteira de clientes - cadastro, detalhe, tarefas e indicacoes","app-rev:gerenciar-clientes:vendas","","","","app-rev:gerenciar-clientes:*","{""event"":{""eventCategory"":""app-rev:gerenciar-clientes:vendas"",""eventAction"":"""",""eventLabel"":""""}}","Pode cruzar com Recomendacao > Gestao de clientes"
"Carteira de Clientes CF VD","Gestao da Carteira de Clientes","Carteira de clientes","Gestao","remover","remover","Interacao em Carteira de clientes - cadastro, detalhe, tarefas e indicacoes","app-rev:gerenciar-clientes:vendas","","","","app-rev:gerenciar-clientes:*","{""event"":{""eventCategory"":""app-rev:gerenciar-clientes:vendas"",""eventAction"":"""",""eventLabel"":""""}}","Pode cruzar com Recomendacao > Gestao de clientes"
"Carteira de Clientes CF VD","Gestao da Carteira de Clientes","Carteira de clientes","Gestao","remover","remover","Interacao em Carteira de clientes - cadastro, detalhe, tarefas e indicacoes","app-rev:gerenciar-clientes:detalhes:excluir-cf","","","","app-rev:gerenciar-clientes:*","{""event"":{""eventCategory"":""app-rev:gerenciar-clientes:detalhes:excluir-cf"",""eventAction"":"""",""eventLabel"":""""}}","Pode cruzar com Recomendacao > Gestao de clientes"
"Carteira de Clientes CF VD","Gestao da Carteira de Clientes","Carteira de clientes","Gestao","remover","remover","Interacao em Carteira de clientes - cadastro, detalhe, tarefas e indicacoes","app-rev:gerenciar-clientes:detalhes:excluir-cf","","","","app-rev:gerenciar-clientes:*","{""event"":{""eventCategory"":""app-rev:gerenciar-clientes:detalhes:excluir-cf"",""eventAction"":"""",""eventLabel"":""""}}","Pode cruzar com Recomendacao > Gestao de clientes"
"Carteira de Clientes CF VD","Gestao da Carteira de Clientes","Carteira de clientes","Gestao","remover","remover","Interacao em Carteira de clientes - cadastro, detalhe, tarefas e indicacoes","app-rev:gerenciar-clientes/detalhes/excluir-cf","","","","app-rev:gerenciar-clientes/detalhes/excluir-cf:*","{""event"":{""eventCategory"":""app-rev:gerenciar-clientes/detalhes/excluir-cf"",""eventAction"":"""",""eventLabel"":""""}}","Pode cruzar com Recomendacao > Gestao de clientes"
"Tarefas / Gestao (hub)","Tarefas e atalhos de Gestao","Gestao do negocio","Gestao","remover","remover","Interacao em Carteira de clientes - cadastro, detalhe, tarefas e indicacoes","app-rev:agenda:selecionar-contato","","","","app-rev:agenda:*","{""event"":{""eventCategory"":""app-rev:agenda:selecionar-contato"",""eventAction"":"""",""eventLabel"":""""}}","Hub Gestao — revisar se e C&T ou compartilhado"
"Tarefas / Gestao (hub)","Tarefas e atalhos de Gestao","Gestao do negocio","Gestao","remover","remover","Interacao em Carteira de clientes - cadastro, detalhe, tarefas e indicacoes","app-rev:agenda:selecionar-contato","","","","app-rev:agenda:*","{""event"":{""eventCategory"":""app-rev:agenda:selecionar-contato"",""eventAction"":"""",""eventLabel"":""""}}","Hub Gestao — revisar se e C&T ou compartilhado"
"Tarefas / Gestao (hub)","Tarefas e atalhos de Gestao","Gestao do negocio","Gestao","remover","remover","Interacao em Hub Gestao - resumo do negocio e atalhos","app-rev:gestao-de-negocio","clique:botao","clique-feedback-hub","","app-rev:gestao-de-negocio:*","{""event"":{""eventCategory"":""app-rev:gestao-de-negocio"",""eventAction"":""clique:botao"",""eventLabel"":""clique-feedback-hub""}}","Hub Gestao — revisar se e C&T ou compartilhado"
"Tarefas / Gestao (hub)","Tarefas e atalhos de Gestao","Gestao do negocio","Gestao","migrar","migrar","Interacao em Hub Gestao - resumo do negocio e atalhos","app-rev:gestao-de-negocio","clique:botao","adicionar-pronta-entrega-sellin:sem-venda","","app-rev:gestao-de-negocio:*","{""event"":{""eventCategory"":""app-rev:gestao-de-negocio"",""eventAction"":""clique:botao"",""eventLabel"":""adicionar-pronta-entrega-sellin:sem-venda""}}","Hub Gestao — revisar se e C&T ou compartilhado"
"Tarefas / Gestao (hub)","Tarefas e atalhos de Gestao","Gestao do negocio","Gestao","migrar","migrar","Interacao em Hub Gestao - resumo do negocio e atalhos","app-rev:gestao-de-negocio","clique:botao","adicionar-venda-sellin:sem-venda","","app-rev:gestao-de-negocio:*","{""event"":{""eventCategory"":""app-rev:gestao-de-negocio"",""eventAction"":""clique:botao"",""eventLabel"":""adicionar-venda-sellin:sem-venda""}}","Hub Gestao — revisar se e C&T ou compartilhado"
"Tarefas / Gestao (hub)","Tarefas e atalhos de Gestao","Gestao do negocio","Gestao","remover","remover","Interacao em Hub Gestao - resumo do negocio e atalhos","app-rev:gestao-de-negocio","clique:botao","acessar-novo-aplicativo","","app-rev:gestao-de-negocio:*","{""event"":{""eventCategory"":""app-rev:gestao-de-negocio"",""eventAction"":""clique:botao"",""eventLabel"":""acessar-novo-aplicativo""}}","Hub Gestao — revisar se e C&T ou compartilhado"
"Tarefas / Gestao (hub)","Tarefas e atalhos de Gestao","Gestao do negocio","Gestao","migrar","migrar","Interacao em Hub Gestao - resumo do negocio e atalhos","app-rev:gestao-de-negocio","clique:botao","adicionar-nova-venda:${origin.value}","","app-rev:gestao-de-negocio:*","{""event"":{""eventCategory"":""app-rev:gestao-de-negocio"",""eventAction"":""clique:botao"",""eventLabel"":""adicionar-nova-venda:${origin.value}""}}","Hub Gestao — revisar se e C&T ou compartilhado"
"Tarefas / Gestao (hub)","Tarefas e atalhos de Gestao","Gestao do negocio","Gestao","remover","remover","Interacao em Hub Gestao - resumo do negocio e atalhos","app-rev:gestao-de-negocio","clique:botao","busca-assistente-gestao","","app-rev:gestao-de-negocio:*","{""event"":{""eventCategory"":""app-rev:gestao-de-negocio"",""eventAction"":""clique:botao"",""eventLabel"":""busca-assistente-gestao""}}","Hub Gestao — revisar se e C&T ou compartilhado"
"Tarefas / Gestao (hub)","Tarefas e atalhos de Gestao","Gestao do negocio","Gestao","migrar","migrar","Interacao em Hub Gestao - resumo do negocio e atalhos","app-rev:gestao-de-negocio","clique:botao","icone-cobrancas","","app-rev:gestao-de-negocio:*","{""event"":{""eventCategory"":""app-rev:gestao-de-negocio"",""eventAction"":""clique:botao"",""eventLabel"":""icone-cobrancas""}}","Hub Gestao — revisar se e C&T ou compartilhado"
"Tarefas / Gestao (hub)","Tarefas e atalhos de Gestao","Gestao do negocio","Gestao","remover","remover","Interacao em Hub Gestao - resumo do negocio e atalhos","app-rev:gestao-de-negocio","clique:botao","clientes","","app-rev:gestao-de-negocio:*","{""event"":{""eventCategory"":""app-rev:gestao-de-negocio"",""eventAction"":""clique:botao"",""eventLabel"":""clientes""}}","Hub Gestao — revisar se e C&T ou compartilhado"
"Tarefas / Gestao (hub)","Tarefas e atalhos de Gestao","Gestao do negocio","Gestao","migrar","migrar","Interacao em Hub Gestao - resumo do negocio e atalhos","app-rev:gestao-de-negocio","clique:botao","entendi-tutorial-cobrancas","","app-rev:gestao-de-negocio:*","{""event"":{""eventCategory"":""app-rev:gestao-de-negocio"",""eventAction"":""clique:botao"",""eventLabel"":""entendi-tutorial-cobrancas""}}","Hub Gestao — revisar se e C&T ou compartilhado"
"Tarefas / Gestao (hub)","Tarefas e atalhos de Gestao","Gestao do negocio","Gestao","remover","remover","Interacao em Hub Gestao - resumo do negocio e atalhos","app-rev:gestao-de-negocio","clique:componente","resumo-do-negocio:relatorio-financeiro","","app-rev:gestao-de-negocio:*","{""event"":{""eventCategory"":""app-rev:gestao-de-negocio"",""eventAction"":""clique:componente"",""eventLabel"":""resumo-do-negocio:relatorio-financeiro""}}","Hub Gestao — revisar se e C&T ou compartilhado"
"Tarefas / Gestao (hub)","Tarefas e atalhos de Gestao","Gestao do negocio","Gestao","remover","remover","Interacao em Hub Gestao - resumo do negocio e atalhos","app-rev:gestao-de-negocio","clique:botao","ver-vendas-recebidas","","app-rev:gestao-de-negocio:*","{""event"":{""eventCategory"":""app-rev:gestao-de-negocio"",""eventAction"":""clique:botao"",""eventLabel"":""ver-vendas-recebidas""}}","Hub Gestao — revisar se e C&T ou compartilhado"
"Tarefas / Gestao (hub)","Tarefas e atalhos de Gestao","Gestao do negocio","Gestao","remover","remover","Interacao em Hub Gestao - resumo do negocio e atalhos","app-rev:gestao-de-negocio","clique:botao","ver-as-recomendacoes","","app-rev:gestao-de-negocio:*","{""event"":{""eventCategory"":""app-rev:gestao-de-negocio"",""eventAction"":""clique:botao"",""eventLabel"":""ver-as-recomendacoes""}}","Hub Gestao — revisar se e C&T ou compartilhado"
"Tarefas / Gestao (hub)","Tarefas e atalhos de Gestao","Gestao do negocio","Gestao","remover","remover","Interacao em Hub Gestao - resumo do negocio e atalhos","app-rev:gestao-de-negocio","clique:botao","acessar-relatorio","","app-rev:gestao-de-negocio:*","{""event"":{""eventCategory"":""app-rev:gestao-de-negocio"",""eventAction"":""clique:botao"",""eventLabel"":""acessar-relatorio""}}","Hub Gestao — revisar se e C&T ou compartilhado"
"Tarefas / Gestao (hub)","Tarefas e atalhos de Gestao","Gestao do negocio","Gestao","remover","remover","Interacao em Hub Gestao - resumo do negocio e atalhos","app-rev:gestao-de-negocio","clique:botao","resumo-do-negocio:relatorio","","app-rev:gestao-de-negocio:*","{""event"":{""eventCategory"":""app-rev:gestao-de-negocio"",""eventAction"":""clique:botao"",""eventLabel"":""resumo-do-negocio:relatorio""}}","Hub Gestao — revisar se e C&T ou compartilhado"
"Tarefas / Gestao (hub)","Tarefas e atalhos de Gestao","Gestao do negocio","Gestao","remover","remover","Interacao em Hub Gestao - resumo do negocio e atalhos","app-rev:gestao-de-negocio","clique:componente","resumo-do-negocio:relatorio","","app-rev:gestao-de-negocio:*","{""event"":{""eventCategory"":""app-rev:gestao-de-negocio"",""eventAction"":""clique:componente"",""eventLabel"":""resumo-do-negocio:relatorio""}}","Hub Gestao — revisar se e C&T ou compartilhado"
"Tarefas / Gestao (hub)","Tarefas e atalhos de Gestao","Gestao do negocio","Gestao","remover","remover","Interacao em Hub Gestao - resumo do negocio e atalhos","app-rev:gestao-de-negocio","clique:botao","ver-missoes","","app-rev:gestao-de-negocio:*","{""event"":{""eventCategory"":""app-rev:gestao-de-negocio"",""eventAction"":""clique:botao"",""eventLabel"":""ver-missoes""}}","Hub Gestao — revisar se e C&T ou compartilhado"
"Tarefas / Gestao (hub)","Tarefas e atalhos de Gestao","Gestao do negocio","Gestao","remover","remover","Interacao em Hub Gestao - resumo do negocio e atalhos","app-rev:gestao-de-negocio","clique:botao","gerenciar-carteira","","app-rev:gestao-de-negocio:*","{""event"":{""eventCategory"":""app-rev:gestao-de-negocio"",""eventAction"":""clique:botao"",""eventLabel"":""gerenciar-carteira""}}","Hub Gestao — revisar se e C&T ou compartilhado"
"Tarefas / Gestao (hub)","Tarefas e atalhos de Gestao","Gestao do negocio","Gestao","remover","remover","Interacao em Hub Gestao - resumo do negocio e atalhos","app-rev:gestao-de-negocio","clique:botao","ver-video-tutorial:${origin.value}","","app-rev:gestao-de-negocio:*","{""event"":{""eventCategory"":""app-rev:gestao-de-negocio"",""eventAction"":""clique:botao"",""eventLabel"":""ver-video-tutorial:${origin.value}""}}","Hub Gestao — revisar se e C&T ou compartilhado"
"Tarefas / Gestao (hub)","Tarefas e atalhos de Gestao","Gestao do negocio","Gestao","remover","remover","Interacao em Hub Gestao - resumo do negocio e atalhos","app-rev:gestao-de-negocio","clique:botao","vendas","","app-rev:gestao-de-negocio:*","{""event"":{""eventCategory"":""app-rev:gestao-de-negocio"",""eventAction"":""clique:botao"",""eventLabel"":""vendas""}}","Hub Gestao — revisar se e C&T ou compartilhado"
"Tarefas / Gestao (hub)","Tarefas e atalhos de Gestao","Gestao do negocio","Gestao","remover","remover","Interacao em Hub Gestao - resumo do negocio e atalhos","app-rev:gestao-de-negocio","clique:botao","ver-vendas:${paymentStatus.tagText}:$salesCount","","app-rev:gestao-de-negocio:*","{""event"":{""eventCategory"":""app-rev:gestao-de-negocio"",""eventAction"":""clique:botao"",""eventLabel"":""ver-vendas:${paymentStatus.tagText}:$salesCount""}}","Hub Gestao — revisar se e C&T ou compartilhado"
"Tarefas / Gestao (hub)","Tarefas e atalhos de Gestao","Gestao do negocio","Gestao","remover","remover","Interacao em Hub Gestao - resumo do negocio e atalhos","app-rev:gestao-de-negocio","clique:botao","atualize-suas-vendas:ver-mais","","app-rev:gestao-de-negocio:*","{""event"":{""eventCategory"":""app-rev:gestao-de-negocio"",""eventAction"":""clique:botao"",""eventLabel"":""atualize-suas-vendas:ver-mais""}}","Hub Gestao — revisar se e C&T ou compartilhado"
"Tarefas / Gestao (hub)","Tarefas e atalhos de Gestao","Gestao do negocio","Gestao","migrar","migrar","Interacao em Hub Gestao - resumo do negocio e atalhos","app-rev:gestao-de-negocio","clique:botao","compartilhar-lojas:${origin.value}","","app-rev:gestao-de-negocio:*","{""event"":{""eventCategory"":""app-rev:gestao-de-negocio"",""eventAction"":""clique:botao"",""eventLabel"":""compartilhar-lojas:${origin.value}""}}","Hub Gestao — revisar se e C&T ou compartilhado"
"Tarefas / Gestao (hub)","Tarefas e atalhos de Gestao","Gestao do negocio","Gestao","remover","remover","Interacao em Hub Gestao - resumo do negocio e atalhos","app-rev:gestao-de-negocio","clique:botao","estoque","","app-rev:gestao-de-negocio:*","{""event"":{""eventCategory"":""app-rev:gestao-de-negocio"",""eventAction"":""clique:botao"",""eventLabel"":""estoque""}}","Hub Gestao — revisar se e C&T ou compartilhado"
"Tarefas / Gestao (hub)","Tarefas e atalhos de Gestao","Gestao do negocio","Gestao","migrar","migrar","Interacao em Hub Gestao - resumo do negocio e atalhos","app-rev:gestao-de-negocio","clique:botao","tentar-novamente","","app-rev:gestao-de-negocio:*","{""event"":{""eventCategory"":""app-rev:gestao-de-negocio"",""eventAction"":""clique:botao"",""eventLabel"":""tentar-novamente""}}","Hub Gestao — revisar se e C&T ou compartilhado"
"Tarefas / Gestao (hub)","Tarefas e atalhos de Gestao","Gestao do negocio","Gestao","remover","remover","Interacao em Hub Gestao - resumo do negocio e atalhos","app-rev:gestao-de-negocio","clique:botao","carteira","","app-rev:gestao-de-negocio:*","{""event"":{""eventCategory"":""app-rev:gestao-de-negocio"",""eventAction"":""clique:botao"",""eventLabel"":""carteira""}}","Hub Gestao — revisar se e C&T ou compartilhado"
"Tarefas / Gestao (hub)","Tarefas e atalhos de Gestao","Gestao do negocio","Gestao","remover","remover","Interacao em Hub Gestao - resumo do negocio e atalhos","app-rev:gestao-de-negocio","interacao:scroll","gestao-de-negocio","","app-rev:gestao-de-negocio:*","{""event"":{""eventCategory"":""app-rev:gestao-de-negocio"",""eventAction"":""interacao:scroll"",""eventLabel"":""gestao-de-negocio""}}","Hub Gestao — revisar se e C&T ou compartilhado"
"Tarefas / Gestao (hub)","Tarefas e atalhos de Gestao","Gestao do negocio","Gestao","remover","remover","Interacao em Hub Gestao - resumo do negocio e atalhos","app-rev:gestao-de-negocio","view:componente","visualizar-feedback-hub","","app-rev:gestao-de-negocio:*","{""event"":{""eventCategory"":""app-rev:gestao-de-negocio"",""eventAction"":""view:componente"",""eventLabel"":""visualizar-feedback-hub""}}","Hub Gestao — revisar se e C&T ou compartilhado"
"Tarefas / Gestao (hub)","Tarefas e atalhos de Gestao","Gestao do negocio","Gestao","remover","remover","Interacao em Hub Gestao - resumo do negocio e atalhos","app-rev:gestao-de-negocio","clique:botao","novas-sugestoes-hub","","app-rev:gestao-de-negocio:*","{""event"":{""eventCategory"":""app-rev:gestao-de-negocio"",""eventAction"":""clique:botao"",""eventLabel"":""novas-sugestoes-hub""}}","Hub Gestao — revisar se e C&T ou compartilhado"
"Tarefas / Gestao (hub)","Tarefas e atalhos de Gestao","Gestao do negocio","Gestao","migrar","migrar","Interacao em Hub Gestao - resumo do negocio e atalhos","app-rev:gestao-de-negocio","clique:botao","visualizar-tutorial-cobrancas","","app-rev:gestao-de-negocio:*","{""event"":{""eventCategory"":""app-rev:gestao-de-negocio"",""eventAction"":""clique:botao"",""eventLabel"":""visualizar-tutorial-cobrancas""}}","Hub Gestao — revisar se e C&T ou compartilhado"
"Tarefas / Gestao (hub)","Tarefas e atalhos de Gestao","Gestao do negocio","Gestao","migrar","migrar","Interacao em Relatorio de vendas e financeiro","app-rev:relatorio-financeiro","callback:relatorio-financeiro","erro:aconteceu-algo-inesperado-por-favor-tente-novamente","","app-rev:relatorio-financeiro:*","{""event"":{""eventCategory"":""app-rev:relatorio-financeiro"",""eventAction"":""callback:relatorio-financeiro"",""eventLabel"":""erro:aconteceu-algo-inesperado-por-favor-tente-novamente""}}","Hub Gestao — revisar se e C&T ou compartilhado"
"Tarefas / Gestao (hub)","Tarefas e atalhos de Gestao","Gestao do negocio","Gestao","migrar","migrar","Interacao em Relatorio de vendas e financeiro","app-rev:relatorio-financeiro","clique:botao","acessar-todos-boletos","","app-rev:relatorio-financeiro:*","{""event"":{""eventCategory"":""app-rev:relatorio-financeiro"",""eventAction"":""clique:botao"",""eventLabel"":""acessar-todos-boletos""}}","Hub Gestao — revisar se e C&T ou compartilhado"
"Tarefas / Gestao (hub)","Tarefas e atalhos de Gestao","Gestao do negocio","Gestao","migrar","migrar","Interacao em Relatorio de vendas e financeiro","app-rev:relatorio-financeiro","clique:botao","acessar-todos-pagamentos","","app-rev:relatorio-financeiro:*","{""event"":{""eventCategory"":""app-rev:relatorio-financeiro"",""eventAction"":""clique:botao"",""eventLabel"":""acessar-todos-pagamentos""}}","Hub Gestao — revisar se e C&T ou compartilhado"
"Tarefas / Gestao (hub)","Tarefas e atalhos de Gestao","Gestao do negocio","Gestao","migrar","migrar","Interacao em Relatorio de vendas e financeiro","app-rev:relatorio-financeiro","clique:botao","adicionar-pix-a-venda","","app-rev:relatorio-financeiro:*","{""event"":{""eventCategory"":""app-rev:relatorio-financeiro"",""eventAction"":""clique:botao"",""eventLabel"":""adicionar-pix-a-venda""}}","Hub Gestao — revisar se e C&T ou compartilhado"
"Tarefas / Gestao (hub)","Tarefas e atalhos de Gestao","Gestao do negocio","Gestao","migrar","migrar","Interacao em Relatorio de vendas e financeiro","app-rev:relatorio-financeiro","clique:botao","adicionar-vendas","","app-rev:relatorio-financeiro:*","{""event"":{""eventCategory"":""app-rev:relatorio-financeiro"",""eventAction"":""clique:botao"",""eventLabel"":""adicionar-vendas""}}","Hub Gestao — revisar se e C&T ou compartilhado"
"Tarefas / Gestao (hub)","Tarefas e atalhos de Gestao","Gestao do negocio","Gestao","migrar","migrar","Interacao em Relatorio de vendas e financeiro","app-rev:relatorio-financeiro","clique:botao","cobrar-clientes","","app-rev:relatorio-financeiro:*","{""event"":{""eventCategory"":""app-rev:relatorio-financeiro"",""eventAction"":""clique:botao"",""eventLabel"":""cobrar-clientes""}}","Hub Gestao — revisar se e C&T ou compartilhado"
"Tarefas / Gestao (hub)","Tarefas e atalhos de Gestao","Gestao do negocio","Gestao","migrar","migrar","Interacao em Relatorio de vendas e financeiro","app-rev:relatorio-financeiro","clique:botao","faq","","app-rev:relatorio-financeiro:*","{""event"":{""eventCategory"":""app-rev:relatorio-financeiro"",""eventAction"":""clique:botao"",""eventLabel"":""faq""}}","Hub Gestao — revisar se e C&T ou compartilhado"
"Tarefas / Gestao (hub)","Tarefas e atalhos de Gestao","Gestao do negocio","Gestao","remover","remover","Interacao em Relatorio de vendas e financeiro","app-rev:relatorio-financeiro","clique:botao","ir-para-vendas-adicionadas","","app-rev:relatorio-financeiro:*","{""event"":{""eventCategory"":""app-rev:relatorio-financeiro"",""eventAction"":""clique:botao"",""eventLabel"":""ir-para-vendas-adicionadas""}}","Hub Gestao — revisar se e C&T ou compartilhado"
"Tarefas / Gestao (hub)","Tarefas e atalhos de Gestao","Gestao do negocio","Gestao","migrar","migrar","Interacao em Relatorio de vendas e financeiro","app-rev:relatorio-financeiro","clique:botao","ir-para-pedidos","","app-rev:relatorio-financeiro:*","{""event"":{""eventCategory"":""app-rev:relatorio-financeiro"",""eventAction"":""clique:botao"",""eventLabel"":""ir-para-pedidos""}}","Hub Gestao — revisar se e C&T ou compartilhado"
"Tarefas / Gestao (hub)","Tarefas e atalhos de Gestao","Gestao do negocio","Gestao","migrar","revisar","Interacao em Relatorio de vendas e financeiro","app-rev:relatorio-financeiro","clique:botao","ir-para-inicio","","app-rev:relatorio-financeiro:*","{""event"":{""eventCategory"":""app-rev:relatorio-financeiro"",""eventAction"":""clique:botao"",""eventLabel"":""ir-para-inicio""}}","Hub Gestao — revisar se e C&T ou compartilhado"
"Tarefas / Gestao (hub)","Tarefas e atalhos de Gestao","Gestao do negocio","Gestao","migrar","migrar","Interacao em Relatorio de vendas e financeiro","app-rev:relatorio-financeiro","clique:botao","conhecer-carteira","","app-rev:relatorio-financeiro:*","{""event"":{""eventCategory"":""app-rev:relatorio-financeiro"",""eventAction"":""clique:botao"",""eventLabel"":""conhecer-carteira""}}","Hub Gestao — revisar se e C&T ou compartilhado"
"Tarefas / Gestao (hub)","Tarefas e atalhos de Gestao","Gestao do negocio","Gestao","migrar","migrar","Interacao em Relatorio de vendas e financeiro","app-rev:relatorio-financeiro","clique:botao","pagar-boletos","","app-rev:relatorio-financeiro:*","{""event"":{""eventCategory"":""app-rev:relatorio-financeiro"",""eventAction"":""clique:botao"",""eventLabel"":""pagar-boletos""}}","Hub Gestao — revisar se e C&T ou compartilhado"
"Tarefas / Gestao (hub)","Tarefas e atalhos de Gestao","Gestao do negocio","Gestao","migrar","migrar","Interacao em Relatorio de vendas e financeiro","app-rev:relatorio-financeiro","clique:botao","relatorio-de-vendas","","app-rev:relatorio-financeiro:*","{""event"":{""eventCategory"":""app-rev:relatorio-financeiro"",""eventAction"":""clique:botao"",""eventLabel"":""relatorio-de-vendas""}}","Hub Gestao — revisar se e C&T ou compartilhado"
"Tarefas / Gestao (hub)","Tarefas e atalhos de Gestao","Gestao do negocio","Gestao","migrar","migrar","Interacao em Relatorio de vendas e financeiro","app-rev:relatorio-financeiro","clique:botao","tentar-novamente","","app-rev:relatorio-financeiro:*","{""event"":{""eventCategory"":""app-rev:relatorio-financeiro"",""eventAction"":""clique:botao"",""eventLabel"":""tentar-novamente""}}","Hub Gestao — revisar se e C&T ou compartilhado"
"Tarefas / Gestao (hub)","Tarefas e atalhos de Gestao","Gestao do negocio","Gestao","migrar","migrar","Interacao em Relatorio de vendas e financeiro","app-rev:relatorio-financeiro","clique:botao","atualizar-relatorio-financeiro","","app-rev:relatorio-financeiro:*","{""event"":{""eventCategory"":""app-rev:relatorio-financeiro"",""eventAction"":""clique:botao"",""eventLabel"":""atualizar-relatorio-financeiro""}}","Hub Gestao — revisar se e C&T ou compartilhado"
"Vendas Sellout VD","Experiencia Venda APP / Gestao de Vendas","Vendas sellout","Gestao","remover","remover","Interacao em Relatorio de vendas e financeiro","app-rev:relatorio-de-vendas","interacao:scroll","","","app-rev:relatorio-de-vendas:*","{""event"":{""eventCategory"":""app-rev:relatorio-de-vendas"",""eventAction"":""interacao:scroll"",""eventLabel"":""""}}","Jornada sellout no app"
"Vendas Sellout VD","Experiencia Venda APP / Gestao de Vendas","Vendas sellout","Gestao","remover","remover","Interacao em Relatorio de vendas e financeiro","app-rev:relatorio-de-vendas","clique:botao","ver-todos-os-produtos","","app-rev:relatorio-de-vendas:*","{""event"":{""eventCategory"":""app-rev:relatorio-de-vendas"",""eventAction"":""clique:botao"",""eventLabel"":""ver-todos-os-produtos""}}","Jornada sellout no app"
"Vendas Sellout VD","Experiencia Venda APP / Gestao de Vendas","Vendas sellout","Gestao","remover","remover","Interacao em Relatorio de vendas e financeiro","app-rev:relatorio-de-vendas","clique:botao","relatorio-financeiro","","app-rev:relatorio-de-vendas:*","{""event"":{""eventCategory"":""app-rev:relatorio-de-vendas"",""eventAction"":""clique:botao"",""eventLabel"":""relatorio-financeiro""}}","Jornada sellout no app"
"Vendas Sellout VD","Experiencia Venda APP / Gestao de Vendas","Vendas sellout","Gestao","remover","remover","Interacao em Relatorio de vendas e financeiro","app-rev:relatorio-de-vendas","clique:botao","ver-as-recomendacoes","","app-rev:relatorio-de-vendas:*","{""event"":{""eventCategory"":""app-rev:relatorio-de-vendas"",""eventAction"":""clique:botao"",""eventLabel"":""ver-as-recomendacoes""}}","Jornada sellout no app"
"Vendas Sellout VD","Experiencia Venda APP / Gestao de Vendas","Vendas sellout","Gestao","remover","remover","Interacao em Relatorio de vendas e financeiro","app-rev:relatorio-de-vendas","clique:botao","ver-produtos-em-promocao","","app-rev:relatorio-de-vendas:*","{""event"":{""eventCategory"":""app-rev:relatorio-de-vendas"",""eventAction"":""clique:botao"",""eventLabel"":""ver-produtos-em-promocao""}}","Jornada sellout no app"
"Vendas Sellout VD","Experiencia Venda APP / Gestao de Vendas","Vendas sellout","Gestao","remover","remover","Interacao em Relatorio de vendas e financeiro","app-rev:relatorio-de-vendas","clique:botao","ver-vendas:${_getMonthTag(monthAndYear)}","","app-rev:relatorio-de-vendas:*","{""event"":{""eventCategory"":""app-rev:relatorio-de-vendas"",""eventAction"":""clique:botao"",""eventLabel"":""ver-vendas:${_getMonthTag(monthAndYear)}""}}","Jornada sellout no app"
"Vendas Sellout VD","Experiencia Venda APP / Gestao de Vendas","Vendas sellout","Gestao","remover","remover","Interacao em Relatorio de vendas e financeiro","app-rev:relatorio-de-vendas","clique:botao","ver-vendas:${paymentStatus.tagText}:$salesCount:${_getMonthTag(monthAndYear)}","","app-rev:relatorio-de-vendas:*","{""event"":{""eventCategory"":""app-rev:relatorio-de-vendas"",""eventAction"":""clique:botao"",""eventLabel"":""ver-vendas:${paymentStatus.tagText}:$salesCount:${_getMonthTag(monthAndYear)}""}}","Jornada sellout no app"
"Vendas Sellout VD","Experiencia Venda APP / Gestao de Vendas","Vendas sellout","Gestao","migrar","migrar","Interacao em Relatorio de vendas e financeiro","app-rev:relatorio-de-vendas","clique:botao","tentar-novamente:${_getMonthTag(monthAndYear)}","","app-rev:relatorio-de-vendas:*","{""event"":{""eventCategory"":""app-rev:relatorio-de-vendas"",""eventAction"":""clique:botao"",""eventLabel"":""tentar-novamente:${_getMonthTag(monthAndYear)}""}}","Jornada sellout no app"
"Pronta Entrega RE","Experiencia Gestao de Ativos (Estoque RE)","Estoque RE","Gestao","remover","remover","Interacao em Pronta-entrega - produtos disponiveis para venda imediata","app-rev:gestao-estoque:modal","clique:botao","fechar","","app-rev:gestao-estoque:*","{""event"":{""eventCategory"":""app-rev:gestao-estoque:modal"",""eventAction"":""clique:botao"",""eventLabel"":""fechar""}}","Pronta-entrega / estoque"
"Pronta Entrega RE","Experiencia Gestao de Ativos (Estoque RE)","Estoque RE","Gestao","remover","remover","Interacao em Pronta-entrega - produtos disponiveis para venda imediata","app-rev:gestao-estoque:modal","clique:botao","continuar-editando-o-produto","","app-rev:gestao-estoque:*","{""event"":{""eventCategory"":""app-rev:gestao-estoque:modal"",""eventAction"":""clique:botao"",""eventLabel"":""continuar-editando-o-produto""}}","Pronta-entrega / estoque"
"Pronta Entrega RE","Experiencia Gestao de Ativos (Estoque RE)","Estoque RE","Gestao","remover","remover","Interacao em Pronta-entrega - produtos disponiveis para venda imediata","app-rev:gestao-estoque:modal","clique:botao","sair-sem-salvar-a-edicao-do-produto","","app-rev:gestao-estoque:*","{""event"":{""eventCategory"":""app-rev:gestao-estoque:modal"",""eventAction"":""clique:botao"",""eventLabel"":""sair-sem-salvar-a-edicao-do-produto""}}","Pronta-entrega / estoque"
"Pronta Entrega RE","Experiencia Gestao de Ativos (Estoque RE)","Estoque RE","Gestao","migrar","migrar","Interacao em Pronta-entrega - produtos disponiveis para venda imediata","app-rev:gestao-estoque","callback:editar-produto","$sku:erro","","app-rev:gestao-estoque:*","{""event"":{""eventCategory"":""app-rev:gestao-estoque"",""eventAction"":""callback:editar-produto"",""eventLabel"":""$sku:erro""}}","Pronta-entrega / estoque"
"Pronta Entrega RE","Experiencia Gestao de Ativos (Estoque RE)","Estoque RE","Gestao","migrar","migrar","Interacao em Pronta-entrega - produtos disponiveis para venda imediata","app-rev:gestao-estoque","callback:editar-produto","$sku:sucesso","","app-rev:gestao-estoque:*","{""event"":{""eventCategory"":""app-rev:gestao-estoque"",""eventAction"":""callback:editar-produto"",""eventLabel"":""$sku:sucesso""}}","Pronta-entrega / estoque"
"Pronta Entrega RE","Experiencia Gestao de Ativos (Estoque RE)","Estoque RE","Gestao","migrar","migrar","Interacao em Pronta-entrega - produtos disponiveis para venda imediata","app-rev:gestao-estoque","clique:botao","tentar-novamente","","app-rev:gestao-estoque:*","{""event"":{""eventCategory"":""app-rev:gestao-estoque"",""eventAction"":""clique:botao"",""eventLabel"":""tentar-novamente""}}","Pronta-entrega / estoque"
"Pronta Entrega RE","Experiencia Gestao de Ativos (Estoque RE)","Estoque RE","Gestao","remover","remover","Interacao em Pronta-entrega - produtos disponiveis para venda imediata","app-rev:gestao-estoque","clique:tooltip","info-preco","","app-rev:gestao-estoque:*","{""event"":{""eventCategory"":""app-rev:gestao-estoque"",""eventAction"":""clique:tooltip"",""eventLabel"":""info-preco""}}","Pronta-entrega / estoque"
"Pronta Entrega RE","Experiencia Gestao de Ativos (Estoque RE)","Estoque RE","Gestao","remover","remover","Interacao em Pronta-entrega - produtos disponiveis para venda imediata","app-rev:gestao-estoque","clique:botao","$sku:$optInText","","app-rev:gestao-estoque:*","{""event"":{""eventCategory"":""app-rev:gestao-estoque"",""eventAction"":""clique:botao"",""eventLabel"":""$sku:$optInText""}}","Pronta-entrega / estoque"
"Pronta Entrega RE","Experiencia Gestao de Ativos (Estoque RE)","Estoque RE","Gestao","remover","remover","Interacao em Pronta-entrega - produtos disponiveis para venda imediata","app-rev:gestao-estoque","clique:botao","adicionar:$sku","","app-rev:gestao-estoque:*","{""event"":{""eventCategory"":""app-rev:gestao-estoque"",""eventAction"":""clique:botao"",""eventLabel"":""adicionar:$sku""}}","Pronta-entrega / estoque"
"Pronta Entrega RE","Experiencia Gestao de Ativos (Estoque RE)","Estoque RE","Gestao","remover","remover","Interacao em Pronta-entrega - produtos disponiveis para venda imediata","app-rev:gestao-estoque","clique:icone","codigo-de-barras","","app-rev:gestao-estoque:*","{""event"":{""eventCategory"":""app-rev:gestao-estoque"",""eventAction"":""clique:icone"",""eventLabel"":""codigo-de-barras""}}","Pronta-entrega / estoque"
"Pronta Entrega RE","Experiencia Gestao de Ativos (Estoque RE)","Estoque RE","Gestao","remover","remover","Interacao em Pronta-entrega - produtos disponiveis para venda imediata","app-rev:gestao-estoque:modal:baixa-automatica","clique:botao","nao-gerenciar-manualmente","","app-rev:gestao-estoque:*","{""event"":{""eventCategory"":""app-rev:gestao-estoque:modal:baixa-automatica"",""eventAction"":""clique:botao"",""eventLabel"":""nao-gerenciar-manualmente""}}","Pronta-entrega / estoque"
"Pronta Entrega RE","Experiencia Gestao de Ativos (Estoque RE)","Estoque RE","Gestao","remover","remover","Interacao em Pronta-entrega - produtos disponiveis para venda imediata","app-rev:gestao-estoque:modal:baixa-automatica","clique:botao","sim-retirar-automaticamente","","app-rev:gestao-estoque:*","{""event"":{""eventCategory"":""app-rev:gestao-estoque:modal:baixa-automatica"",""eventAction"":""clique:botao"",""eventLabel"":""sim-retirar-automaticamente""}}","Pronta-entrega / estoque"
"Pronta Entrega RE","Experiencia Gestao de Ativos (Estoque RE)","Estoque RE","Gestao","migrar","migrar","Interacao em Pronta-entrega - produtos disponiveis para venda imediata","app-rev:gestao-estoque","clique:botao","${brand.tag}:adicionar-produto:$quantity:$sku","","app-rev:gestao-estoque:*","{""event"":{""eventCategory"":""app-rev:gestao-estoque"",""eventAction"":""clique:botao"",""eventLabel"":""${brand.tag}:adicionar-produto:$quantity:$sku""}}","Pronta-entrega / estoque"
"Pronta Entrega RE","Experiencia Gestao de Ativos (Estoque RE)","Estoque RE","Gestao","remover","remover","Interacao em Pronta-entrega - produtos disponiveis para venda imediata","app-rev:gestao-estoque","interacao:busca","${brand.tag}:$term","","app-rev:gestao-estoque:*","{""event"":{""eventCategory"":""app-rev:gestao-estoque"",""eventAction"":""interacao:busca"",""eventLabel"":""${brand.tag}:$term""}}","Pronta-entrega / estoque"
"Pronta Entrega RE","Experiencia Gestao de Ativos (Estoque RE)","Estoque RE","Gestao","remover","remover","Interacao em Pronta-entrega - produtos disponiveis para venda imediata","app-rev:gestao-estoque","clique:botao","${brand.tag}:adicionar-novo-produto","","app-rev:gestao-estoque:*","{""event"":{""eventCategory"":""app-rev:gestao-estoque"",""eventAction"":""clique:botao"",""eventLabel"":""${brand.tag}:adicionar-novo-produto""}}","Pronta-entrega / estoque"
"Pronta Entrega RE","Experiencia Gestao de Ativos (Estoque RE)","Estoque RE","Gestao","remover","remover","Interacao em Pronta-entrega - produtos disponiveis para venda imediata","app-rev:gestao-estoque","clique:botao","${brand.tag}:editar-preco:$sku","","app-rev:gestao-estoque:*","{""event"":{""eventCategory"":""app-rev:gestao-estoque"",""eventAction"":""clique:botao"",""eventLabel"":""${brand.tag}:editar-preco:$sku""}}","Pronta-entrega / estoque"
"Pronta Entrega RE","Experiencia Gestao de Ativos (Estoque RE)","Estoque RE","Gestao","remover","remover","Interacao em Pronta-entrega - produtos disponiveis para venda imediata","app-rev:gestao-estoque","clique:botao","${brand.tag}:card:$sku","","app-rev:gestao-estoque:*","{""event"":{""eventCategory"":""app-rev:gestao-estoque"",""eventAction"":""clique:botao"",""eventLabel"":""${brand.tag}:card:$sku""}}","Pronta-entrega / estoque"
"Pronta Entrega RE","Experiencia Gestao de Ativos (Estoque RE)","Estoque RE","Gestao","remover","remover","Interacao em Pronta-entrega - produtos disponiveis para venda imediata","app-rev:gestao-estoque","clique:botao","${brand.tag}:excluir-produto:$sku","","app-rev:gestao-estoque:*","{""event"":{""eventCategory"":""app-rev:gestao-estoque"",""eventAction"":""clique:botao"",""eventLabel"":""${brand.tag}:excluir-produto:$sku""}}","Pronta-entrega / estoque"
"Pronta Entrega RE","Experiencia Gestao de Ativos (Estoque RE)","Estoque RE","Gestao","migrar","migrar","Interacao em Pronta-entrega - produtos disponiveis para venda imediata","app-rev:gestao-estoque","clique:botao","compartilhar-produtos-pronta-entrega","","app-rev:gestao-estoque:*","{""event"":{""eventCategory"":""app-rev:gestao-estoque"",""eventAction"":""clique:botao"",""eventLabel"":""compartilhar-produtos-pronta-entrega""}}","Pronta-entrega / estoque"
"Pronta Entrega RE","Experiencia Gestao de Ativos (Estoque RE)","Estoque RE","Gestao","remover","remover","Interacao em Pronta-entrega - produtos disponiveis para venda imediata","app-rev:gestao-estoque","clique:botao","retirar-automaticamente-produtos","","app-rev:gestao-estoque:*","{""event"":{""eventCategory"":""app-rev:gestao-estoque"",""eventAction"":""clique:botao"",""eventLabel"":""retirar-automaticamente-produtos""}}","Pronta-entrega / estoque"
"Pronta Entrega RE","Experiencia Gestao de Ativos (Estoque RE)","Estoque RE","Gestao","remover","remover","Interacao em Pronta-entrega - produtos disponiveis para venda imediata","app-rev:gestao-estoque","clique:botao","gerenciar-produtos-manualmente","","app-rev:gestao-estoque:*","{""event"":{""eventCategory"":""app-rev:gestao-estoque"",""eventAction"":""clique:botao"",""eventLabel"":""gerenciar-produtos-manualmente""}}","Pronta-entrega / estoque"
"Pronta Entrega RE","Experiencia Gestao de Ativos (Estoque RE)","Estoque RE","Gestao","migrar","migrar","Interacao em Pronta-entrega - produtos disponiveis para venda imediata","app-rev:gestao-estoque","clique:botao","${brand.tag}:tentar-novamente","","app-rev:gestao-estoque:*","{""event"":{""eventCategory"":""app-rev:gestao-estoque"",""eventAction"":""clique:botao"",""eventLabel"":""${brand.tag}:tentar-novamente""}}","Pronta-entrega / estoque"
"Tarefas / Gestao (hub)","Tarefas e atalhos de Gestao","Gestao do negocio","Gestao","migrar","migrar","Interacao em Pronta-entrega - produtos disponiveis para venda imediata","","clique:botao","adicionar-nova-venda","","","{""event"":{""eventCategory"":"""",""eventAction"":""clique:botao"",""eventLabel"":""adicionar-nova-venda""}}","Hub Gestao — revisar se e C&T ou compartilhado"
"Pronta Entrega RE","Experiencia Gestao de Ativos (Estoque RE)","Estoque RE","Gestao","migrar","migrar","Interacao em Pronta-entrega - produtos disponiveis para venda imediata","app-rev:sell-in-sell-out:pronta-entrega","clique:botao","adicionar-produtos-pronta-entrega","","app-rev:sell-in-sell-out:*","{""event"":{""eventCategory"":""app-rev:sell-in-sell-out:pronta-entrega"",""eventAction"":""clique:botao"",""eventLabel"":""adicionar-produtos-pronta-entrega""}}","Pronta-entrega / estoque"
"Tarefas / Gestao (hub)","Tarefas e atalhos de Gestao","Gestao do negocio","Gestao","migrar","migrar","Interacao em Pronta-entrega - produtos disponiveis para venda imediata","","clique:botao","adicionar-produtos-a-pronto-entrega","","","{""event"":{""eventCategory"":"""",""eventAction"":""clique:botao"",""eventLabel"":""adicionar-produtos-a-pronto-entrega""}}","Hub Gestao — revisar se e C&T ou compartilhado"
"Tarefas / Gestao (hub)","Tarefas e atalhos de Gestao","Gestao do negocio","Gestao","remover","remover","Interacao em Pronta-entrega - produtos disponiveis para venda imediata","","clique:botao","consultar-vendas-adicionadas","","","{""event"":{""eventCategory"":"""",""eventAction"":""clique:botao"",""eventLabel"":""consultar-vendas-adicionadas""}}","Hub Gestao — revisar se e C&T ou compartilhado"
"Tarefas / Gestao (hub)","Tarefas e atalhos de Gestao","Gestao do negocio","Gestao","remover","remover","Interacao em Pronta-entrega - produtos disponiveis para venda imediata","","clique:botao","conecte-suas-vendas","","","{""event"":{""eventCategory"":"""",""eventAction"":""clique:botao"",""eventLabel"":""conecte-suas-vendas""}}","Hub Gestao — revisar se e C&T ou compartilhado"
"Tarefas / Gestao (hub)","Tarefas e atalhos de Gestao","Gestao do negocio","Gestao","remover","remover","Interacao em Pronta-entrega - produtos disponiveis para venda imediata","","clique:botao","detalhes-da-sua-venda-$saleId","","","{""event"":{""eventCategory"":"""",""eventAction"":""clique:botao"",""eventLabel"":""detalhes-da-sua-venda-$saleId""}}","Hub Gestao — revisar se e C&T ou compartilhado"
"Tarefas / Gestao (hub)","Tarefas e atalhos de Gestao","Gestao do negocio","Gestao","migrar","migrar","Interacao em Pronta-entrega - produtos disponiveis para venda imediata","","clique:botao","tentar-novamente","","","{""event"":{""eventCategory"":"""",""eventAction"":""clique:botao"",""eventLabel"":""tentar-novamente""}}","Hub Gestao — revisar se e C&T ou compartilhado"
"Tarefas / Gestao (hub)","Tarefas e atalhos de Gestao","Gestao do negocio","Gestao","remover","remover","Interacao em Pronta-entrega - produtos disponiveis para venda imediata","","clique:botao","$saleId:${status.name}","","","{""event"":{""eventCategory"":"""",""eventAction"":""clique:botao"",""eventLabel"":""$saleId:${status.name}""}}","Hub Gestao — revisar se e C&T ou compartilhado"
"Pronta Entrega RE","Experiencia Gestao de Ativos (Estoque RE)","Estoque RE","Gestao","migrar","migrar","Interacao em Pronta-entrega - produtos disponiveis para venda imediata","app-rev:sell-in-sell-out:pronta-entrega","view:modal","certeza-deseja-sair","","app-rev:sell-in-sell-out:*","{""event"":{""eventCategory"":""app-rev:sell-in-sell-out:pronta-entrega"",""eventAction"":""view:modal"",""eventLabel"":""certeza-deseja-sair""}}","Pronta-entrega / estoque"
"Vendas Sellout VD","Experiencia Venda APP / Gestao de Vendas","Vendas sellout","Gestao","remover","remover","Interacao em Gerenciar vendas - lista, cadastro e cobranca de vendas sellout","app-rev:gerenciar-vendas:detalhe-parcela:modal:editar-condicoes-de-pagamento","dinamico","dinamico (toAnalyticsFormat)","","app-rev:gerenciar-vendas:*","{""event"":{""eventCategory"":""app-rev:gerenciar-vendas:detalhe-parcela:modal:editar-condicoes-de-pagamento"",""eventAction"":""dinamico"",""eventLabel"":""dinamico (toAnalyticsFormat)""}}","Jornada sellout no app"
"Vendas Sellout VD","Experiencia Venda APP / Gestao de Vendas","Vendas sellout","Gestao","remover","remover","Interacao em Gerenciar vendas - lista, cadastro e cobranca de vendas sellout","app-rev:gerenciar-vendas:detalhe-parcela:modal:editar-condicoes-de-pagamento","interacao:campo","preencheu:data-do-pagamento:data-invalida:$formattedDate","","app-rev:gerenciar-vendas:*","{""event"":{""eventCategory"":""app-rev:gerenciar-vendas:detalhe-parcela:modal:editar-condicoes-de-pagamento"",""eventAction"":""interacao:campo"",""eventLabel"":""preencheu:data-do-pagamento:data-invalida:$formattedDate""}}","Jornada sellout no app"
"Vendas Sellout VD","Experiencia Venda APP / Gestao de Vendas","Vendas sellout","Gestao","remover","remover","Interacao em Gerenciar vendas - lista, cadastro e cobranca de vendas sellout","app-rev:gerenciar-vendas:detalhe-parcela:modal:editar-condicoes-de-pagamento","interacao:campo","preencheu:valor:valor-invalido:$value","","app-rev:gerenciar-vendas:*","{""event"":{""eventCategory"":""app-rev:gerenciar-vendas:detalhe-parcela:modal:editar-condicoes-de-pagamento"",""eventAction"":""interacao:campo"",""eventLabel"":""preencheu:valor:valor-invalido:$value""}}","Jornada sellout no app"
"Vendas Sellout VD","Experiencia Venda APP / Gestao de Vendas","Vendas sellout","Gestao","remover","remover","Interacao em Gerenciar vendas - lista, cadastro e cobranca de vendas sellout","app-rev:gerenciar-vendas:detalhe-parcela:modal:editar-condicoes-de-pagamento","show:modal","adicionar-parcelas","","app-rev:gerenciar-vendas:*","{""event"":{""eventCategory"":""app-rev:gerenciar-vendas:detalhe-parcela:modal:editar-condicoes-de-pagamento"",""eventAction"":""show:modal"",""eventLabel"":""adicionar-parcelas""}}","Jornada sellout no app"
"Vendas Sellout VD","Experiencia Venda APP / Gestao de Vendas","Vendas sellout","Gestao","remover","remover","Interacao em Gerenciar vendas - lista, cadastro e cobranca de vendas sellout","app-rev:gerenciar-vendas:detalhe-parcela:modal:editar-condicoes-de-pagamento","clique:botao","adicionar","","app-rev:gerenciar-vendas:*","{""event"":{""eventCategory"":""app-rev:gerenciar-vendas:detalhe-parcela:modal:editar-condicoes-de-pagamento"",""eventAction"":""clique:botao"",""eventLabel"":""adicionar""}}","Jornada sellout no app"
"Vendas Sellout VD","Experiencia Venda APP / Gestao de Vendas","Vendas sellout","Gestao","remover","remover","Interacao em Gerenciar vendas - lista, cadastro e cobranca de vendas sellout","app-rev:modal:cancelar-modal","clique:botao","nao-cancelar","","app-rev:modal:*","{""event"":{""eventCategory"":""app-rev:modal:cancelar-modal"",""eventAction"":""clique:botao"",""eventLabel"":""nao-cancelar""}}","Jornada sellout no app"
"Vendas Sellout VD","Experiencia Venda APP / Gestao de Vendas","Vendas sellout","Gestao","remover","remover","Interacao em Gerenciar vendas - lista, cadastro e cobranca de vendas sellout","app-rev:modal:cancelar-modal","clique:botao","sim-quero-cancelar","","app-rev:modal:*","{""event"":{""eventCategory"":""app-rev:modal:cancelar-modal"",""eventAction"":""clique:botao"",""eventLabel"":""sim-quero-cancelar""}}","Jornada sellout no app"
"Vendas Sellout VD","Experiencia Venda APP / Gestao de Vendas","Vendas sellout","Gestao","remover","remover","Interacao em Gerenciar vendas - lista, cadastro e cobranca de vendas sellout","app-rev:modal:cancelar-modal","clique:botao","o-cliente-desistiu-da-venda","","app-rev:modal:*","{""event"":{""eventCategory"":""app-rev:modal:cancelar-modal"",""eventAction"":""clique:botao"",""eventLabel"":""o-cliente-desistiu-da-venda""}}","Jornada sellout no app"
"Vendas Sellout VD","Experiencia Venda APP / Gestao de Vendas","Vendas sellout","Gestao","remover","remover","Interacao em Gerenciar vendas - lista, cadastro e cobranca de vendas sellout","app-rev:modal:cancelar-modal","clique:botao","nao-reconheco-essa-venda","","app-rev:modal:*","{""event"":{""eventCategory"":""app-rev:modal:cancelar-modal"",""eventAction"":""clique:botao"",""eventLabel"":""nao-reconheco-essa-venda""}}","Jornada sellout no app"
"Vendas Sellout VD","Experiencia Venda APP / Gestao de Vendas","Vendas sellout","Gestao","remover","remover","Interacao em Gerenciar vendas - lista, cadastro e cobranca de vendas sellout","app-rev:modal:cancelar-modal","clique:botao","outros-motivos","","app-rev:modal:*","{""event"":{""eventCategory"":""app-rev:modal:cancelar-modal"",""eventAction"":""clique:botao"",""eventLabel"":""outros-motivos""}}","Jornada sellout no app"
"Vendas Sellout VD","Experiencia Venda APP / Gestao de Vendas","Vendas sellout","Gestao","remover","remover","Interacao em Gerenciar vendas - lista, cadastro e cobranca de vendas sellout","app-rev:modal:cancelar-modal","clique:botao","por-falta-de-produtos-precisei-cancelar-a-venda","","app-rev:modal:*","{""event"":{""eventCategory"":""app-rev:modal:cancelar-modal"",""eventAction"":""clique:botao"",""eventLabel"":""por-falta-de-produtos-precisei-cancelar-a-venda""}}","Jornada sellout no app"
"Vendas Sellout VD","Experiencia Venda APP / Gestao de Vendas","Vendas sellout","Gestao","remover","remover","Interacao em Gerenciar vendas - lista, cadastro e cobranca de vendas sellout","app-rev:modal:concluir-venda","clique:botao","nao-concluir-a-venda","","app-rev:modal:*","{""event"":{""eventCategory"":""app-rev:modal:concluir-venda"",""eventAction"":""clique:botao"",""eventLabel"":""nao-concluir-a-venda""}}","Jornada sellout no app"
"Vendas Sellout VD","Experiencia Venda APP / Gestao de Vendas","Vendas sellout","Gestao","remover","remover","Interacao em Gerenciar vendas - lista, cadastro e cobranca de vendas sellout","app-rev:modal:concluir-venda","clique:botao","sim-quero-concluir","","app-rev:modal:*","{""event"":{""eventCategory"":""app-rev:modal:concluir-venda"",""eventAction"":""clique:botao"",""eventLabel"":""sim-quero-concluir""}}","Jornada sellout no app"
"Vendas Sellout VD","Experiencia Venda APP / Gestao de Vendas","Vendas sellout","Gestao","remover","remover","Interacao em Gerenciar vendas - lista, cadastro e cobranca de vendas sellout","app-rev:gerenciar-vendas:$category","clique:botao","parcelas:$quantity","","app-rev:gerenciar-vendas:*","{""event"":{""eventCategory"":""app-rev:gerenciar-vendas:$category"",""eventAction"":""clique:botao"",""eventLabel"":""parcelas:$quantity""}}","Jornada sellout no app"
"Vendas Sellout VD","Experiencia Venda APP / Gestao de Vendas","Vendas sellout","Gestao","remover","remover","Interacao em Gerenciar vendas - lista, cadastro e cobranca de vendas sellout","app-rev:gerenciar-vendas:$category","clique:botao","vence-a-cada-$interval-dias","","app-rev:gerenciar-vendas:*","{""event"":{""eventCategory"":""app-rev:gerenciar-vendas:$category"",""eventAction"":""clique:botao"",""eventLabel"":""vence-a-cada-$interval-dias""}}","Jornada sellout no app"
"Vendas Sellout VD","Experiencia Venda APP / Gestao de Vendas","Vendas sellout","Gestao","remover","remover","Interacao em Gerenciar vendas - lista, cadastro e cobranca de vendas sellout","app-rev:gerenciar-vendas:$category","clique:botao","ir-para-relatorio","","app-rev:gerenciar-vendas:*","{""event"":{""eventCategory"":""app-rev:gerenciar-vendas:$category"",""eventAction"":""clique:botao"",""eventLabel"":""ir-para-relatorio""}}","Jornada sellout no app"
"Vendas Sellout VD","Experiencia Venda APP / Gestao de Vendas","Vendas sellout","Gestao","remover","remover","Interacao em Gerenciar vendas - lista, cadastro e cobranca de vendas sellout","app-rev:gerenciar-vendas:$category","clique:botao","voltar","","app-rev:gerenciar-vendas:*","{""event"":{""eventCategory"":""app-rev:gerenciar-vendas:$category"",""eventAction"":""clique:botao"",""eventLabel"":""voltar""}}","Jornada sellout no app"
"Vendas Sellout VD","Experiencia Venda APP / Gestao de Vendas","Vendas sellout","Gestao","remover","remover","Interacao em Gerenciar vendas - lista, cadastro e cobranca de vendas sellout","app-rev:gerenciar-vendas:$category","clique:botao","fechar-banner","","app-rev:gerenciar-vendas:*","{""event"":{""eventCategory"":""app-rev:gerenciar-vendas:$category"",""eventAction"":""clique:botao"",""eventLabel"":""fechar-banner""}}","Jornada sellout no app"
"Vendas Sellout VD","Experiencia Venda APP / Gestao de Vendas","Vendas sellout","Gestao","remover","remover","Interacao em Gerenciar vendas - lista, cadastro e cobranca de vendas sellout","app-rev:gerenciar-vendas:$category","clique:botao","salvar-condicoes-pagamento","","app-rev:gerenciar-vendas:*","{""event"":{""eventCategory"":""app-rev:gerenciar-vendas:$category"",""eventAction"":""clique:botao"",""eventLabel"":""salvar-condicoes-pagamento""}}","Jornada sellout no app"
"Vendas Sellout VD","Experiencia Venda APP / Gestao de Vendas","Vendas sellout","Gestao","migrar","migrar","Interacao em Gerenciar vendas - lista, cadastro e cobranca de vendas sellout","app-rev:gerenciar-vendas","clique:botao","$paymentStatus:confirmar:${success ? ","","app-rev:gerenciar-vendas:*","{""event"":{""eventCategory"":""app-rev:gerenciar-vendas"",""eventAction"":""clique:botao"",""eventLabel"":""$paymentStatus:confirmar:${success ? ""}}","Jornada sellout no app"
"Vendas Sellout VD","Experiencia Venda APP / Gestao de Vendas","Vendas sellout","Gestao","migrar","migrar","Interacao em Gerenciar vendas - lista, cadastro e cobranca de vendas sellout","app-rev:gerenciar-vendas","clique:botao","excluir-venda","","app-rev:gerenciar-vendas:*","{""event"":{""eventCategory"":""app-rev:gerenciar-vendas"",""eventAction"":""clique:botao"",""eventLabel"":""excluir-venda""}}","Jornada sellout no app"
"Vendas Sellout VD","Experiencia Venda APP / Gestao de Vendas","Vendas sellout","Gestao","migrar","migrar","Interacao em Gerenciar vendas - lista, cadastro e cobranca de vendas sellout","app-rev:gerenciar-vendas","clique:botao","adicionar-informacao","","app-rev:gerenciar-vendas:*","{""event"":{""eventCategory"":""app-rev:gerenciar-vendas"",""eventAction"":""clique:botao"",""eventLabel"":""adicionar-informacao""}}","Jornada sellout no app"
"Vendas Sellout VD","Experiencia Venda APP / Gestao de Vendas","Vendas sellout","Gestao","migrar","migrar","Interacao em Gerenciar vendas - lista, cadastro e cobranca de vendas sellout","app-rev:gerenciar-vendas","clique:botao","adicionar-parcela","","app-rev:gerenciar-vendas:*","{""event"":{""eventCategory"":""app-rev:gerenciar-vendas"",""eventAction"":""clique:botao"",""eventLabel"":""adicionar-parcela""}}","Jornada sellout no app"
"Vendas Sellout VD","Experiencia Venda APP / Gestao de Vendas","Vendas sellout","Gestao","migrar","migrar","Interacao em Gerenciar vendas - lista, cadastro e cobranca de vendas sellout","app-rev:gerenciar-vendas","clique:botao","adicionar-produtos-ao-carrinho:$saleId","","app-rev:gerenciar-vendas:*","{""event"":{""eventCategory"":""app-rev:gerenciar-vendas"",""eventAction"":""clique:botao"",""eventLabel"":""adicionar-produtos-ao-carrinho:$saleId""}}","Jornada sellout no app"
"Vendas Sellout VD","Experiencia Venda APP / Gestao de Vendas","Vendas sellout","Gestao","remover","remover","Interacao em Gerenciar vendas - lista, cadastro e cobranca de vendas sellout","app-rev:gerenciar-vendas","clique:botao","voltar","","app-rev:gerenciar-vendas:*","{""event"":{""eventCategory"":""app-rev:gerenciar-vendas"",""eventAction"":""clique:botao"",""eventLabel"":""voltar""}}","Jornada sellout no app"
"Vendas Sellout VD","Experiencia Venda APP / Gestao de Vendas","Vendas sellout","Gestao","migrar","migrar","Interacao em Gerenciar vendas - lista, cadastro e cobranca de vendas sellout","app-rev:gerenciar-vendas","clique:botao","alterar-parcelas","","app-rev:gerenciar-vendas:*","{""event"":{""eventCategory"":""app-rev:gerenciar-vendas"",""eventAction"":""clique:botao"",""eventLabel"":""alterar-parcelas""}}","Jornada sellout no app"
"Vendas Sellout VD","Experiencia Venda APP / Gestao de Vendas","Vendas sellout","Gestao","migrar","migrar","Interacao em Gerenciar vendas - lista, cadastro e cobranca de vendas sellout","app-rev:gerenciar-vendas","clique:botao","gerar-link-pagamento:$saleId","","app-rev:gerenciar-vendas:*","{""event"":{""eventCategory"":""app-rev:gerenciar-vendas"",""eventAction"":""clique:botao"",""eventLabel"":""gerar-link-pagamento:$saleId""}}","Jornada sellout no app"
"Vendas Sellout VD","Experiencia Venda APP / Gestao de Vendas","Vendas sellout","Gestao","migrar","migrar","Interacao em Gerenciar vendas - lista, cadastro e cobranca de vendas sellout","app-rev:gerenciar-vendas","clique:botao","concluir-venda","","app-rev:gerenciar-vendas:*","{""event"":{""eventCategory"":""app-rev:gerenciar-vendas"",""eventAction"":""clique:botao"",""eventLabel"":""concluir-venda""}}","Jornada sellout no app"
"Vendas Sellout VD","Experiencia Venda APP / Gestao de Vendas","Vendas sellout","Gestao","remover","remover","Interacao em Gerenciar vendas - lista, cadastro e cobranca de vendas sellout","app-rev:gerenciar-vendas","clique:botao","editar-pagamento:$paymentStatus:$saleId","","app-rev:gerenciar-vendas:*","{""event"":{""eventCategory"":""app-rev:gerenciar-vendas"",""eventAction"":""clique:botao"",""eventLabel"":""editar-pagamento:$paymentStatus:$saleId""}}","Jornada sellout no app"
"Vendas Sellout VD","Experiencia Venda APP / Gestao de Vendas","Vendas sellout","Gestao","migrar","migrar","Interacao em Gerenciar vendas - lista, cadastro e cobranca de vendas sellout","app-rev:gerenciar-vendas","clique:botao","editar-produtos","","app-rev:gerenciar-vendas:*","{""event"":{""eventCategory"":""app-rev:gerenciar-vendas"",""eventAction"":""clique:botao"",""eventLabel"":""editar-produtos""}}","Jornada sellout no app"
"Vendas Sellout VD","Experiencia Venda APP / Gestao de Vendas","Vendas sellout","Gestao","migrar","migrar","Interacao em Gerenciar vendas - lista, cadastro e cobranca de vendas sellout","app-rev:gerenciar-vendas","clique:botao","adicionar-parcelamento","","app-rev:gerenciar-vendas:*","{""event"":{""eventCategory"":""app-rev:gerenciar-vendas"",""eventAction"":""clique:botao"",""eventLabel"":""adicionar-parcelamento""}}","Jornada sellout no app"
"Vendas Sellout VD","Experiencia Venda APP / Gestao de Vendas","Vendas sellout","Gestao","migrar","migrar","Interacao em Gerenciar vendas - lista, cadastro e cobranca de vendas sellout","app-rev:gerenciar-vendas","clique:botao","compartilhar:$saleId","","app-rev:gerenciar-vendas:*","{""event"":{""eventCategory"":""app-rev:gerenciar-vendas"",""eventAction"":""clique:botao"",""eventLabel"":""compartilhar:$saleId""}}","Jornada sellout no app"
"Vendas Sellout VD","Experiencia Venda APP / Gestao de Vendas","Vendas sellout","Gestao","remover","remover","Interacao em Gerenciar vendas - lista, cadastro e cobranca de vendas sellout","app-rev:gerenciar-vendas","clique:tooltip","info-pago-parcial","","app-rev:gerenciar-vendas:*","{""event"":{""eventCategory"":""app-rev:gerenciar-vendas"",""eventAction"":""clique:tooltip"",""eventLabel"":""info-pago-parcial""}}","Jornada sellout no app"
"Vendas Sellout VD","Experiencia Venda APP / Gestao de Vendas","Vendas sellout","Gestao","migrar","migrar","Interacao em Gerenciar vendas - lista, cadastro e cobranca de vendas sellout","app-rev:gerenciar-vendas","clique:botao","alterar-status-pagamento:${_mapPaymentStatusToString(status)}","","app-rev:gerenciar-vendas:*","{""event"":{""eventCategory"":""app-rev:gerenciar-vendas"",""eventAction"":""clique:botao"",""eventLabel"":""alterar-status-pagamento:${_mapPaymentStatusToString(status)}""}}","Jornada sellout no app"
"Vendas Sellout VD","Experiencia Venda APP / Gestao de Vendas","Vendas sellout","Gestao","remover","remover","Interacao em Gerenciar vendas - lista, cadastro e cobranca de vendas sellout","app-rev:gerenciar-vendas","dinamico","dinamico (toAnalyticsFormat)","","app-rev:gerenciar-vendas:*","{""event"":{""eventCategory"":""app-rev:gerenciar-vendas"",""eventAction"":""dinamico"",""eventLabel"":""dinamico (toAnalyticsFormat)""}}","Jornada sellout no app"
"Vendas Sellout VD","Experiencia Venda APP / Gestao de Vendas","Vendas sellout","Gestao","migrar","migrar","Interacao em Gerenciar vendas - lista, cadastro e cobranca de vendas sellout","app-rev:gerenciar-vendas","clique:botao","tentar-novamente","","app-rev:gerenciar-vendas:*","{""event"":{""eventCategory"":""app-rev:gerenciar-vendas"",""eventAction"":""clique:botao"",""eventLabel"":""tentar-novamente""}}","Jornada sellout no app"
"Vendas Sellout VD","Experiencia Venda APP / Gestao de Vendas","Vendas sellout","Gestao","migrar","migrar","Interacao em Gerenciar vendas - lista, cadastro e cobranca de vendas sellout","app-rev:gerenciar-vendas","callback:auto_save_sale","erro","","app-rev:gerenciar-vendas:*","{""event"":{""eventCategory"":""app-rev:gerenciar-vendas"",""eventAction"":""callback:auto_save_sale"",""eventLabel"":""erro""}}","Jornada sellout no app"
"Vendas Sellout VD","Experiencia Venda APP / Gestao de Vendas","Vendas sellout","Gestao","migrar","migrar","Interacao em Gerenciar vendas - lista, cadastro e cobranca de vendas sellout","app-rev:gerenciar-vendas","callback:auto_save_sale","sucesso","","app-rev:gerenciar-vendas:*","{""event"":{""eventCategory"":""app-rev:gerenciar-vendas"",""eventAction"":""callback:auto_save_sale"",""eventLabel"":""sucesso""}}","Jornada sellout no app"
"Vendas Sellout VD","Experiencia Venda APP / Gestao de Vendas","Vendas sellout","Gestao","migrar","migrar","Interacao em Gerenciar vendas - lista, cadastro e cobranca de vendas sellout","app-rev:gerenciar-vendas","callback:alterar-data","sucesso","","app-rev:gerenciar-vendas:*","{""event"":{""eventCategory"":""app-rev:gerenciar-vendas"",""eventAction"":""callback:alterar-data"",""eventLabel"":""sucesso""}}","Jornada sellout no app"
"Vendas Sellout VD","Experiencia Venda APP / Gestao de Vendas","Vendas sellout","Gestao","migrar","migrar","Interacao em Gerenciar vendas - lista, cadastro e cobranca de vendas sellout","app-rev:gerenciar-vendas","clique:botao","alterar-cliente","","app-rev:gerenciar-vendas:*","{""event"":{""eventCategory"":""app-rev:gerenciar-vendas"",""eventAction"":""clique:botao"",""eventLabel"":""alterar-cliente""}}","Jornada sellout no app"
"Vendas Sellout VD","Experiencia Venda APP / Gestao de Vendas","Vendas sellout","Gestao","migrar","migrar","Interacao em Gerenciar vendas - lista, cadastro e cobranca de vendas sellout","app-rev:gerenciar-vendas","clique:botao","criar-novo-link-de-cobranca","","app-rev:gerenciar-vendas:*","{""event"":{""eventCategory"":""app-rev:gerenciar-vendas"",""eventAction"":""clique:botao"",""eventLabel"":""criar-novo-link-de-cobranca""}}","Jornada sellout no app"
"Vendas Sellout VD","Experiencia Venda APP / Gestao de Vendas","Vendas sellout","Gestao","remover","remover","Interacao em Gerenciar vendas - lista, cadastro e cobranca de vendas sellout","app-rev:gerenciar-vendas","clique:botao","editar:$sku","","app-rev:gerenciar-vendas:*","{""event"":{""eventCategory"":""app-rev:gerenciar-vendas"",""eventAction"":""clique:botao"",""eventLabel"":""editar:$sku""}}","Jornada sellout no app"
"Vendas Sellout VD","Experiencia Venda APP / Gestao de Vendas","Vendas sellout","Gestao","remover","remover","Interacao em Gerenciar vendas - lista, cadastro e cobranca de vendas sellout","app-rev:gerenciar-vendas","clique:botao","editar-valor","","app-rev:gerenciar-vendas:*","{""event"":{""eventCategory"":""app-rev:gerenciar-vendas"",""eventAction"":""clique:botao"",""eventLabel"":""editar-valor""}}","Jornada sellout no app"
"Vendas Sellout VD","Experiencia Venda APP / Gestao de Vendas","Vendas sellout","Gestao","migrar","migrar","Interacao em Gerenciar vendas - lista, cadastro e cobranca de vendas sellout","app-rev:gerenciar-vendas","callback:nova-venda","sucesso","","app-rev:gerenciar-vendas:*","{""event"":{""eventCategory"":""app-rev:gerenciar-vendas"",""eventAction"":""callback:nova-venda"",""eventLabel"":""sucesso""}}","Jornada sellout no app"
"Vendas Sellout VD","Experiencia Venda APP / Gestao de Vendas","Vendas sellout","Gestao","remover","remover","Interacao em Gerenciar vendas - lista, cadastro e cobranca de vendas sellout","app-rev:gerenciar-vendas","clique:botao","excluir:$sku","","app-rev:gerenciar-vendas:*","{""event"":{""eventCategory"":""app-rev:gerenciar-vendas"",""eventAction"":""clique:botao"",""eventLabel"":""excluir:$sku""}}","Jornada sellout no app"
"Vendas Sellout VD","Experiencia Venda APP / Gestao de Vendas","Vendas sellout","Gestao","migrar","migrar","Interacao em Gerenciar vendas - lista, cadastro e cobranca de vendas sellout","app-rev:gerenciar-vendas","clique:botao","salvar-venda","","app-rev:gerenciar-vendas:*","{""event"":{""eventCategory"":""app-rev:gerenciar-vendas"",""eventAction"":""clique:botao"",""eventLabel"":""salvar-venda""}}","Jornada sellout no app"
"Vendas Sellout VD","Experiencia Venda APP / Gestao de Vendas","Vendas sellout","Gestao","migrar","migrar","Interacao em Gerenciar vendas - lista, cadastro e cobranca de vendas sellout","app-rev:gerenciar-vendas","clique:botao","selecionar-cliente","","app-rev:gerenciar-vendas:*","{""event"":{""eventCategory"":""app-rev:gerenciar-vendas"",""eventAction"":""clique:botao"",""eventLabel"":""selecionar-cliente""}}","Jornada sellout no app"
"Vendas Sellout VD","Experiencia Venda APP / Gestao de Vendas","Vendas sellout","Gestao","migrar","migrar","Interacao em Gerenciar vendas - lista, cadastro e cobranca de vendas sellout","app-rev:gerenciar-vendas","clique:botao","selecionar-produto","","app-rev:gerenciar-vendas:*","{""event"":{""eventCategory"":""app-rev:gerenciar-vendas"",""eventAction"":""clique:botao"",""eventLabel"":""selecionar-produto""}}","Jornada sellout no app"
"Vendas Sellout VD","Experiencia Venda APP / Gestao de Vendas","Vendas sellout","Gestao","migrar","migrar","Interacao em Gerenciar vendas - lista, cadastro e cobranca de vendas sellout","app-rev:gerenciar-vendas","clique:botao","tentar-novamente","","app-rev:gerenciar-vendas:*","{""event"":{""eventCategory"":""app-rev:gerenciar-vendas"",""eventAction"":""clique:botao"",""eventLabel"":""tentar-novamente""}}","Jornada sellout no app"
"Vendas Sellout VD","Experiencia Venda APP / Gestao de Vendas","Vendas sellout","Gestao","remover","remover","Interacao em Gerenciar vendas - lista, cadastro e cobranca de vendas sellout","app-rev:gerenciar-vendas","clique:botao","alterar-data","","app-rev:gerenciar-vendas:*","{""event"":{""eventCategory"":""app-rev:gerenciar-vendas"",""eventAction"":""clique:botao"",""eventLabel"":""alterar-data""}}","Jornada sellout no app"
"Vendas Sellout VD","Experiencia Venda APP / Gestao de Vendas","Vendas sellout","Gestao","remover","remover","Interacao em Gerenciar vendas - lista, cadastro e cobranca de vendas sellout","app-rev:gerenciar-vendas","clique:botao","cliente-nao-pagou","","app-rev:gerenciar-vendas:*","{""event"":{""eventCategory"":""app-rev:gerenciar-vendas"",""eventAction"":""clique:botao"",""eventLabel"":""cliente-nao-pagou""}}","Jornada sellout no app"
"Vendas Sellout VD","Experiencia Venda APP / Gestao de Vendas","Vendas sellout","Gestao","remover","remover","Interacao em Gerenciar vendas - lista, cadastro e cobranca de vendas sellout","app-rev:gerenciar-vendas:confirmar-sair","clique:botao","","","app-rev:gerenciar-vendas:*","{""event"":{""eventCategory"":""app-rev:gerenciar-vendas:confirmar-sair"",""eventAction"":""clique:botao"",""eventLabel"":""""}}","Jornada sellout no app"
"Vendas Sellout VD","Experiencia Venda APP / Gestao de Vendas","Vendas sellout","Gestao","remover","remover","Interacao em Gerenciar vendas - lista, cadastro e cobranca de vendas sellout","app-rev:gerenciar-vendas:confirmar-sair","clique:botao","continuar-editando","","app-rev:gerenciar-vendas:*","{""event"":{""eventCategory"":""app-rev:gerenciar-vendas:confirmar-sair"",""eventAction"":""clique:botao"",""eventLabel"":""continuar-editando""}}","Jornada sellout no app"
"Vendas Sellout VD","Experiencia Venda APP / Gestao de Vendas","Vendas sellout","Gestao","migrar","migrar","Interacao em Gerenciar vendas - lista, cadastro e cobranca de vendas sellout","app-rev:gerenciar-vendas:venda-adicionada","clique:botao","adicionar-nova-venda","","app-rev:gerenciar-vendas:*","{""event"":{""eventCategory"":""app-rev:gerenciar-vendas:venda-adicionada"",""eventAction"":""clique:botao"",""eventLabel"":""adicionar-nova-venda""}}","Jornada sellout no app"
"Vendas Sellout VD","Experiencia Venda APP / Gestao de Vendas","Vendas sellout","Gestao","migrar","migrar","Interacao em Gerenciar vendas - lista, cadastro e cobranca de vendas sellout","app-rev:gerenciar-vendas:venda-adicionada","clique:botao","adicionar-parcelas-e-datas","","app-rev:gerenciar-vendas:*","{""event"":{""eventCategory"":""app-rev:gerenciar-vendas:venda-adicionada"",""eventAction"":""clique:botao"",""eventLabel"":""adicionar-parcelas-e-datas""}}","Jornada sellout no app"
"Vendas Sellout VD","Experiencia Venda APP / Gestao de Vendas","Vendas sellout","Gestao","migrar","migrar","Interacao em Gerenciar vendas - lista, cadastro e cobranca de vendas sellout","app-rev:gerenciar-vendas:venda-adicionada","clique:botao","gerar-link-de-pagamento","","app-rev:gerenciar-vendas:*","{""event"":{""eventCategory"":""app-rev:gerenciar-vendas:venda-adicionada"",""eventAction"":""clique:botao"",""eventLabel"":""gerar-link-de-pagamento""}}","Jornada sellout no app"
"Vendas Sellout VD","Experiencia Venda APP / Gestao de Vendas","Vendas sellout","Gestao","migrar","migrar","Interacao em Gerenciar vendas - lista, cadastro e cobranca de vendas sellout","app-rev:gerenciar-vendas:venda-adicionada","clique:botao","sair","","app-rev:gerenciar-vendas:*","{""event"":{""eventCategory"":""app-rev:gerenciar-vendas:venda-adicionada"",""eventAction"":""clique:botao"",""eventLabel"":""sair""}}","Jornada sellout no app"
"Vendas Sellout VD","Experiencia Venda APP / Gestao de Vendas","Vendas sellout","Gestao","migrar","migrar","Interacao em Gerenciar vendas - lista, cadastro e cobranca de vendas sellout","app-rev:gerenciar-vendas","clique:botao","criar-novo-link-de-cobranca","","app-rev:gerenciar-vendas:*","{""event"":{""eventCategory"":""app-rev:gerenciar-vendas"",""eventAction"":""clique:botao"",""eventLabel"":""criar-novo-link-de-cobranca""}}","Jornada sellout no app"
"Carteira de Clientes CF VD","Gestao da Carteira de Clientes","Carteira de clientes","Gestao","migrar","migrar","Interacao em Gerenciar vendas - lista, cadastro e cobranca de vendas sellout","app-rev:gestao:organizar-vendas:adicionar-cliente","clique:botao","importar-contatos","","app-rev:gestao:*","{""event"":{""eventCategory"":""app-rev:gestao:organizar-vendas:adicionar-cliente"",""eventAction"":""clique:botao"",""eventLabel"":""importar-contatos""}}","Pode cruzar com Recomendacao > Gestao de clientes"
"Carteira de Clientes CF VD","Gestao da Carteira de Clientes","Carteira de clientes","Gestao","migrar","migrar","Interacao em Gerenciar vendas - lista, cadastro e cobranca de vendas sellout","app-rev:gestao:organizar-vendas:adicionar-cliente","clique:botao","informacao-telefone","","app-rev:gestao:*","{""event"":{""eventCategory"":""app-rev:gestao:organizar-vendas:adicionar-cliente"",""eventAction"":""clique:botao"",""eventLabel"":""informacao-telefone""}}","Pode cruzar com Recomendacao > Gestao de clientes"
"Vendas Sellout VD","Experiencia Venda APP / Gestao de Vendas","Vendas sellout","Gestao","migrar","migrar","Interacao em Gerenciar vendas - lista, cadastro e cobranca de vendas sellout","app-rev:gerenciar-vendas:adicionar-venda-rapida:adicionar-produto","clique:botao","salvar-venda-rapida","","app-rev:gerenciar-vendas:*","{""event"":{""eventCategory"":""app-rev:gerenciar-vendas:adicionar-venda-rapida:adicionar-produto"",""eventAction"":""clique:botao"",""eventLabel"":""salvar-venda-rapida""}}","Jornada sellout no app"
"Vendas Sellout VD","Experiencia Venda APP / Gestao de Vendas","Vendas sellout","Gestao","migrar","migrar","Interacao em Gerenciar vendas - lista, cadastro e cobranca de vendas sellout","app-rev:gerenciar-vendas:adicionar-venda-rapida:adicionar-produto","click:toast","venda-rapida-adicionada:complementar-venda","","app-rev:gerenciar-vendas:*","{""event"":{""eventCategory"":""app-rev:gerenciar-vendas:adicionar-venda-rapida:adicionar-produto"",""eventAction"":""click:toast"",""eventLabel"":""venda-rapida-adicionada:complementar-venda""}}","Jornada sellout no app"
"Vendas Sellout VD","Experiencia Venda APP / Gestao de Vendas","Vendas sellout","Gestao","migrar","migrar","Interacao em Gerenciar vendas - lista, cadastro e cobranca de vendas sellout","app-rev:gerenciar-vendas:adicionar-venda-rapida:adicionar-produto","view:toast","venda-rapida-adicionada","","app-rev:gerenciar-vendas:*","{""event"":{""eventCategory"":""app-rev:gerenciar-vendas:adicionar-venda-rapida:adicionar-produto"",""eventAction"":""view:toast"",""eventLabel"":""venda-rapida-adicionada""}}","Jornada sellout no app"
"Vendas Sellout VD","Experiencia Venda APP / Gestao de Vendas","Vendas sellout","Gestao","migrar","migrar","Interacao em Gerenciar vendas - lista, cadastro e cobranca de vendas sellout","app-rev:gerenciar-vendas-selecionar-produtos","clique:botao","tentar-novamente","","app-rev:gerenciar-vendas-selecionar-produtos:*","{""event"":{""eventCategory"":""app-rev:gerenciar-vendas-selecionar-produtos"",""eventAction"":""clique:botao"",""eventLabel"":""tentar-novamente""}}","Jornada sellout no app"
"Vendas Sellout VD","Experiencia Venda APP / Gestao de Vendas","Vendas sellout","Gestao","remover","remover","Interacao em Gerenciar vendas - lista, cadastro e cobranca de vendas sellout","app-rev:gerenciar-vendas-selecionar-produtos","clique:botao","voltar-para-a-venda","","app-rev:gerenciar-vendas-selecionar-produtos:*","{""event"":{""eventCategory"":""app-rev:gerenciar-vendas-selecionar-produtos"",""eventAction"":""clique:botao"",""eventLabel"":""voltar-para-a-venda""}}","Jornada sellout no app"
"Vendas Sellout VD","Experiencia Venda APP / Gestao de Vendas","Vendas sellout","Gestao","remover","remover","Interacao em Gerenciar vendas - lista, cadastro e cobranca de vendas sellout","app-rev:gerenciar-vendas-selecionar-produtos","clique:botao","fechar","","app-rev:gerenciar-vendas-selecionar-produtos:*","{""event"":{""eventCategory"":""app-rev:gerenciar-vendas-selecionar-produtos"",""eventAction"":""clique:botao"",""eventLabel"":""fechar""}}","Jornada sellout no app"
"Vendas Sellout VD","Experiencia Venda APP / Gestao de Vendas","Vendas sellout","Gestao","migrar","migrar","Interacao em Gerenciar vendas - lista, cadastro e cobranca de vendas sellout","app-rev:gerenciar-vendas-selecionar-produtos","clique:botao","confirmar-selecao-produto","","app-rev:gerenciar-vendas-selecionar-produtos:*","{""event"":{""eventCategory"":""app-rev:gerenciar-vendas-selecionar-produtos"",""eventAction"":""clique:botao"",""eventLabel"":""confirmar-selecao-produto""}}","Jornada sellout no app"
"Vendas Sellout VD","Experiencia Venda APP / Gestao de Vendas","Vendas sellout","Gestao","migrar","migrar","Interacao em Gerenciar vendas - lista, cadastro e cobranca de vendas sellout","app-rev:gerenciar-vendas-selecionar-produtos","clique:botao","outras-marcas-$parsedName","","app-rev:gerenciar-vendas-selecionar-produtos:*","{""event"":{""eventCategory"":""app-rev:gerenciar-vendas-selecionar-produtos"",""eventAction"":""clique:botao"",""eventLabel"":""outras-marcas-$parsedName""}}","Jornada sellout no app"
"Vendas Sellout VD","Experiencia Venda APP / Gestao de Vendas","Vendas sellout","Gestao","migrar","migrar","Interacao em Gerenciar vendas - lista, cadastro e cobranca de vendas sellout","app-rev:gerenciar-vendas","clique:botao","tentar-novamente","","app-rev:gerenciar-vendas:*","{""event"":{""eventCategory"":""app-rev:gerenciar-vendas"",""eventAction"":""clique:botao"",""eventLabel"":""tentar-novamente""}}","Jornada sellout no app"
"Vendas Sellout VD","Experiencia Venda APP / Gestao de Vendas","Vendas sellout","Gestao","migrar","migrar","Interacao em Gerenciar vendas - lista, cadastro e cobranca de vendas sellout","app-rev:gerenciar-vendas","clique:botao","adicionar-produto-a-venda","","app-rev:gerenciar-vendas:*","{""event"":{""eventCategory"":""app-rev:gerenciar-vendas"",""eventAction"":""clique:botao"",""eventLabel"":""adicionar-produto-a-venda""}}","Jornada sellout no app"
"Vendas Sellout VD","Experiencia Venda APP / Gestao de Vendas","Vendas sellout","Gestao","remover","remover","Interacao em Gerenciar vendas - lista, cadastro e cobranca de vendas sellout","app-rev:gerenciar-vendas","clique:botao","voltar-para-a-venda","","app-rev:gerenciar-vendas:*","{""event"":{""eventCategory"":""app-rev:gerenciar-vendas"",""eventAction"":""clique:botao"",""eventLabel"":""voltar-para-a-venda""}}","Jornada sellout no app"
"Vendas Sellout VD","Experiencia Venda APP / Gestao de Vendas","Vendas sellout","Gestao","remover","remover","Interacao em Gerenciar vendas - lista, cadastro e cobranca de vendas sellout","app-rev:gerenciar-vendas","clique:icone","codigo-de-barras","","app-rev:gerenciar-vendas:*","{""event"":{""eventCategory"":""app-rev:gerenciar-vendas"",""eventAction"":""clique:icone"",""eventLabel"":""codigo-de-barras""}}","Jornada sellout no app"
"Vendas Sellout VD","Experiencia Venda APP / Gestao de Vendas","Vendas sellout","Gestao","remover","remover","Interacao em Gerenciar vendas - lista, cadastro e cobranca de vendas sellout","app-rev:gerenciar-vendas","clique:botao","$sku:adicionar","","app-rev:gerenciar-vendas:*","{""event"":{""eventCategory"":""app-rev:gerenciar-vendas"",""eventAction"":""clique:botao"",""eventLabel"":""$sku:adicionar""}}","Jornada sellout no app"
"Vendas Sellout VD","Experiencia Venda APP / Gestao de Vendas","Vendas sellout","Gestao","remover","remover","Interacao em Gerenciar vendas - lista, cadastro e cobranca de vendas sellout","app-rev:gerenciar-vendas","clique:botao","selecionar-busca-produto","","app-rev:gerenciar-vendas:*","{""event"":{""eventCategory"":""app-rev:gerenciar-vendas"",""eventAction"":""clique:botao"",""eventLabel"":""selecionar-busca-produto""}}","Jornada sellout no app"
"Vendas Sellout VD","Experiencia Venda APP / Gestao de Vendas","Vendas sellout","Gestao","remover","remover","Interacao em Gerenciar vendas - lista, cadastro e cobranca de vendas sellout","app-rev:gerenciar-vendas","clique:botao","outras-marcas-$parsedName","","app-rev:gerenciar-vendas:*","{""event"":{""eventCategory"":""app-rev:gerenciar-vendas"",""eventAction"":""clique:botao"",""eventLabel"":""outras-marcas-$parsedName""}}","Jornada sellout no app"
"Carteira de Clientes CF VD","Gestao da Carteira de Clientes","Carteira de clientes","Gestao","migrar","migrar","Interacao em Gerenciar vendas - lista, cadastro e cobranca de vendas sellout","app-rev:gerenciar-vendas:cobrar-cliente","clique:botao","cobrar-todos-valores-nao-pagos","","app-rev:gerenciar-vendas:*","{""event"":{""eventCategory"":""app-rev:gerenciar-vendas:cobrar-cliente"",""eventAction"":""clique:botao"",""eventLabel"":""cobrar-todos-valores-nao-pagos""}}","Pode cruzar com Recomendacao > Gestao de clientes"
"Carteira de Clientes CF VD","Gestao da Carteira de Clientes","Carteira de clientes","Gestao","migrar","migrar","Interacao em Gerenciar vendas - lista, cadastro e cobranca de vendas sellout","app-rev:gerenciar-vendas:cobrar-cliente","clique:botao","cobrar-parcela-individual","","app-rev:gerenciar-vendas:*","{""event"":{""eventCategory"":""app-rev:gerenciar-vendas:cobrar-cliente"",""eventAction"":""clique:botao"",""eventLabel"":""cobrar-parcela-individual""}}","Pode cruzar com Recomendacao > Gestao de clientes"
"Carteira de Clientes CF VD","Gestao da Carteira de Clientes","Carteira de clientes","Gestao","remover","remover","Interacao em Gerenciar vendas - lista, cadastro e cobranca de vendas sellout","app-rev:gerenciar-vendas:cobrar-cliente","clique:botao","voltar","","app-rev:gerenciar-vendas:*","{""event"":{""eventCategory"":""app-rev:gerenciar-vendas:cobrar-cliente"",""eventAction"":""clique:botao"",""eventLabel"":""voltar""}}","Pode cruzar com Recomendacao > Gestao de clientes"
"Carteira de Clientes CF VD","Gestao da Carteira de Clientes","Carteira de clientes","Gestao","migrar","migrar","Interacao em Gerenciar vendas - lista, cadastro e cobranca de vendas sellout","app-rev:gerenciar-vendas:cobrar-cliente","clique:botao","habilitar-link-pagamento","","app-rev:gerenciar-vendas:*","{""event"":{""eventCategory"":""app-rev:gerenciar-vendas:cobrar-cliente"",""eventAction"":""clique:botao"",""eventLabel"":""habilitar-link-pagamento""}}","Pode cruzar com Recomendacao > Gestao de clientes"
"Carteira de Clientes CF VD","Gestao da Carteira de Clientes","Carteira de clientes","Gestao","migrar","migrar","Interacao em Gerenciar vendas - lista, cadastro e cobranca de vendas sellout","app-rev:gerenciar-vendas:cobrar-cliente","clique:botao","compartilhar-lembrete","","app-rev:gerenciar-vendas:*","{""event"":{""eventCategory"":""app-rev:gerenciar-vendas:cobrar-cliente"",""eventAction"":""clique:botao"",""eventLabel"":""compartilhar-lembrete""}}","Pode cruzar com Recomendacao > Gestao de clientes"
"Carteira de Clientes CF VD","Gestao da Carteira de Clientes","Carteira de clientes","Gestao","migrar","migrar","Interacao em Gerenciar vendas - lista, cadastro e cobranca de vendas sellout","app-rev:gerenciar-vendas:cobrar-cliente","clique:botao","selecionar-data-lembrete","","app-rev:gerenciar-vendas:*","{""event"":{""eventCategory"":""app-rev:gerenciar-vendas:cobrar-cliente"",""eventAction"":""clique:botao"",""eventLabel"":""selecionar-data-lembrete""}}","Pode cruzar com Recomendacao > Gestao de clientes"
"Carteira de Clientes CF VD","Gestao da Carteira de Clientes","Carteira de clientes","Gestao","migrar","migrar","Interacao em Gerenciar vendas - lista, cadastro e cobranca de vendas sellout","app-rev:gerenciar-vendas:cobrar-cliente","clique:botao","selecionar-valor-cobranca","","app-rev:gerenciar-vendas:*","{""event"":{""eventCategory"":""app-rev:gerenciar-vendas:cobrar-cliente"",""eventAction"":""clique:botao"",""eventLabel"":""selecionar-valor-cobranca""}}","Pode cruzar com Recomendacao > Gestao de clientes"
"Carteira de Clientes CF VD","Gestao da Carteira de Clientes","Carteira de clientes","Gestao","migrar","migrar","Interacao em Gerenciar vendas - lista, cadastro e cobranca de vendas sellout","app-rev:gerenciar-vendas:cobrar-cliente","clique:botao","exibir-todas-as-parcelas","","app-rev:gerenciar-vendas:*","{""event"":{""eventCategory"":""app-rev:gerenciar-vendas:cobrar-cliente"",""eventAction"":""clique:botao"",""eventLabel"":""exibir-todas-as-parcelas""}}","Pode cruzar com Recomendacao > Gestao de clientes"
"Carteira de Clientes CF VD","Gestao da Carteira de Clientes","Carteira de clientes","Gestao","migrar","migrar","Interacao em Gerenciar vendas - lista, cadastro e cobranca de vendas sellout","app-rev:gerenciar-vendas:cobrar-cliente","clique:botao","visualizar-previa-lembrete","","app-rev:gerenciar-vendas:*","{""event"":{""eventCategory"":""app-rev:gerenciar-vendas:cobrar-cliente"",""eventAction"":""clique:botao"",""eventLabel"":""visualizar-previa-lembrete""}}","Pode cruzar com Recomendacao > Gestao de clientes"
"Carteira de Clientes CF VD","Gestao da Carteira de Clientes","Carteira de clientes","Gestao","migrar","migrar","Interacao em Gerenciar vendas - lista, cadastro e cobranca de vendas sellout","app-rev:gerenciar-vendas:cobrar-cliente","clique:botao","visualizar-tooltip","","app-rev:gerenciar-vendas:*","{""event"":{""eventCategory"":""app-rev:gerenciar-vendas:cobrar-cliente"",""eventAction"":""clique:botao"",""eventLabel"":""visualizar-tooltip""}}","Pode cruzar com Recomendacao > Gestao de clientes"
"Vendas Sellout VD","Experiencia Venda APP / Gestao de Vendas","Vendas sellout","Gestao","remover","remover","Interacao em Gerenciar vendas - lista, cadastro e cobranca de vendas sellout","app-rev:gerenciar-vendas:opcoes-cobranca","clique:botao","voltar","","app-rev:gerenciar-vendas:*","{""event"":{""eventCategory"":""app-rev:gerenciar-vendas:opcoes-cobranca"",""eventAction"":""clique:botao"",""eventLabel"":""voltar""}}","Jornada sellout no app"
"Vendas Sellout VD","Experiencia Venda APP / Gestao de Vendas","Vendas sellout","Gestao","remover","remover","Interacao em Gerenciar vendas - lista, cadastro e cobranca de vendas sellout","app-rev:gerenciar-vendas:opcoes-cobranca","clique:botao","cobrar-com-link","","app-rev:gerenciar-vendas:*","{""event"":{""eventCategory"":""app-rev:gerenciar-vendas:opcoes-cobranca"",""eventAction"":""clique:botao"",""eventLabel"":""cobrar-com-link""}}","Jornada sellout no app"
"Vendas Sellout VD","Experiencia Venda APP / Gestao de Vendas","Vendas sellout","Gestao","remover","remover","Interacao em Gerenciar vendas - lista, cadastro e cobranca de vendas sellout","app-rev:gerenciar-vendas:opcoes-cobranca","clique:botao","cobrar-com-lembrete","","app-rev:gerenciar-vendas:*","{""event"":{""eventCategory"":""app-rev:gerenciar-vendas:opcoes-cobranca"",""eventAction"":""clique:botao"",""eventLabel"":""cobrar-com-lembrete""}}","Jornada sellout no app"
"Vendas Sellout VD","Experiencia Venda APP / Gestao de Vendas","Vendas sellout","Gestao","remover","remover","Interacao em Gerenciar vendas - lista, cadastro e cobranca de vendas sellout","app-rev:gerenciar-vendas:modal:parcelas-a-receber","clique:botao","fechar","","app-rev:gerenciar-vendas:*","{""event"":{""eventCategory"":""app-rev:gerenciar-vendas:modal:parcelas-a-receber"",""eventAction"":""clique:botao"",""eventLabel"":""fechar""}}","Jornada sellout no app"
"Vendas Sellout VD","Experiencia Venda APP / Gestao de Vendas","Vendas sellout","Gestao","remover","remover","Interacao em Gerenciar vendas - lista, cadastro e cobranca de vendas sellout","app-rev:gerenciar-vendas:modal:parcelas-a-receber","clique:botao","selecionar-parcela-$installment","","app-rev:gerenciar-vendas:*","{""event"":{""eventCategory"":""app-rev:gerenciar-vendas:modal:parcelas-a-receber"",""eventAction"":""clique:botao"",""eventLabel"":""selecionar-parcela-$installment""}}","Jornada sellout no app"
"Vendas Sellout VD","Experiencia Venda APP / Gestao de Vendas","Vendas sellout","Gestao","remover","remover","Interacao em Gerenciar vendas - lista, cadastro e cobranca de vendas sellout","app-rev:gerenciar-vendas:modal:parcelas-a-receber","clique:botao","enviar-cobranca","","app-rev:gerenciar-vendas:*","{""event"":{""eventCategory"":""app-rev:gerenciar-vendas:modal:parcelas-a-receber"",""eventAction"":""clique:botao"",""eventLabel"":""enviar-cobranca""}}","Jornada sellout no app"
"Vendas Sellout VD","Experiencia Venda APP / Gestao de Vendas","Vendas sellout","Gestao","remover","remover","Interacao em Gerenciar vendas - lista, cadastro e cobranca de vendas sellout","app-rev:gerenciar-vendas:enviar-lembrete","clique:botao","voltar","","app-rev:gerenciar-vendas:*","{""event"":{""eventCategory"":""app-rev:gerenciar-vendas:enviar-lembrete"",""eventAction"":""clique:botao"",""eventLabel"":""voltar""}}","Jornada sellout no app"
"Vendas Sellout VD","Experiencia Venda APP / Gestao de Vendas","Vendas sellout","Gestao","migrar","migrar","Interacao em Gerenciar vendas - lista, cadastro e cobranca de vendas sellout","app-rev:gerenciar-vendas:enviar-lembrete","clique:botao","enviar-lembrete","","app-rev:gerenciar-vendas:*","{""event"":{""eventCategory"":""app-rev:gerenciar-vendas:enviar-lembrete"",""eventAction"":""clique:botao"",""eventLabel"":""enviar-lembrete""}}","Jornada sellout no app"
"Vendas Sellout VD","Experiencia Venda APP / Gestao de Vendas","Vendas sellout","Gestao","remover","remover","Interacao em Gerenciar vendas - lista, cadastro e cobranca de vendas sellout","app-rev:gerenciar-vendas:enviar-lembrete","clique:botao","selecionar-data-lembrete","","app-rev:gerenciar-vendas:*","{""event"":{""eventCategory"":""app-rev:gerenciar-vendas:enviar-lembrete"",""eventAction"":""clique:botao"",""eventLabel"":""selecionar-data-lembrete""}}","Jornada sellout no app"
"Vendas Sellout VD","Experiencia Venda APP / Gestao de Vendas","Vendas sellout","Gestao","remover","remover","Interacao em Gerenciar vendas - lista, cadastro e cobranca de vendas sellout","app-rev:gerenciar-vendas:enviar-lembrete","clique:botao","visualizar-previa-lembrete","","app-rev:gerenciar-vendas:*","{""event"":{""eventCategory"":""app-rev:gerenciar-vendas:enviar-lembrete"",""eventAction"":""clique:botao"",""eventLabel"":""visualizar-previa-lembrete""}}","Jornada sellout no app"
"Vendas Sellout VD","Experiencia Venda APP / Gestao de Vendas","Vendas sellout","Gestao","remover","remover","Interacao em Gerenciar vendas - lista, cadastro e cobranca de vendas sellout","app-rev:gerenciar-vendas:enviar-lembrete","clique:botao","visualizar-tooltip","","app-rev:gerenciar-vendas:*","{""event"":{""eventCategory"":""app-rev:gerenciar-vendas:enviar-lembrete"",""eventAction"":""clique:botao"",""eventLabel"":""visualizar-tooltip""}}","Jornada sellout no app"
"Vendas Sellout VD","Experiencia Venda APP / Gestao de Vendas","Vendas sellout","Gestao","migrar","migrar","Interacao em Gerenciar vendas - lista, cadastro e cobranca de vendas sellout","app-rev:gerenciar-vendas:cobrar-cliente-pagamento","interacao:campo","preencheu:valor-acima-do-total","","app-rev:gerenciar-vendas:*","{""event"":{""eventCategory"":""app-rev:gerenciar-vendas:cobrar-cliente-pagamento"",""eventAction"":""interacao:campo"",""eventLabel"":""preencheu:valor-acima-do-total""}}","Jornada sellout no app"
"Vendas Sellout VD","Experiencia Venda APP / Gestao de Vendas","Vendas sellout","Gestao","migrar","migrar","Interacao em Gerenciar vendas - lista, cadastro e cobranca de vendas sellout","app-rev:gerenciar-vendas:cobrar-cliente-pagamento","clique:botao","copiar-pix","","app-rev:gerenciar-vendas:*","{""event"":{""eventCategory"":""app-rev:gerenciar-vendas:cobrar-cliente-pagamento"",""eventAction"":""clique:botao"",""eventLabel"":""copiar-pix""}}","Jornada sellout no app"
"Vendas Sellout VD","Experiencia Venda APP / Gestao de Vendas","Vendas sellout","Gestao","migrar","migrar","Interacao em Gerenciar vendas - lista, cadastro e cobranca de vendas sellout","app-rev:gerenciar-vendas:cobrar-cliente-pagamento","clique:botao","gerar-link:customizado","","app-rev:gerenciar-vendas:*","{""event"":{""eventCategory"":""app-rev:gerenciar-vendas:cobrar-cliente-pagamento"",""eventAction"":""clique:botao"",""eventLabel"":""gerar-link:customizado""}}","Jornada sellout no app"
"Vendas Sellout VD","Experiencia Venda APP / Gestao de Vendas","Vendas sellout","Gestao","migrar","migrar","Interacao em Gerenciar vendas - lista, cadastro e cobranca de vendas sellout","app-rev:gerenciar-vendas:cobrar-cliente-pagamento","clique:botao","gerar-link","","app-rev:gerenciar-vendas:*","{""event"":{""eventCategory"":""app-rev:gerenciar-vendas:cobrar-cliente-pagamento"",""eventAction"":""clique:botao"",""eventLabel"":""gerar-link""}}","Jornada sellout no app"
"Vendas Sellout VD","Experiencia Venda APP / Gestao de Vendas","Vendas sellout","Gestao","migrar","migrar","Interacao em Gerenciar vendas - lista, cadastro e cobranca de vendas sellout","app-rev:gerenciar-vendas:cobrar-cliente-pagamento","clique:botao","enviar-mensagem-pix","","app-rev:gerenciar-vendas:*","{""event"":{""eventCategory"":""app-rev:gerenciar-vendas:cobrar-cliente-pagamento"",""eventAction"":""clique:botao"",""eventLabel"":""enviar-mensagem-pix""}}","Jornada sellout no app"
"Carteira de Clientes CF VD","Gestao da Carteira de Clientes","Carteira de clientes","Gestao","remover","remover","Interacao em Gerenciar vendas - lista, cadastro e cobranca de vendas sellout","app-rev:gerenciar-clientes:recebimentos","clique:icone","voltar","","app-rev:gerenciar-clientes:*","{""event"":{""eventCategory"":""app-rev:gerenciar-clientes:recebimentos"",""eventAction"":""clique:icone"",""eventLabel"":""voltar""}}","Pode cruzar com Recomendacao > Gestao de clientes"
"Carteira de Clientes CF VD","Gestao da Carteira de Clientes","Carteira de clientes","Gestao","remover","remover","Interacao em Gerenciar vendas - lista, cadastro e cobranca de vendas sellout","app-rev:gerenciar-clientes:recebimentos","clique:botao","adicionar-venda","","app-rev:gerenciar-clientes:*","{""event"":{""eventCategory"":""app-rev:gerenciar-clientes:recebimentos"",""eventAction"":""clique:botao"",""eventLabel"":""adicionar-venda""}}","Pode cruzar com Recomendacao > Gestao de clientes"
"Carteira de Clientes CF VD","Gestao da Carteira de Clientes","Carteira de clientes","Gestao","remover","remover","Interacao em Gerenciar vendas - lista, cadastro e cobranca de vendas sellout","app-rev:gerenciar-clientes:recebimentos","clique:botao","pesquisa-in-app","","app-rev:gerenciar-clientes:*","{""event"":{""eventCategory"":""app-rev:gerenciar-clientes:recebimentos"",""eventAction"":""clique:botao"",""eventLabel"":""pesquisa-in-app""}}","Pode cruzar com Recomendacao > Gestao de clientes"
"Carteira de Clientes CF VD","Gestao da Carteira de Clientes","Carteira de clientes","Gestao","remover","remover","Interacao em Gerenciar vendas - lista, cadastro e cobranca de vendas sellout","app-rev:gerenciar-clientes:recebimentos","clique:botao","filtro:${filter.toAnalyticsFormat()}","","app-rev:gerenciar-clientes:*","{""event"":{""eventCategory"":""app-rev:gerenciar-clientes:recebimentos"",""eventAction"":""clique:botao"",""eventLabel"":""filtro:${filter.toAnalyticsFormat()}""}}","Pode cruzar com Recomendacao > Gestao de clientes"
"Carteira de Clientes CF VD","Gestao da Carteira de Clientes","Carteira de clientes","Gestao","remover","remover","Interacao em Gerenciar vendas - lista, cadastro e cobranca de vendas sellout","app-rev:gerenciar-clientes:recebimentos","clique:botao","view-tooltip","","app-rev:gerenciar-clientes:*","{""event"":{""eventCategory"":""app-rev:gerenciar-clientes:recebimentos"",""eventAction"":""clique:botao"",""eventLabel"":""view-tooltip""}}","Pode cruzar com Recomendacao > Gestao de clientes"
"Carteira de Clientes CF VD","Gestao da Carteira de Clientes","Carteira de clientes","Gestao","remover","remover","Interacao em Gerenciar vendas - lista, cadastro e cobranca de vendas sellout","app-rev:gerenciar-clientes:recebimentos","clique:botao","consultar-detalhes","","app-rev:gerenciar-clientes:*","{""event"":{""eventCategory"":""app-rev:gerenciar-clientes:recebimentos"",""eventAction"":""clique:botao"",""eventLabel"":""consultar-detalhes""}}","Pode cruzar com Recomendacao > Gestao de clientes"
"Carteira de Clientes CF VD","Gestao da Carteira de Clientes","Carteira de clientes","Gestao","remover","remover","Interacao em Gerenciar vendas - lista, cadastro e cobranca de vendas sellout","app-rev:gerenciar-clientes:recebimentos","clique:botao","enviar-lembrete","","app-rev:gerenciar-clientes:*","{""event"":{""eventCategory"":""app-rev:gerenciar-clientes:recebimentos"",""eventAction"":""clique:botao"",""eventLabel"":""enviar-lembrete""}}","Pode cruzar com Recomendacao > Gestao de clientes"
"Carteira de Clientes CF VD","Gestao da Carteira de Clientes","Carteira de clientes","Gestao","remover","remover","Interacao em Gerenciar vendas - lista, cadastro e cobranca de vendas sellout","app-rev:gerenciar-clientes:recebimentos","clique:icone","parcela-alvo:fechar","","app-rev:gerenciar-clientes:*","{""event"":{""eventCategory"":""app-rev:gerenciar-clientes:recebimentos"",""eventAction"":""clique:icone"",""eventLabel"":""parcela-alvo:fechar""}}","Pode cruzar com Recomendacao > Gestao de clientes"
"Carteira de Clientes CF VD","Gestao da Carteira de Clientes","Carteira de clientes","Gestao","remover","remover","Interacao em Gerenciar vendas - lista, cadastro e cobranca de vendas sellout","app-rev:gerenciar-clientes:recebimentos","clique:botao","parcela-alvo:enviar-lembrete","","app-rev:gerenciar-clientes:*","{""event"":{""eventCategory"":""app-rev:gerenciar-clientes:recebimentos"",""eventAction"":""clique:botao"",""eventLabel"":""parcela-alvo:enviar-lembrete""}}","Pode cruzar com Recomendacao > Gestao de clientes"
"Carteira de Clientes CF VD","Gestao da Carteira de Clientes","Carteira de clientes","Gestao","remover","remover","Interacao em Gerenciar vendas - lista, cadastro e cobranca de vendas sellout","app-rev:gerenciar-clientes:recebimentos","clique:icone","parcela-alvo:fechar-pesquisa","","app-rev:gerenciar-clientes:*","{""event"":{""eventCategory"":""app-rev:gerenciar-clientes:recebimentos"",""eventAction"":""clique:icone"",""eventLabel"":""parcela-alvo:fechar-pesquisa""}}","Pode cruzar com Recomendacao > Gestao de clientes"
"Carteira de Clientes CF VD","Gestao da Carteira de Clientes","Carteira de clientes","Gestao","remover","remover","Interacao em Gerenciar vendas - lista, cadastro e cobranca de vendas sellout","app-rev:gerenciar-clientes:recebimentos","clique:botao","parcela-alvo:abrir-pesquisa","","app-rev:gerenciar-clientes:*","{""event"":{""eventCategory"":""app-rev:gerenciar-clientes:recebimentos"",""eventAction"":""clique:botao"",""eventLabel"":""parcela-alvo:abrir-pesquisa""}}","Pode cruzar com Recomendacao > Gestao de clientes"
"Carteira de Clientes CF VD","Gestao da Carteira de Clientes","Carteira de clientes","Gestao","remover","remover","Interacao em Gerenciar vendas - lista, cadastro e cobranca de vendas sellout","app-rev:gerenciar-clientes:recebimentos","visualizacao:widget","parcela-alvo:widget","","app-rev:gerenciar-clientes:*","{""event"":{""eventCategory"":""app-rev:gerenciar-clientes:recebimentos"",""eventAction"":""visualizacao:widget"",""eventLabel"":""parcela-alvo:widget""}}","Pode cruzar com Recomendacao > Gestao de clientes"
"Carteira de Clientes CF VD","Gestao da Carteira de Clientes","Carteira de clientes","Gestao","remover","remover","Interacao em Gerenciar vendas - lista, cadastro e cobranca de vendas sellout","app-rev:gerenciar-clientes:recebimentos","clique:botao","tentar-novamente","","app-rev:gerenciar-clientes:*","{""event"":{""eventCategory"":""app-rev:gerenciar-clientes:recebimentos"",""eventAction"":""clique:botao"",""eventLabel"":""tentar-novamente""}}","Pode cruzar com Recomendacao > Gestao de clientes"
"Vendas Sellout VD","Experiencia Venda APP / Gestao de Vendas","Vendas sellout","Gestao","remover","remover","Interacao em Gerenciar vendas - lista, cadastro e cobranca de vendas sellout","app-rev:gerenciar-vendas","clique:botao","aplicar-filtros","","app-rev:gerenciar-vendas:*","{""event"":{""eventCategory"":""app-rev:gerenciar-vendas"",""eventAction"":""clique:botao"",""eventLabel"":""aplicar-filtros""}}","Jornada sellout no app"
"Vendas Sellout VD","Experiencia Venda APP / Gestao de Vendas","Vendas sellout","Gestao","remover","remover","Interacao em Gerenciar vendas - lista, cadastro e cobranca de vendas sellout","app-rev:gerenciar-vendas","clique:icone","fechar","","app-rev:gerenciar-vendas:*","{""event"":{""eventCategory"":""app-rev:gerenciar-vendas"",""eventAction"":""clique:icone"",""eventLabel"":""fechar""}}","Jornada sellout no app"
"Vendas Sellout VD","Experiencia Venda APP / Gestao de Vendas","Vendas sellout","Gestao","remover","remover","Interacao em Gerenciar vendas - lista, cadastro e cobranca de vendas sellout","app-rev:gerenciar-vendas","clique:botao","remover-filtros","","app-rev:gerenciar-vendas:*","{""event"":{""eventCategory"":""app-rev:gerenciar-vendas"",""eventAction"":""clique:botao"",""eventLabel"":""remover-filtros""}}","Jornada sellout no app"
"Vendas Sellout VD","Experiencia Venda APP / Gestao de Vendas","Vendas sellout","Gestao","remover","remover","Interacao em Gerenciar vendas - lista, cadastro e cobranca de vendas sellout","app-rev:gerenciar-vendas","clique:botao","finalizar","","app-rev:gerenciar-vendas:*","{""event"":{""eventCategory"":""app-rev:gerenciar-vendas"",""eventAction"":""clique:botao"",""eventLabel"":""finalizar""}}","Jornada sellout no app"
"Vendas Sellout VD","Experiencia Venda APP / Gestao de Vendas","Vendas sellout","Gestao","remover","remover","Interacao em Gerenciar vendas - lista, cadastro e cobranca de vendas sellout","app-rev:gerenciar-vendas","clique:botao","proximo","","app-rev:gerenciar-vendas:*","{""event"":{""eventCategory"":""app-rev:gerenciar-vendas"",""eventAction"":""clique:botao"",""eventLabel"":""proximo""}}","Jornada sellout no app"
"Vendas Sellout VD","Experiencia Venda APP / Gestao de Vendas","Vendas sellout","Gestao","remover","remover","Interacao em Gerenciar vendas - lista, cadastro e cobranca de vendas sellout","app-rev:gerenciar-vendas","clique:botao","anterior","","app-rev:gerenciar-vendas:*","{""event"":{""eventCategory"":""app-rev:gerenciar-vendas"",""eventAction"":""clique:botao"",""eventLabel"":""anterior""}}","Jornada sellout no app"
"Vendas Sellout VD","Experiencia Venda APP / Gestao de Vendas","Vendas sellout","Gestao","remover","remover","Interacao em Gerenciar vendas - lista, cadastro e cobranca de vendas sellout","app-rev:gerenciar-vendas","clique:botao","pular","","app-rev:gerenciar-vendas:*","{""event"":{""eventCategory"":""app-rev:gerenciar-vendas"",""eventAction"":""clique:botao"",""eventLabel"":""pular""}}","Jornada sellout no app"
"Vendas Sellout VD","Experiencia Venda APP / Gestao de Vendas","Vendas sellout","Gestao","remover","remover","Interacao em Gerenciar vendas - lista, cadastro e cobranca de vendas sellout","app-rev:gerenciar-vendas","video:youtube","termino-tutorial-video-link-pagamento","","app-rev:gerenciar-vendas:*","{""event"":{""eventCategory"":""app-rev:gerenciar-vendas"",""eventAction"":""video:youtube"",""eventLabel"":""termino-tutorial-video-link-pagamento""}}","Jornada sellout no app"
"Vendas Sellout VD","Experiencia Venda APP / Gestao de Vendas","Vendas sellout","Gestao","remover","remover","Interacao em Gerenciar vendas - lista, cadastro e cobranca de vendas sellout","app-rev:gerenciar-vendas","video:youtube","pausa-tutorial-video-link-pagamento","","app-rev:gerenciar-vendas:*","{""event"":{""eventCategory"":""app-rev:gerenciar-vendas"",""eventAction"":""video:youtube"",""eventLabel"":""pausa-tutorial-video-link-pagamento""}}","Jornada sellout no app"
"Vendas Sellout VD","Experiencia Venda APP / Gestao de Vendas","Vendas sellout","Gestao","remover","remover","Interacao em Gerenciar vendas - lista, cadastro e cobranca de vendas sellout","app-rev:gerenciar-vendas","clique:botao","finalizar","","app-rev:gerenciar-vendas:*","{""event"":{""eventCategory"":""app-rev:gerenciar-vendas"",""eventAction"":""clique:botao"",""eventLabel"":""finalizar""}}","Jornada sellout no app"
"Vendas Sellout VD","Experiencia Venda APP / Gestao de Vendas","Vendas sellout","Gestao","remover","remover","Interacao em Gerenciar vendas - lista, cadastro e cobranca de vendas sellout","app-rev:gerenciar-vendas","clique:botao","proximo","","app-rev:gerenciar-vendas:*","{""event"":{""eventCategory"":""app-rev:gerenciar-vendas"",""eventAction"":""clique:botao"",""eventLabel"":""proximo""}}","Jornada sellout no app"
"Vendas Sellout VD","Experiencia Venda APP / Gestao de Vendas","Vendas sellout","Gestao","remover","remover","Interacao em Gerenciar vendas - lista, cadastro e cobranca de vendas sellout","app-rev:gerenciar-vendas","clique:botao","anterior","","app-rev:gerenciar-vendas:*","{""event"":{""eventCategory"":""app-rev:gerenciar-vendas"",""eventAction"":""clique:botao"",""eventLabel"":""anterior""}}","Jornada sellout no app"
"Vendas Sellout VD","Experiencia Venda APP / Gestao de Vendas","Vendas sellout","Gestao","remover","remover","Interacao em Gerenciar vendas - lista, cadastro e cobranca de vendas sellout","app-rev:gerenciar-vendas","clique:botao","pular","","app-rev:gerenciar-vendas:*","{""event"":{""eventCategory"":""app-rev:gerenciar-vendas"",""eventAction"":""clique:botao"",""eventLabel"":""pular""}}","Jornada sellout no app"
"Vendas Sellout VD","Experiencia Venda APP / Gestao de Vendas","Vendas sellout","Gestao","remover","remover","Interacao em Gerenciar vendas - lista, cadastro e cobranca de vendas sellout","app-rev:gerenciar-vendas","video:youtube","start-tutorial-video-link-pagamento","","app-rev:gerenciar-vendas:*","{""event"":{""eventCategory"":""app-rev:gerenciar-vendas"",""eventAction"":""video:youtube"",""eventLabel"":""start-tutorial-video-link-pagamento""}}","Jornada sellout no app"
"Vendas Sellout VD","Experiencia Venda APP / Gestao de Vendas","Vendas sellout","Gestao","migrar","migrar","Interacao em Gerenciar vendas - lista, cadastro e cobranca de vendas sellout","$eventCategory:conversion","conversion","salvar-vendas:${Intl.pluralLogic(
            salesCount,
            one: ","","$eventCategory:conversion:*","{""event"":{""eventCategory"":""$eventCategory:conversion"",""eventAction"":""conversion"",""eventLabel"":""salvar-vendas:${Intl.pluralLogic(\r\n            salesCount,\r\n            one: ""}}","Jornada sellout no app"
"Vendas Sellout VD","Experiencia Venda APP / Gestao de Vendas","Vendas sellout","Gestao","migrar","migrar","Interacao em Gerenciar vendas - lista, cadastro e cobranca de vendas sellout","app-rev:gestao:organizar-vendas","clique:botao","adicionar-nova-venda","","app-rev:gestao:*","{""event"":{""eventCategory"":""app-rev:gestao:organizar-vendas"",""eventAction"":""clique:botao"",""eventLabel"":""adicionar-nova-venda""}}","Jornada sellout no app"
"Vendas Sellout VD","Experiencia Venda APP / Gestao de Vendas","Vendas sellout","Gestao","migrar","migrar","Interacao em Gerenciar vendas - lista, cadastro e cobranca de vendas sellout","app-rev:gestao:organizar-vendas","clique:botao","alterar-cliente","","app-rev:gestao:*","{""event"":{""eventCategory"":""app-rev:gestao:organizar-vendas"",""eventAction"":""clique:botao"",""eventLabel"":""alterar-cliente""}}","Jornada sellout no app"
"Vendas Sellout VD","Experiencia Venda APP / Gestao de Vendas","Vendas sellout","Gestao","migrar","migrar","Interacao em Gerenciar vendas - lista, cadastro e cobranca de vendas sellout","app-rev:gestao:organizar-vendas","clique:botao","alterar-data","","app-rev:gestao:*","{""event"":{""eventCategory"":""app-rev:gestao:organizar-vendas"",""eventAction"":""clique:botao"",""eventLabel"":""alterar-data""}}","Jornada sellout no app"
"Vendas Sellout VD","Experiencia Venda APP / Gestao de Vendas","Vendas sellout","Gestao","migrar","migrar","Interacao em Gerenciar vendas - lista, cadastro e cobranca de vendas sellout","app-rev:gestao:organizar-vendas","clique:botao","remover-produto","","app-rev:gestao:*","{""event"":{""eventCategory"":""app-rev:gestao:organizar-vendas"",""eventAction"":""clique:botao"",""eventLabel"":""remover-produto""}}","Jornada sellout no app"
"Vendas Sellout VD","Experiencia Venda APP / Gestao de Vendas","Vendas sellout","Gestao","migrar","migrar","Interacao em Gerenciar vendas - lista, cadastro e cobranca de vendas sellout","app-rev:gestao:organizar-vendas","clique:botao","remover-venda","","app-rev:gestao:*","{""event"":{""eventCategory"":""app-rev:gestao:organizar-vendas"",""eventAction"":""clique:botao"",""eventLabel"":""remover-venda""}}","Jornada sellout no app"
"Vendas Sellout VD","Experiencia Venda APP / Gestao de Vendas","Vendas sellout","Gestao","migrar","migrar","Interacao em Gerenciar vendas - lista, cadastro e cobranca de vendas sellout","app-rev:gestao:organizar-vendas","clique:botao","salvar-vendas","","app-rev:gestao:*","{""event"":{""eventCategory"":""app-rev:gestao:organizar-vendas"",""eventAction"":""clique:botao"",""eventLabel"":""salvar-vendas""}}","Jornada sellout no app"
"Vendas Sellout VD","Experiencia Venda APP / Gestao de Vendas","Vendas sellout","Gestao","migrar","migrar","Interacao em Gerenciar vendas - lista, cadastro e cobranca de vendas sellout","app-rev:gestao:organizar-vendas","clique:botao","selecionar-cliente","","app-rev:gestao:*","{""event"":{""eventCategory"":""app-rev:gestao:organizar-vendas"",""eventAction"":""clique:botao"",""eventLabel"":""selecionar-cliente""}}","Jornada sellout no app"
"Vendas Sellout VD","Experiencia Venda APP / Gestao de Vendas","Vendas sellout","Gestao","migrar","migrar","Interacao em Gerenciar vendas - lista, cadastro e cobranca de vendas sellout","app-rev:gestao:organizar-vendas","clique:botao","selecionar-produto","","app-rev:gestao:*","{""event"":{""eventCategory"":""app-rev:gestao:organizar-vendas"",""eventAction"":""clique:botao"",""eventLabel"":""selecionar-produto""}}","Jornada sellout no app"
"Vendas Sellout VD","Experiencia Venda APP / Gestao de Vendas","Vendas sellout","Gestao","remover","remover","Interacao em Gerenciar vendas - lista, cadastro e cobranca de vendas sellout","app-rev:vendas-recebidas","clique:botao","ver-gestao-vendas","","app-rev:vendas-recebidas:*","{""event"":{""eventCategory"":""app-rev:vendas-recebidas"",""eventAction"":""clique:botao"",""eventLabel"":""ver-gestao-vendas""}}","Jornada sellout no app"
"Vendas Sellout VD","Experiencia Venda APP / Gestao de Vendas","Vendas sellout","Gestao","migrar","migrar","Interacao em Gerenciar vendas - lista, cadastro e cobranca de vendas sellout","app-rev:vendas-recebidas","clique:botao","adicionar-produtos-ao-carrinho:$saleId","","app-rev:vendas-recebidas:*","{""event"":{""eventCategory"":""app-rev:vendas-recebidas"",""eventAction"":""clique:botao"",""eventLabel"":""adicionar-produtos-ao-carrinho:$saleId""}}","Jornada sellout no app"
"Vendas Sellout VD","Experiencia Venda APP / Gestao de Vendas","Vendas sellout","Gestao","migrar","migrar","Interacao em Gerenciar vendas - lista, cadastro e cobranca de vendas sellout","app-rev:vendas-recebidas","clique:botao","tentar-novamente","","app-rev:vendas-recebidas:*","{""event"":{""eventCategory"":""app-rev:vendas-recebidas"",""eventAction"":""clique:botao"",""eventLabel"":""tentar-novamente""}}","Jornada sellout no app"
"Vendas Sellout VD","Experiencia Venda APP / Gestao de Vendas","Vendas sellout","Gestao","migrar","migrar","Interacao em Gerenciar vendas - lista, cadastro e cobranca de vendas sellout","","clique:botao","adicionar-nova-venda:nenhuma-venda","","","{""event"":{""eventCategory"":"""",""eventAction"":""clique:botao"",""eventLabel"":""adicionar-nova-venda:nenhuma-venda""}}","Jornada sellout no app"
"Vendas Sellout VD","Experiencia Venda APP / Gestao de Vendas","Vendas sellout","Gestao","migrar","migrar","Interacao em Gerenciar vendas - lista, cadastro e cobranca de vendas sellout","","clique:botao","adicionar-nova-venda:total-vendas","","","{""event"":{""eventCategory"":"""",""eventAction"":""clique:botao"",""eventLabel"":""adicionar-nova-venda:total-vendas""}}","Jornada sellout no app"
"Vendas Sellout VD","Experiencia Venda APP / Gestao de Vendas","Vendas sellout","Gestao","migrar","migrar","Interacao em Gerenciar vendas - lista, cadastro e cobranca de vendas sellout","","clique:botao","cobrar-cliente:$saleId","","","{""event"":{""eventCategory"":"""",""eventAction"":""clique:botao"",""eventLabel"":""cobrar-cliente:$saleId""}}","Jornada sellout no app"
"Vendas Sellout VD","Experiencia Venda APP / Gestao de Vendas","Vendas sellout","Gestao","migrar","migrar","Interacao em Gerenciar vendas - lista, cadastro e cobranca de vendas sellout","","clique:botao","editar-venda:$saleId","","","{""event"":{""eventCategory"":"""",""eventAction"":""clique:botao"",""eventLabel"":""editar-venda:$saleId""}}","Jornada sellout no app"
"Vendas Sellout VD","Experiencia Venda APP / Gestao de Vendas","Vendas sellout","Gestao","remover","remover","Interacao em Gerenciar vendas - lista, cadastro e cobranca de vendas sellout","","clique:icone","filtrar","","","{""event"":{""eventCategory"":"""",""eventAction"":""clique:icone"",""eventLabel"":""filtrar""}}","Jornada sellout no app"
"Vendas Sellout VD","Experiencia Venda APP / Gestao de Vendas","Vendas sellout","Gestao","remover","remover","Interacao em Gerenciar vendas - lista, cadastro e cobranca de vendas sellout","","interacao:filtro","vendas-filtradas-por-${status.toTag}","","","{""event"":{""eventCategory"":"""",""eventAction"":""interacao:filtro"",""eventLabel"":""vendas-filtradas-por-${status.toTag}""}}","Jornada sellout no app"
"Vendas Sellout VD","Experiencia Venda APP / Gestao de Vendas","Vendas sellout","Gestao","remover","remover","Interacao em Gerenciar vendas - lista, cadastro e cobranca de vendas sellout","","clique:botao","onboarding-cobra-cliente-novo","","","{""event"":{""eventCategory"":"""",""eventAction"":""clique:botao"",""eventLabel"":""onboarding-cobra-cliente-novo""}}","Jornada sellout no app"
"Vendas Sellout VD","Experiencia Venda APP / Gestao de Vendas","Vendas sellout","Gestao","remover","remover","Interacao em Gerenciar vendas - lista, cadastro e cobranca de vendas sellout","","clique:botao","saiba-como","","","{""event"":{""eventCategory"":"""",""eventAction"":""clique:botao"",""eventLabel"":""saiba-como""}}","Jornada sellout no app"
"Vendas Sellout VD","Experiencia Venda APP / Gestao de Vendas","Vendas sellout","Gestao","remover","remover","Interacao em Gerenciar vendas - lista, cadastro e cobranca de vendas sellout","","clique:tooltip","info-total-vendas","","","{""event"":{""eventCategory"":"""",""eventAction"":""clique:tooltip"",""eventLabel"":""info-total-vendas""}}","Jornada sellout no app"
"Vendas Sellout VD","Experiencia Venda APP / Gestao de Vendas","Vendas sellout","Gestao","remover","remover","Interacao em Gerenciar vendas - lista, cadastro e cobranca de vendas sellout","","clique:botao","lembrete-recebimento-venda","","","{""event"":{""eventCategory"":"""",""eventAction"":""clique:botao"",""eventLabel"":""lembrete-recebimento-venda""}}","Jornada sellout no app"
"Vendas Sellout VD","Experiencia Venda APP / Gestao de Vendas","Vendas sellout","Gestao","migrar","migrar","Interacao em Gerenciar vendas - lista, cadastro e cobranca de vendas sellout","","clique:botao","alterar-status-pagamento:${_mapPaymentStatusToString(status)}","","","{""event"":{""eventCategory"":"""",""eventAction"":""clique:botao"",""eventLabel"":""alterar-status-pagamento:${_mapPaymentStatusToString(status)}""}}","Jornada sellout no app"
"Vendas Sellout VD","Experiencia Venda APP / Gestao de Vendas","Vendas sellout","Gestao","remover","remover","Interacao em Gerenciar vendas - lista, cadastro e cobranca de vendas sellout","","interacao:filtro","vendas-filtradas-por-cliente","","","{""event"":{""eventCategory"":"""",""eventAction"":""interacao:filtro"",""eventLabel"":""vendas-filtradas-por-cliente""}}","Jornada sellout no app"
"Vendas Sellout VD","Experiencia Venda APP / Gestao de Vendas","Vendas sellout","Gestao","migrar","migrar","Interacao em Gerenciar vendas - lista, cadastro e cobranca de vendas sellout","","clique:botao","tentar-novamente","","","{""event"":{""eventCategory"":"""",""eventAction"":""clique:botao"",""eventLabel"":""tentar-novamente""}}","Jornada sellout no app"
"Vendas Sellout VD","Experiencia Venda APP / Gestao de Vendas","Vendas sellout","Gestao","remover","remover","Interacao em Gerenciar vendas - lista, cadastro e cobranca de vendas sellout","","view:componente","lembrete-recebimento-venda","","","{""event"":{""eventCategory"":"""",""eventAction"":""view:componente"",""eventLabel"":""lembrete-recebimento-venda""}}","Jornada sellout no app"
"Vendas Sellout VD","Experiencia Venda APP / Gestao de Vendas","Vendas sellout","Gestao","remover","remover","Interacao em Gerenciar vendas - lista, cadastro e cobranca de vendas sellout","app-rev:gestao:organizar-vendas:modal-excluir-venda","clique:botao","sim-quero-excluir","","app-rev:gestao:*","{""event"":{""eventCategory"":""app-rev:gestao:organizar-vendas:modal-excluir-venda"",""eventAction"":""clique:botao"",""eventLabel"":""sim-quero-excluir""}}","Jornada sellout no app"
"Vendas Sellout VD","Experiencia Venda APP / Gestao de Vendas","Vendas sellout","Gestao","remover","remover","Interacao em Gerenciar vendas - lista, cadastro e cobranca de vendas sellout","app-rev:gestao:organizar-vendas:modal-excluir-venda","clique:botao","nao-excluir-venda","","app-rev:gestao:*","{""event"":{""eventCategory"":""app-rev:gestao:organizar-vendas:modal-excluir-venda"",""eventAction"":""clique:botao"",""eventLabel"":""nao-excluir-venda""}}","Jornada sellout no app"
"Carteira de Clientes CF VD","Gestao da Carteira de Clientes","Carteira de clientes","Gestao","migrar","migrar","Interacao em Gerenciar vendas - lista, cadastro e cobranca de vendas sellout","app-rev:gestao:organizar-vendas:selecionar-cliente","clique:botao","adicionar","","app-rev:gestao:*","{""event"":{""eventCategory"":""app-rev:gestao:organizar-vendas:selecionar-cliente"",""eventAction"":""clique:botao"",""eventLabel"":""adicionar""}}","Pode cruzar com Recomendacao > Gestao de clientes"
"Carteira de Clientes CF VD","Gestao da Carteira de Clientes","Carteira de clientes","Gestao","migrar","migrar","Interacao em Gerenciar vendas - lista, cadastro e cobranca de vendas sellout","app-rev:gestao:organizar-vendas:selecionar-cliente","clique:botao","adicionar-cliente","","app-rev:gestao:*","{""event"":{""eventCategory"":""app-rev:gestao:organizar-vendas:selecionar-cliente"",""eventAction"":""clique:botao"",""eventLabel"":""adicionar-cliente""}}","Pode cruzar com Recomendacao > Gestao de clientes"
"Carteira de Clientes CF VD","Gestao da Carteira de Clientes","Carteira de clientes","Gestao","migrar","migrar","Interacao em Gerenciar vendas - lista, cadastro e cobranca de vendas sellout","app-rev:gestao:organizar-vendas:selecionar-cliente","clique:botao","salvar-selecao","","app-rev:gestao:*","{""event"":{""eventCategory"":""app-rev:gestao:organizar-vendas:selecionar-cliente"",""eventAction"":""clique:botao"",""eventLabel"":""salvar-selecao""}}","Pode cruzar com Recomendacao > Gestao de clientes"
"Carteira de Clientes CF VD","Gestao da Carteira de Clientes","Carteira de clientes","Gestao","migrar","migrar","Interacao em Gerenciar vendas - lista, cadastro e cobranca de vendas sellout","app-rev:gestao:organizar-vendas:selecionar-cliente","clique:botao","tentar-novamente","","app-rev:gestao:*","{""event"":{""eventCategory"":""app-rev:gestao:organizar-vendas:selecionar-cliente"",""eventAction"":""clique:botao"",""eventLabel"":""tentar-novamente""}}","Pode cruzar com Recomendacao > Gestao de clientes"
"Carteira de Clientes CF VD","Gestao da Carteira de Clientes","Carteira de clientes","Gestao","migrar","migrar","Interacao em Gerenciar vendas - lista, cadastro e cobranca de vendas sellout","app-rev:gestao:organizar-vendas:selecionar-cliente","caixa-de-texto-busca-cliente","buscar-nome-cliente","","app-rev:gestao:*","{""event"":{""eventCategory"":""app-rev:gestao:organizar-vendas:selecionar-cliente"",""eventAction"":""caixa-de-texto-busca-cliente"",""eventLabel"":""buscar-nome-cliente""}}","Pode cruzar com Recomendacao > Gestao de clientes"
"Carteira de Clientes CF VD","Gestao da Carteira de Clientes","Carteira de clientes","Gestao","migrar","migrar","Interacao em Gerenciar vendas - lista, cadastro e cobranca de vendas sellout","app-rev:gestao:organizar-vendas:selecionar-cliente","clique:botao","selecionar-cliente-cadastrado","","app-rev:gestao:*","{""event"":{""eventCategory"":""app-rev:gestao:organizar-vendas:selecionar-cliente"",""eventAction"":""clique:botao"",""eventLabel"":""selecionar-cliente-cadastrado""}}","Pode cruzar com Recomendacao > Gestao de clientes"
"Divulgacao MLD","Trafego geral MLD","Trafego Home","Inicio","migrar","migrar","Interacao em Home (aba Inicio) - tela inicial com atalhos, catalogos e banners","app-rev:home","dinamico","dinamico (toAnalyticsFormat)","","app-rev:home:*","{""event"":{""eventCategory"":""app-rev:home"",""eventAction"":""dinamico"",""eventLabel"":""dinamico (toAnalyticsFormat)""}}","Home > divulgar MLD"
"Dados Sellout RE","Perfil & Configuracao MLD (APP)","Perfil e configuracao MLD","Menu","migrar","migrar","Interacao em Tela ou modal do app (rota / (ver edit_slug_tag))","app-rev:configuracao:editar-link","clique:botao","cancelar","","app-rev:configuracao:*","{""event"":{""eventCategory"":""app-rev:configuracao:editar-link"",""eventAction"":""clique:botao"",""eventLabel"":""cancelar""}}","Config da loja digital"
"Dados Sellout RE","Perfil & Configuracao MLD (APP)","Perfil e configuracao MLD","Menu","migrar","migrar","Interacao em Tela ou modal do app (rota / (ver edit_slug_tag))","app-rev:configuracao:editar-link","clique:botao","salvar","","app-rev:configuracao:*","{""event"":{""eventCategory"":""app-rev:configuracao:editar-link"",""eventAction"":""clique:botao"",""eventLabel"":""salvar""}}","Config da loja digital"
"Dados Sellout RE","Perfil & Configuracao MLD (APP)","Perfil e configuracao MLD","Menu","migrar","migrar","Interacao em Tela ou modal do app (rota / (ver edit_slug_tag))","app-rev:configuracao:editar-link","interacao:campo","preencheu:link-da-loja","","app-rev:configuracao:*","{""event"":{""eventCategory"":""app-rev:configuracao:editar-link"",""eventAction"":""interacao:campo"",""eventLabel"":""preencheu:link-da-loja""}}","Config da loja digital"
"Divulgacao MLD","Divulgar APP / Catalogo digital / Trafego geral MLD","Divulgacao MLD","Menu","migrar","migrar","Interacao em Catalogo fisico - escolhe se quer receber catalogo impresso em casa","app-rev:divulgacao:catalogo-fisico","clique:botao","$optOut:$brand","","app-rev:divulgacao:*","{""event"":{""eventCategory"":""app-rev:divulgacao:catalogo-fisico"",""eventAction"":""clique:botao"",""eventLabel"":""$optOut:$brand""}}","Agrupa share MLD, catalogos e trafego de divulgacao"
"Trafego geral MLD (cross)","Menu e atalhos rapidos","Menu e atalhos","Menu","migrar","migrar","Interacao em Menu - lista de atalhos para jornadas (conta, gestao, dia a dia)","app-rev:menu","clique:secao","divulgar","","app-rev:menu:*","{""event"":{""eventCategory"":""app-rev:menu"",""eventAction"":""clique:secao"",""eventLabel"":""divulgar""}}","Entradas transversais — muitas times"
"Trafego geral MLD (cross)","Menu e atalhos rapidos","Menu e atalhos","Menu","migrar","migrar","Interacao em Menu - lista de atalhos para jornadas (conta, gestao, dia a dia)","app-rev:menu","clique:secao","opt-out-catalogo-fisico","","app-rev:menu:*","{""event"":{""eventCategory"":""app-rev:menu"",""eventAction"":""clique:secao"",""eventLabel"":""opt-out-catalogo-fisico""}}","Entradas transversais — muitas times"
"Trafego geral MLD (cross)","Menu e atalhos rapidos","Menu e atalhos","Menu","migrar","migrar","Interacao em Menu - lista de atalhos para jornadas (conta, gestao, dia a dia)","app-rev:menu","clique:secao","minha-loja-digital","","app-rev:menu:*","{""event"":{""eventCategory"":""app-rev:menu"",""eventAction"":""clique:secao"",""eventLabel"":""minha-loja-digital""}}","Entradas transversais — muitas times"
"Trafego geral MLD (cross)","Menu e atalhos rapidos","Menu e atalhos","Menu","migrar","migrar","Interacao em Menu - lista de atalhos para jornadas (conta, gestao, dia a dia)","app-rev:menu","clique:secao","gestao-de-clientes","","app-rev:menu:*","{""event"":{""eventCategory"":""app-rev:menu"",""eventAction"":""clique:secao"",""eventLabel"":""gestao-de-clientes""}}","Entradas transversais — muitas times"
"Trafego geral MLD (cross)","Menu e atalhos rapidos","Menu e atalhos","Menu","migrar","migrar","Interacao em Menu - lista de atalhos para jornadas (conta, gestao, dia a dia)","app-rev:menu","clique:secao","novidades","","app-rev:menu:*","{""event"":{""eventCategory"":""app-rev:menu"",""eventAction"":""clique:secao"",""eventLabel"":""novidades""}}","Entradas transversais — muitas times"
"Trafego geral MLD (cross)","Menu e atalhos rapidos","Menu e atalhos","Menu","migrar","migrar","Interacao em Menu - lista de atalhos para jornadas (conta, gestao, dia a dia)","app-rev:menu","clique:secao","gestao-de-vendas","","app-rev:menu:*","{""event"":{""eventCategory"":""app-rev:menu"",""eventAction"":""clique:secao"",""eventLabel"":""gestao-de-vendas""}}","Entradas transversais — muitas times"
"Trafego geral MLD (cross)","Menu e atalhos rapidos","Menu e atalhos","Menu","migrar","migrar","Interacao em Menu - lista de atalhos para jornadas (conta, gestao, dia a dia)","app-rev:menu","clique:secao","gestao-de-estoque","","app-rev:menu:*","{""event"":{""eventCategory"":""app-rev:menu"",""eventAction"":""clique:secao"",""eventLabel"":""gestao-de-estoque""}}","Entradas transversais — muitas times"
"Trafego geral MLD (cross)","Menu e atalhos rapidos","Menu e atalhos","Menu","migrar","migrar","Interacao em Menu - lista de atalhos para jornadas (conta, gestao, dia a dia)","app-rev:menu","clique:secao","tarefas","","app-rev:menu:*","{""event"":{""eventCategory"":""app-rev:menu"",""eventAction"":""clique:secao"",""eventLabel"":""tarefas""}}","Entradas transversais — muitas times"
"Trafego geral MLD (cross)","Menu e atalhos rapidos","Menu e atalhos","Menu","migrar","migrar","Interacao em Menu - lista de atalhos para jornadas (conta, gestao, dia a dia)","app-rev:menu","clique:secao","treinamentos","","app-rev:menu:*","{""event"":{""eventCategory"":""app-rev:menu"",""eventAction"":""clique:secao"",""eventLabel"":""treinamentos""}}","Entradas transversais — muitas times"
"Aquisicao CF (Encontre)","Apareca nas Buscas / Encontre RE","Aquisicao CF","Menu","remover","remover","Interacao em Menu - lista de atalhos para jornadas (conta, gestao, dia a dia)","app-rev:encontre-seu-er","clique:botao","copiar","","app-rev:encontre-seu-er:*","{""event"":{""eventCategory"":""app-rev:encontre-seu-er"",""eventAction"":""clique:botao"",""eventLabel"":""copiar""}}","Opt-in e descoberta RE"
"Aquisicao CF (Encontre)","Apareca nas Buscas / Encontre RE","Aquisicao CF","Menu","remover","remover","Interacao em Menu - lista de atalhos para jornadas (conta, gestao, dia a dia)","app-rev:encontre-seu-er","clique:filtro","selecionar-cidade","","app-rev:encontre-seu-er:*","{""event"":{""eventCategory"":""app-rev:encontre-seu-er"",""eventAction"":""clique:filtro"",""eventLabel"":""selecionar-cidade""}}","Opt-in e descoberta RE"
"Dados Sellout RE","Perfil & Configuracao MLD (APP)","Perfil e configuracao MLD","Menu","migrar","migrar","Interacao em Minha Loja Digital - configuracao da loja online da revendedora","app-rev:minha-loja-digital","clique:link","criar-minha-loja-digital","","app-rev:minha-loja-digital:*","{""event"":{""eventCategory"":""app-rev:minha-loja-digital"",""eventAction"":""clique:link"",""eventLabel"":""criar-minha-loja-digital""}}","Config da loja digital"
"Dados Sellout RE","Perfil & Configuracao MLD (APP)","Perfil e configuracao MLD","Menu","migrar","migrar","Interacao em Minha Loja Digital - configuracao da loja online da revendedora","app-rev:minha-loja-digital","clique:botao","perfil-da-loja","","app-rev:minha-loja-digital:*","{""event"":{""eventCategory"":""app-rev:minha-loja-digital"",""eventAction"":""clique:botao"",""eventLabel"":""perfil-da-loja""}}","Config da loja digital"
"Dados Sellout RE","Perfil & Configuracao MLD (APP)","Perfil e configuracao MLD","Menu","migrar","migrar","Interacao em Minha Loja Digital - configuracao da loja online da revendedora","app-rev:minha-loja-digital","clique:botao","configuracao-recebiveis","","app-rev:minha-loja-digital:*","{""event"":{""eventCategory"":""app-rev:minha-loja-digital"",""eventAction"":""clique:botao"",""eventLabel"":""configuracao-recebiveis""}}","Config da loja digital"
"Dados Sellout RE","Perfil & Configuracao MLD (APP)","Perfil e configuracao MLD","Menu","migrar","migrar","Interacao em Minha Loja Digital - configuracao da loja online da revendedora","app-rev:minha-loja-digital","clique:botao","configuracao:estoque","","app-rev:minha-loja-digital:*","{""event"":{""eventCategory"":""app-rev:minha-loja-digital"",""eventAction"":""clique:botao"",""eventLabel"":""configuracao:estoque""}}","Config da loja digital"
"Dados Sellout RE","Perfil & Configuracao MLD (APP)","Perfil e configuracao MLD","Menu","migrar","migrar","Interacao em Minha Loja Digital - configuracao da loja online da revendedora","app-rev:minha-loja-digital","clique:botao","link-da-loja","","app-rev:minha-loja-digital:*","{""event"":{""eventCategory"":""app-rev:minha-loja-digital"",""eventAction"":""clique:botao"",""eventLabel"":""link-da-loja""}}","Config da loja digital"
"Dados Sellout RE","Perfil & Configuracao MLD (APP)","Perfil e configuracao MLD","Menu","migrar","migrar","Interacao em Minha Loja Digital - configuracao da loja online da revendedora","app-rev:minha-loja-digital","clique:botao","performance-da-loja","","app-rev:minha-loja-digital:*","{""event"":{""eventCategory"":""app-rev:minha-loja-digital"",""eventAction"":""clique:botao"",""eventLabel"":""performance-da-loja""}}","Config da loja digital"
"Dados Sellout RE","Perfil & Configuracao MLD (APP)","Perfil e configuracao MLD","Menu","remover","remover","Interacao em Minha Loja Digital - configuracao da loja online da revendedora","app-rev:divulgacao:compartilhar-suas-lojas","clique:botao","voltar","","app-rev:divulgacao:*","{""event"":{""eventCategory"":""app-rev:divulgacao:compartilhar-suas-lojas"",""eventAction"":""clique:botao"",""eventLabel"":""voltar""}}","Config da loja digital"
"Dados Sellout RE","Perfil & Configuracao MLD (APP)","Perfil e configuracao MLD","Menu","migrar","migrar","Interacao em Minha Loja Digital - configuracao da loja online da revendedora","app-rev:divulgacao:compartilhar-suas-lojas","clique:botao","editar-perfil-da-loja","","app-rev:divulgacao:*","{""event"":{""eventCategory"":""app-rev:divulgacao:compartilhar-suas-lojas"",""eventAction"":""clique:botao"",""eventLabel"":""editar-perfil-da-loja""}}","Config da loja digital"
"Dados Sellout RE","Perfil & Configuracao MLD (APP)","Perfil e configuracao MLD","Menu","migrar","migrar","Interacao em Minha Loja Digital - configuracao da loja online da revendedora","app-rev:configuracao:editar-perfil","interacao:campo","preencheu:$field","","app-rev:configuracao:*","{""event"":{""eventCategory"":""app-rev:configuracao:editar-perfil"",""eventAction"":""interacao:campo"",""eventLabel"":""preencheu:$field""}}","Config da loja digital"
"Dados Sellout RE","Perfil & Configuracao MLD (APP)","Perfil e configuracao MLD","Menu","migrar","migrar","Interacao em Minha Loja Digital - configuracao da loja online da revendedora","app-rev:configuracao:editar-perfil","clique:botao","adicionar-foto","","app-rev:configuracao:*","{""event"":{""eventCategory"":""app-rev:configuracao:editar-perfil"",""eventAction"":""clique:botao"",""eventLabel"":""adicionar-foto""}}","Config da loja digital"
"Divulgacao MLD","Divulgar APP / Catalogo digital / Trafego geral MLD","Divulgacao MLD","Menu","migrar","migrar","Minha Loja Digital - configuracao da loja online da revendedora","","","","","","{""click_divulgar_catalogo_mld"":{""eventCategory"":""app-rev:divulgar-mld-por-marca"",""eventAction"":"""",""eventLabel"":""""}}","Agrupa share MLD, catalogos e trafego de divulgacao"
"Divulgacao MLD","Divulgar APP / Catalogo digital / Trafego geral MLD","Divulgacao MLD","Menu","migrar","migrar","Interacao em Minha Loja Digital - configuracao da loja online da revendedora","app-rev:divulgar-mld-por-marca","clique:botao","adicionar-produtos","","app-rev:divulgar-mld-por-marca:*","{""event"":{""eventCategory"":""app-rev:divulgar-mld-por-marca"",""eventAction"":""clique:botao"",""eventLabel"":""adicionar-produtos""}}","Agrupa share MLD, catalogos e trafego de divulgacao"
"Divulgacao MLD","Divulgar APP / Catalogo digital / Trafego geral MLD","Divulgacao MLD","Menu","migrar","migrar","Interacao em Minha Loja Digital - configuracao da loja online da revendedora","app-rev:divulgar-mld-por-marca","clique:card","editar-link","","app-rev:divulgar-mld-por-marca:*","{""event"":{""eventCategory"":""app-rev:divulgar-mld-por-marca"",""eventAction"":""clique:card"",""eventLabel"":""editar-link""}}","Agrupa share MLD, catalogos e trafego de divulgacao"
"Divulgacao MLD","Divulgar APP / Catalogo digital / Trafego geral MLD","Divulgacao MLD","Menu","migrar","migrar","Interacao em Minha Loja Digital - configuracao da loja online da revendedora","app-rev:divulgar-mld-por-marca","clique:card","divulgar-pronta-entrega:${brand.tag}","","app-rev:divulgar-mld-por-marca:*","{""event"":{""eventCategory"":""app-rev:divulgar-mld-por-marca"",""eventAction"":""clique:card"",""eventLabel"":""divulgar-pronta-entrega:${brand.tag}""}}","Agrupa share MLD, catalogos e trafego de divulgacao"
