"navbar","dominio_ct","prioridade","tipo_legado","nav_in_app","obsoleto","anti_padrao","anti_padrao_tipo","fundir_pai","essencial_match","revisar_pm","lacuna_pageview","regra_decisiva","criterio","status","diagnostico","contexto_legado","acao_legado","event_category_legado","event_action_legado","event_label_legado","evento_legado_json","arquivo_tag","interaction_group","cd_interaction_detail","json_novo","notas","nome_pageview"
"Divulgar","Divulgacao MLD","P2","interaction","na","nao","sim","scroll","nao","na","nao","nao","anti_padrao_scroll","anti_padrao","remover","dominio=Divulgacao MLD > tipo=interaction > callback=nao > revisar_pm=nao > obsoleto=nao > nav_in_app=nao > anti_padrao=sim:scroll > decisao=remover","Interacao em Catalogos digitais - lista de catalogos do ciclo para abrir PDF ou compartilhar link","Desliza o carrossel horizontalmente","app-rev:divulgar:catalogos","interacao:scroll","carousel","{""event"": {""eventCategory"": ""app-rev:divulgar:catalogos"", ""eventAction"": ""interacao:scroll"", ""eventLabel"": ""carousel""} }","catalog_page_tag","","","","P2 scroll",""
"Divulgar","Divulgacao MLD","P0","screen_view","na","nao","nao","","nao","p0","nao","nao","pageview_ok","pageview_ok","manter","dominio=Divulgacao MLD > tipo=screen_view > callback=nao > revisar_pm=nao > obsoleto=nao > nav_in_app=nao > anti_padrao=nao > fundir_pai=nao > pageview=essencial > essencial=p0 > decisao=manter","Visualizacao de Catalogos digitais - lista de catalogos do ciclo para abrir PDF ou compartilhar link","A tela e registrada no analytics (visualizacao de pagina)","","","","{""screen_view"": {""screen_name"": ""/app-rev/divulgar/catalogos-erro""} }","catalog_page_tag","screen_view","","{""client_id"":""[[identificador-unico-usuario]]"",""session_id"":""[[identificador-unico-sessao]]"",""events"":[{""name"":""screen_view"",""params"":{""screen_name"":""/app-rev/divulgar/catalogos-erro"",""cd_page_title"":""Catalogos digitais - lista de catalogos do ciclo para abrir PDF ou compartilhar link""}}]}","screen_view ja no padrao GA4 - EVENTOS_ESSENCIAIS_CT","/app-rev/divulgar/catalogos-erro"
"Divulgar","Divulgacao MLD","P0","interaction","na","nao","nao","","nao","p0","nao","nao","essencial_migrar","essencial_p0","migrar","dominio=Divulgacao MLD > tipo=interaction > callback=nao > revisar_pm=nao > obsoleto=nao > nav_in_app=nao > anti_padrao=nao > fundir_pai=nao > essencial=p0:label KPI P0: ^abrir-catalogo > nao_essencial=nao > decisao=migrar","Interacao em Catalogos digitais - lista de catalogos do ciclo para abrir PDF ou compartilhar link","Abre o catalogo digital da marca selecionada","app-rev:divulgar:catalogos","clique:botao","abrir-catalogo::$brand","{""event"": {""eventCategory"": ""app-rev:divulgar:catalogos"", ""eventAction"": ""clique:botao"", ""eventLabel"": ""abrir-catalogo::$brand""} }","catalog_page_tag","interaction_divulgar","open:catalog-$brand","{""client_id"":""[[identificador-unico-usuario]]"",""session_id"":""[[identificador-unico-sessao]]"",""events"":[{""params"":{""cd_interaction_detail"":""open:catalog-$brand"",""cd_brand"":""$brand""},""name"":""interaction_divulgar""}]}","label KPI P0: ^abrir-catalogo; cd_* legado preservados em json_novo.params",""
"Divulgar","Divulgacao MLD","P2","interaction","na","sim","nao","","nao","na","nao","nao","codigo_morto","obsoleto","remover","dominio=Divulgacao MLD > tipo=interaction > callback=nao > revisar_pm=nao > obsoleto=sim > decisao=remover","Interacao em Catalogos digitais - lista de catalogos do ciclo para abrir PDF ou compartilhar link","Toca no botao: ver mais","app-rev:divulgar:catalogos","clique:botao","ver-mais","{""event"": {""eventCategory"": ""app-rev:divulgar:catalogos"", ""eventAction"": ""clique:botao"", ""eventLabel"": ""ver-mais""} }","catalog_page_tag","","","","codigo morto - tag nao dispara na UI",""
"Divulgar","Divulgacao MLD","P0","interaction","na","nao","nao","","nao","p0","nao","nao","essencial_migrar","essencial_p0","migrar","dominio=Divulgacao MLD > tipo=interaction > callback=nao > revisar_pm=nao > obsoleto=nao > nav_in_app=nao > anti_padrao=nao > fundir_pai=nao > essencial=p0:label KPI P0: ^compartilhar > nao_essencial=nao > decisao=migrar","Interacao em Catalogos digitais - lista de catalogos do ciclo para abrir PDF ou compartilhar link","Compartilha link ou PDF do catalogo com clientes","app-rev:divulgar:catalogos","clique:botao","compartilhar-catalogo::$brand","{""event"": {""eventCategory"": ""app-rev:divulgar:catalogos"", ""eventAction"": ""clique:botao"", ""eventLabel"": ""compartilhar-catalogo::$brand""} }","catalog_page_tag","interaction_divulgar","share:catalog-$brand","{""client_id"":""[[identificador-unico-usuario]]"",""session_id"":""[[identificador-unico-sessao]]"",""events"":[{""params"":{""cd_interaction_detail"":""share:catalog-$brand"",""cd_brand"":""$brand""},""name"":""interaction_divulgar""}]}","label KPI P0: ^compartilhar; cd_* legado preservados em json_novo.params",""
"Divulgar","Divulgacao MLD","P1","interaction","na","nao","nao","","nao","p1","nao","nao","essencial_migrar","essencial_p1","migrar","dominio=Divulgacao MLD > tipo=interaction > callback=nao > revisar_pm=nao > obsoleto=nao > nav_in_app=nao > anti_padrao=nao > fundir_pai=nao > essencial=p1:gestao label P1: tentar-novamente > nao_essencial=nao > decisao=migrar","Interacao em Catalogos digitais - lista de catalogos do ciclo para abrir PDF ou compartilhar link","Toca no botao: tentar novamente","app-rev:divulgacao:catalogos-erro","clique:botao","tentar-novamente","{""event"": {""eventCategory"": ""app-rev:divulgacao:catalogos-erro"", ""eventAction"": ""clique:botao"", ""eventLabel"": ""tentar-novamente""} }","catalog_page_tag","interaction_divulgar","click:button-tentar-novamente","{""client_id"":""[[identificador-unico-usuario]]"",""session_id"":""[[identificador-unico-sessao]]"",""events"":[{""params"":{""cd_interaction_detail"":""click:button-tentar-novamente""},""name"":""interaction_divulgar""}]}","gestao label P1: tentar-novamente",""
"Divulgar","Divulgacao MLD","P0","interaction","na","nao","nao","","nao","p0","nao","nao","essencial_migrar","essencial_p0","migrar","dominio=Divulgacao MLD > tipo=interaction > callback=nao > revisar_pm=nao > obsoleto=nao > nav_in_app=nao > anti_padrao=nao > fundir_pai=nao > essencial=p0:label KPI P0: ^abrir- > nao_essencial=nao > decisao=migrar","Interacao em Hub Divulgar - modulos de catalogo, Minha Loja, materiais, dicas e noticias","Abre o catalogo digital da marca selecionada","app-rev:divulgar-catalogos","clique:botao","abrir-$brand","{""event"": {""eventCategory"": ""app-rev:divulgar-catalogos"", ""eventAction"": ""clique:botao"", ""eventLabel"": ""abrir-$brand""} }","catalog_module_tag","interaction_divulgar","open:catalog-{brand}","{""client_id"":""[[identificador-unico-usuario]]"",""session_id"":""[[identificador-unico-sessao]]"",""events"":[{""params"":{""cd_interaction_detail"":""open:catalog-{brand}"",""cd_brand"":""$brand""},""name"":""interaction_divulgar""}]}","label KPI P0: ^abrir-; cd_* legado preservados em json_novo.params",""
"Divulgar","Divulgacao MLD","P2","interaction","sim","nao","nao","","nao","na","nao","nao","nav_duplicada","nav_duplicada","remover","dominio=Divulgacao MLD > tipo=interaction > callback=nao > revisar_pm=nao > obsoleto=nao > nav_in_app=sim > decisao=remover","Interacao em Hub Divulgar - modulos de catalogo, Minha Loja, materiais, dicas e noticias","Toca no botao identificado como ""ver-mais-carrossel""","app-rev:divulgar-catalogos","clique:botao","ver-mais-carrossel","{""event"": {""eventCategory"": ""app-rev:divulgar-catalogos"", ""eventAction"": ""clique:botao"", ""eventLabel"": ""ver-mais-carrossel""} }","catalog_module_tag","","","","remover clique navegacao in-app; destino coberto por pageview",""
"Divulgar","Divulgacao MLD","P2","interaction","sim","nao","nao","","nao","na","nao","nao","nav_duplicada","nav_duplicada","remover","dominio=Divulgacao MLD > tipo=interaction > callback=nao > revisar_pm=nao > obsoleto=nao > nav_in_app=sim > decisao=remover","Interacao em Hub Divulgar - modulos de catalogo, Minha Loja, materiais, dicas e noticias","Toca no botao identificado como ""ver-mais-titulo""","app-rev:divulgar-catalogos","clique:botao","ver-mais-titulo","{""event"": {""eventCategory"": ""app-rev:divulgar-catalogos"", ""eventAction"": ""clique:botao"", ""eventLabel"": ""ver-mais-titulo""} }","catalog_module_tag","","","","remover clique navegacao in-app; destino coberto por pageview",""
"Divulgar","Divulgacao MLD","P0","interaction","na","nao","nao","","nao","p0","nao","nao","essencial_migrar","essencial_p0","migrar","dominio=Divulgacao MLD > tipo=interaction > callback=nao > revisar_pm=nao > obsoleto=nao > nav_in_app=nao > anti_padrao=nao > fundir_pai=nao > essencial=p0:label KPI P0: ^divulgar > nao_essencial=nao > decisao=migrar","Interacao em Hub Divulgar - modulos de catalogo, Minha Loja, materiais, dicas e noticias","Compartilha link ou PDF do catalogo com clientes","app-rev:divulgar-catalogos","clique:botao","divulgar-$type-$brand","{""event"": {""eventCategory"": ""app-rev:divulgar-catalogos"", ""eventAction"": ""clique:botao"", ""eventLabel"": ""divulgar-$type-$brand""} }","catalog_module_tag","interaction_divulgar","share:mld-button-divulgar-$type-$brand","{""client_id"":""[[identificador-unico-usuario]]"",""session_id"":""[[identificador-unico-sessao]]"",""events"":[{""params"":{""cd_interaction_detail"":""share:mld-button-divulgar-$type-$brand"",""cd_brand"":""$brand"",""cd_catalog_type"":""$type""},""name"":""interaction_divulgar""}]}","label KPI P0: ^divulgar; cd_* legado preservados em json_novo.params",""
"Divulgar","Divulgacao MLD","P1","interaction","na","nao","nao","","nao","p1","nao","nao","essencial_migrar","essencial_p1","migrar","dominio=Divulgacao MLD > tipo=interaction > callback=nao > revisar_pm=nao > obsoleto=nao > nav_in_app=nao > anti_padrao=nao > fundir_pai=nao > essencial=p1:conteudo/divulgacao P1 > nao_essencial=nao > decisao=migrar","Interacao em Hub Divulgar - modulos de catalogo, Minha Loja, materiais, dicas e noticias","Na aba Divulgar, toca no banner de novidade (ex.: ruptura de estoque)","app-rev:divulgar","click:banner","ver-novidade-ruptura","{""event"": {""eventCategory"": ""app-rev:divulgar"", ""eventAction"": ""click:banner"", ""eventLabel"": ""ver-novidade-ruptura""} }","home_page_tag","interaction_divulgar","click:banner-ver-novidade-ruptura","{""client_id"":""[[identificador-unico-usuario]]"",""session_id"":""[[identificador-unico-sessao]]"",""events"":[{""params"":{""cd_interaction_detail"":""click:banner-ver-novidade-ruptura""},""name"":""interaction_divulgar""}]}","conteudo/divulgacao P1",""
"Divulgar","Conteudos e treinamento","P1","interaction","na","nao","nao","","nao","p1","nao","nao","dinamico_toanalyticsformat","dinamico_label_variavel","migrar","dominio=Conteudos e treinamento > tipo=interaction > callback=nao > revisar_pm=nao > obsoleto=nao > nav_in_app=nao > anti_padrao=nao > fundir_pai=nao > essencial=p1:conteudo/divulgacao P1 > nao_essencial=nao > decisao=migrar","Interacao em Hub Divulgar - modulos de catalogo, Minha Loja, materiais, dicas e noticias","Interacao com botao ou card cujo rotulo vem do texto exibido na UI (marca, secao, etc.)","app-rev:divulgar-dicas-e-treinamentos","dinamico","dinamico (toAnalyticsFormat)","{""event"": {""eventCategory"": ""app-rev:divulgar-dicas-e-treinamentos"", ""eventAction"": ""dinamico"", ""eventLabel"": ""dinamico (toAnalyticsFormat)""} }","learning_module_tag","interaction_divulgar","click:card-${formatterhelper.toanalyticsformat(label)}","{""client_id"":""[[identificador-unico-usuario]]"",""session_id"":""[[identificador-unico-sessao]]"",""events"":[{""name"":""interaction_divulgar"",""params"":{""cd_interaction_detail"":""click:card-${formatterhelper.toanalyticsformat(label)}""}}]}","Label runtime via FormatterHelper.toAnalyticsFormat - nao traduzir dinamico para dynamic",""
"Divulgar","Conteudos e treinamento","P2","interaction","sim","nao","nao","","nao","na","nao","nao","nav_duplicada","nav_duplicada","remover","dominio=Conteudos e treinamento > tipo=interaction > callback=nao > revisar_pm=nao > obsoleto=nao > nav_in_app=sim > decisao=remover","Interacao em Hub Divulgar - modulos de catalogo, Minha Loja, materiais, dicas e noticias","Toca no botao identificado como ""ver-tudo:carrossel""","app-rev:divulgar-dicas-e-treinamentos","clique:botao","ver-tudo:carrossel","{""event"": {""eventCategory"": ""app-rev:divulgar-dicas-e-treinamentos"", ""eventAction"": ""clique:botao"", ""eventLabel"": ""ver-tudo:carrossel""} }","learning_module_tag","","","","remover clique navegacao in-app; destino coberto por pageview",""
"Divulgar","Conteudos e treinamento","P2","interaction","sim","nao","nao","","nao","na","nao","nao","nav_duplicada","nav_duplicada","remover","dominio=Conteudos e treinamento > tipo=interaction > callback=nao > revisar_pm=nao > obsoleto=nao > nav_in_app=sim > decisao=remover","Interacao em Hub Divulgar - modulos de catalogo, Minha Loja, materiais, dicas e noticias","Toca no botao identificado como ""ver-mais:titulo""","app-rev:divulgar-dicas-e-treinamentos","clique:botao","ver-mais:titulo","{""event"": {""eventCategory"": ""app-rev:divulgar-dicas-e-treinamentos"", ""eventAction"": ""clique:botao"", ""eventLabel"": ""ver-mais:titulo""} }","learning_module_tag","","","","remover clique navegacao in-app; destino coberto por pageview",""
"Divulgar","Materiais de divulgacao","P1","interaction","na","nao","nao","","nao","p1","nao","nao","essencial_migrar","essencial_p1","migrar","dominio=Materiais de divulgacao > tipo=interaction > callback=nao > revisar_pm=nao > obsoleto=nao > nav_in_app=nao > anti_padrao=nao > fundir_pai=nao > essencial=p1:conteudo/divulgacao P1 > nao_essencial=nao > decisao=migrar","Interacao em Hub Divulgar - modulos de catalogo, Minha Loja, materiais, dicas e noticias","Acao registrada: clique:imagem / ${FormatterHelper.toAnalyticsFormat(section)}:ver-imagem","app-rev:divulgar:materiais","clique:imagem","${FormatterHelper.toAnalyticsFormat(section)}:ver-imagem","{""event"": {""eventCategory"": ""app-rev:divulgar:materiais"", ""eventAction"": ""clique:imagem"", ""eventLabel"": ""${FormatterHelper.toAnalyticsFormat(section)}:ver-imagem""} }","materials_module_tag","interaction_divulgar","click:image-${formatterhelper.toanalyticsformat(section)}-ver-imagem","{""client_id"":""[[identificador-unico-usuario]]"",""session_id"":""[[identificador-unico-sessao]]"",""events"":[{""params"":{""cd_interaction_detail"":""click:image-${formatterhelper.toanalyticsformat(section)}-ver-imagem""},""name"":""interaction_divulgar""}]}","conteudo/divulgacao P1",""
"Divulgar","Materiais de divulgacao","P1","interaction","na","nao","nao","","nao","p1","nao","nao","pm_decisao","inventario_agregado","remover","dominio=Materiais de divulgacao > tipo=interaction > callback=nao > revisar_pm=nao > obsoleto=nao > nav_in_app=nao > anti_padrao=nao > fundir_pai=nao > essencial=p1:conteudo/divulgacao P1 > nao_essencial=nao > decisao=migrar","Interacao em Hub Divulgar - modulos de catalogo, Minha Loja, materiais, dicas e noticias","Interacao com botao ou card cujo rotulo vem do texto exibido na UI (marca, secao, etc.)","app-rev:divulgar:materiais","dinamico","dinamico (toAnalyticsFormat)","{""event"": {""eventCategory"": ""app-rev:divulgar:materiais"", ""eventAction"": ""dinamico"", ""eventLabel"": ""dinamico (toAnalyticsFormat)""} }","materials_module_tag","","","","Linha agregada dinamico duplica metodos especificos no inventario",""
"Divulgar","Materiais de divulgacao","P1","interaction","na","nao","nao","","nao","p1","nao","nao","pm_decisao","inventario_agregado","remover","dominio=Materiais de divulgacao > tipo=interaction > callback=nao > revisar_pm=nao > obsoleto=nao > nav_in_app=nao > anti_padrao=nao > fundir_pai=nao > essencial=p1:conteudo/divulgacao P1 > nao_essencial=nao > decisao=migrar","Interacao em Hub Divulgar - modulos de catalogo, Minha Loja, materiais, dicas e noticias","Interacao com botao ou card cujo rotulo vem do texto exibido na UI (marca, secao, etc.)","app-rev:divulgar:materiais","dinamico","dinamico (toAnalyticsFormat)","{""event"": {""eventCategory"": ""app-rev:divulgar:materiais"", ""eventAction"": ""dinamico"", ""eventLabel"": ""dinamico (toAnalyticsFormat)""} }","materials_module_tag","","","","Linha agregada dinamico duplica metodos especificos no inventario",""
"Divulgar","Materiais de divulgacao","P2","interaction","sim","nao","nao","","nao","na","nao","nao","nav_duplicada","nav_duplicada","remover","dominio=Materiais de divulgacao > tipo=interaction > callback=nao > revisar_pm=nao > obsoleto=nao > nav_in_app=sim > decisao=remover","Interacao em Hub Divulgar - modulos de catalogo, Minha Loja, materiais, dicas e noticias","Toca no botao identificado como ""ver-mais:carrosel""","app-rev:divulgar:materiais","clique:botao","ver-mais:carrosel","{""event"": {""eventCategory"": ""app-rev:divulgar:materiais"", ""eventAction"": ""clique:botao"", ""eventLabel"": ""ver-mais:carrosel""} }","materials_module_tag","","","","remover clique navegacao in-app; destino coberto por pageview",""
"Divulgar","Materiais de divulgacao","P2","interaction","sim","nao","nao","","nao","na","nao","nao","nav_duplicada","nav_duplicada","remover","dominio=Materiais de divulgacao > tipo=interaction > callback=nao > revisar_pm=nao > obsoleto=nao > nav_in_app=sim > decisao=remover","Interacao em Hub Divulgar - modulos de catalogo, Minha Loja, materiais, dicas e noticias","Toca no botao identificado como ""ver-mais:titulo""","app-rev:divulgar:materiais","clique:botao","ver-mais:titulo","{""event"": {""eventCategory"": ""app-rev:divulgar:materiais"", ""eventAction"": ""clique:botao"", ""eventLabel"": ""ver-mais:titulo""} }","materials_module_tag","","","","remover clique navegacao in-app; destino coberto por pageview",""
"Divulgar","Materiais de divulgacao","P1","interaction","na","nao","nao","","nao","p1","nao","nao","essencial_migrar","essencial_p1","migrar","dominio=Materiais de divulgacao > tipo=interaction > callback=nao > revisar_pm=nao > obsoleto=nao > nav_in_app=nao > anti_padrao=nao > fundir_pai=nao > essencial=p1:conteudo/divulgacao P1 > nao_essencial=nao > decisao=migrar","Interacao em Hub Divulgar - modulos de catalogo, Minha Loja, materiais, dicas e noticias","Acao registrada: clique:imagem / ${FormatterHelper.toAnalyticsFormat(section)}:divulgar","app-rev:divulgar:materiais","clique:imagem","${FormatterHelper.toAnalyticsFormat(section)}:divulgar","{""event"": {""eventCategory"": ""app-rev:divulgar:materiais"", ""eventAction"": ""clique:imagem"", ""eventLabel"": ""${FormatterHelper.toAnalyticsFormat(section)}:divulgar""} }","materials_module_tag","interaction_divulgar","click:image-${formatterhelper.toanalyticsformat(section)}-divulgar","{""client_id"":""[[identificador-unico-usuario]]"",""session_id"":""[[identificador-unico-sessao]]"",""events"":[{""params"":{""cd_interaction_detail"":""click:image-${formatterhelper.toanalyticsformat(section)}-divulgar""},""name"":""interaction_divulgar""}]}","conteudo/divulgacao P1",""
"Divulgar","Materiais de divulgacao","P1","interaction","na","nao","nao","","nao","p1","nao","nao","pm_decisao","inventario_agregado","remover","dominio=Materiais de divulgacao > tipo=interaction > callback=nao > revisar_pm=nao > obsoleto=nao > nav_in_app=nao > anti_padrao=nao > fundir_pai=nao > essencial=p1:conteudo/divulgacao P1 > nao_essencial=nao > decisao=migrar","Interacao em Hub Divulgar - modulos de catalogo, Minha Loja, materiais, dicas e noticias","Interacao com botao ou card cujo rotulo vem do texto exibido na UI (marca, secao, etc.)","app-rev:divulgar:materiais","dinamico","dinamico (toAnalyticsFormat)","{""event"": {""eventCategory"": ""app-rev:divulgar:materiais"", ""eventAction"": ""dinamico"", ""eventLabel"": ""dinamico (toAnalyticsFormat)""} }","materials_module_tag","","","","Linha agregada dinamico duplica metodos especificos no inventario",""
"Divulgar","Materiais de divulgacao","P1","interaction","na","nao","nao","","nao","p1","nao","nao","essencial_migrar","essencial_p1","migrar","dominio=Materiais de divulgacao > tipo=interaction > callback=nao > revisar_pm=nao > obsoleto=nao > nav_in_app=nao > anti_padrao=nao > fundir_pai=nao > essencial=p1:conteudo/divulgacao P1 > nao_essencial=nao > decisao=migrar","Interacao em Hub Divulgar - modulos de catalogo, Minha Loja, materiais, dicas e noticias","Acao registrada: clique:imagem / ${FormatterHelper.toAnalyticsFormat(section)}:zoom","app-rev:divulgar:materiais","clique:imagem","${FormatterHelper.toAnalyticsFormat(section)}:zoom","{""event"": {""eventCategory"": ""app-rev:divulgar:materiais"", ""eventAction"": ""clique:imagem"", ""eventLabel"": ""${FormatterHelper.toAnalyticsFormat(section)}:zoom""} }","materials_module_tag","interaction_divulgar","click:image-${formatterhelper.toanalyticsformat(section)}-zoom","{""client_id"":""[[identificador-unico-usuario]]"",""session_id"":""[[identificador-unico-sessao]]"",""events"":[{""params"":{""cd_interaction_detail"":""click:image-${formatterhelper.toanalyticsformat(section)}-zoom""},""name"":""interaction_divulgar""}]}","conteudo/divulgacao P1",""
"Divulgar","Materiais de divulgacao","P1","interaction","na","nao","nao","","nao","p1","nao","nao","pm_decisao","inventario_agregado","remover","dominio=Materiais de divulgacao > tipo=interaction > callback=nao > revisar_pm=nao > obsoleto=nao > nav_in_app=nao > anti_padrao=nao > fundir_pai=nao > essencial=p1:conteudo/divulgacao P1 > nao_essencial=nao > decisao=migrar","Interacao em Hub Divulgar - modulos de catalogo, Minha Loja, materiais, dicas e noticias","Interacao com botao ou card cujo rotulo vem do texto exibido na UI (marca, secao, etc.)","app-rev:divulgar:materiais","dinamico","dinamico (toAnalyticsFormat)","{""event"": {""eventCategory"": ""app-rev:divulgar:materiais"", ""eventAction"": ""dinamico"", ""eventLabel"": ""dinamico (toAnalyticsFormat)""} }","materials_module_tag","","","","Linha agregada dinamico duplica metodos especificos no inventario",""
"Divulgar","Divulgacao MLD","P0","interaction","na","nao","nao","","nao","p0","nao","nao","essencial_migrar","essencial_p0","migrar","dominio=Divulgacao MLD > tipo=interaction > callback=nao > revisar_pm=nao > obsoleto=nao > nav_in_app=nao > anti_padrao=nao > fundir_pai=nao > essencial=p0:categoria P0: divulgar-mld > nao_essencial=nao > decisao=migrar","Interacao em Hub Divulgar - modulos de catalogo, Minha Loja, materiais, dicas e noticias","No modulo Minha Loja na aba Divulgar, toca em Editar configuracao","app-rev:divulgar-mld","clique:botao","editar","{""event"": {""eventCategory"": ""app-rev:divulgar-mld"", ""eventAction"": ""clique:botao"", ""eventLabel"": ""editar""} }","mld_module_tag","interaction_divulgar","click:button-editar","{""client_id"":""[[identificador-unico-usuario]]"",""session_id"":""[[identificador-unico-sessao]]"",""events"":[{""params"":{""cd_interaction_detail"":""click:button-editar""},""name"":""interaction_divulgar""}]}","categoria P0: divulgar-mld",""
"Divulgar","Divulgacao MLD","P0","interaction","na","nao","nao","","nao","p0","nao","nao","essencial_migrar","essencial_p0","migrar","dominio=Divulgacao MLD > tipo=interaction > callback=nao > revisar_pm=nao > obsoleto=nao > nav_in_app=nao > anti_padrao=nao > fundir_pai=nao > essencial=p0:label KPI P0: ^divulgar > nao_essencial=nao > decisao=migrar","Interacao em Hub Divulgar - modulos de catalogo, Minha Loja, materiais, dicas e noticias","No modulo Minha Loja, compartilha loja de uma marca especifica","app-rev:divulgar-mld","clique:card","divulgar-por-marca","{""event"": {""eventCategory"": ""app-rev:divulgar-mld"", ""eventAction"": ""clique:card"", ""eventLabel"": ""divulgar-por-marca""} }","mld_module_tag","interaction_divulgar","share:mld-button-divulgar-por-marca","{""client_id"":""[[identificador-unico-usuario]]"",""session_id"":""[[identificador-unico-sessao]]"",""events"":[{""params"":{""cd_interaction_detail"":""share:mld-button-divulgar-por-marca""},""name"":""interaction_divulgar""}]}","label KPI P0: ^divulgar",""
"Divulgar","Divulgacao MLD","P0","interaction","na","nao","nao","","nao","p0","nao","nao","essencial_migrar","essencial_p0","migrar","dominio=Divulgacao MLD > tipo=interaction > callback=nao > revisar_pm=nao > obsoleto=nao > nav_in_app=nao > anti_padrao=nao > fundir_pai=nao > essencial=p0:label KPI P0: ^divulgar > nao_essencial=nao > decisao=migrar","Interacao em Hub Divulgar - modulos de catalogo, Minha Loja, materiais, dicas e noticias","No modulo Minha Loja, compartilha pronta-entrega personalizada","app-rev:divulgar-mld","clique:card","divulgar-pronta-entrega","{""event"": {""eventCategory"": ""app-rev:divulgar-mld"", ""eventAction"": ""clique:card"", ""eventLabel"": ""divulgar-pronta-entrega""} }","mld_module_tag","interaction_divulgar","share:mld-button-divulgar-pronta-entrega","{""client_id"":""[[identificador-unico-usuario]]"",""session_id"":""[[identificador-unico-sessao]]"",""events"":[{""params"":{""cd_interaction_detail"":""share:mld-button-divulgar-pronta-entrega""},""name"":""interaction_divulgar""}]}","label KPI P0: ^divulgar",""
"Divulgar","Divulgacao MLD","P0","interaction","na","nao","nao","","nao","p0","nao","nao","essencial_migrar","essencial_p0","migrar","dominio=Divulgacao MLD > tipo=interaction > callback=nao > revisar_pm=nao > obsoleto=nao > nav_in_app=nao > anti_padrao=nao > fundir_pai=nao > essencial=p0:label KPI P0: ^divulgar > nao_essencial=nao > decisao=migrar","Interacao em Hub Divulgar - modulos de catalogo, Minha Loja, materiais, dicas e noticias","No modulo Minha Loja, compartilha loja multimarcas","app-rev:divulgar-mld","clique:botao","divulgar-multimarcas","{""event"": {""eventCategory"": ""app-rev:divulgar-mld"", ""eventAction"": ""clique:botao"", ""eventLabel"": ""divulgar-multimarcas""} }","mld_module_tag","interaction_divulgar","share:mld-button-divulgar-multimarcas","{""client_id"":""[[identificador-unico-usuario]]"",""session_id"":""[[identificador-unico-sessao]]"",""events"":[{""params"":{""cd_interaction_detail"":""share:mld-button-divulgar-multimarcas""},""name"":""interaction_divulgar""}]}","label KPI P0: ^divulgar",""
"Divulgar","Conteudos e treinamento","P1","interaction","na","nao","nao","","nao","p1","nao","nao","dinamico_toanalyticsformat","dinamico_label_variavel","migrar","dominio=Conteudos e treinamento > tipo=interaction > callback=nao > revisar_pm=nao > obsoleto=nao > nav_in_app=nao > anti_padrao=nao > fundir_pai=nao > essencial=p1:conteudo/divulgacao P1 > nao_essencial=nao > decisao=migrar","Interacao em Hub Divulgar - modulos de catalogo, Minha Loja, materiais, dicas e noticias","Interacao com botao ou card cujo rotulo vem do texto exibido na UI (marca, secao, etc.)","app-rev:divulgar-conteudos","dinamico","dinamico (toAnalyticsFormat)","{""event"": {""eventCategory"": ""app-rev:divulgar-conteudos"", ""eventAction"": ""dinamico"", ""eventLabel"": ""dinamico (toAnalyticsFormat)""} }","news_module_tag","interaction_divulgar","click:card-${formatterhelper.toanalyticsformat(label)}","{""client_id"":""[[identificador-unico-usuario]]"",""session_id"":""[[identificador-unico-sessao]]"",""events"":[{""name"":""interaction_divulgar"",""params"":{""cd_interaction_detail"":""click:card-${formatterhelper.toanalyticsformat(label)}""}}]}","Label runtime via FormatterHelper.toAnalyticsFormat - nao traduzir dinamico para dynamic",""
"Divulgar","Conteudos e treinamento","P2","interaction","sim","nao","nao","","nao","na","nao","nao","nav_duplicada","nav_duplicada","remover","dominio=Conteudos e treinamento > tipo=interaction > callback=nao > revisar_pm=nao > obsoleto=nao > nav_in_app=sim > decisao=remover","Interacao em Hub Divulgar - modulos de catalogo, Minha Loja, materiais, dicas e noticias","Toca no botao identificado como ""ver-tudo:carrossel""","app-rev:divulgar-conteudos","clique:botao","ver-tudo:carrossel","{""event"": {""eventCategory"": ""app-rev:divulgar-conteudos"", ""eventAction"": ""clique:botao"", ""eventLabel"": ""ver-tudo:carrossel""} }","news_module_tag","","","","remover clique navegacao in-app; destino coberto por pageview",""
"Divulgar","Conteudos e treinamento","P2","interaction","sim","nao","nao","","nao","na","nao","nao","nav_duplicada","nav_duplicada","remover","dominio=Conteudos e treinamento > tipo=interaction > callback=nao > revisar_pm=nao > obsoleto=nao > nav_in_app=sim > decisao=remover","Interacao em Hub Divulgar - modulos de catalogo, Minha Loja, materiais, dicas e noticias","Toca no botao identificado como ""ver-mais:titulo""","app-rev:divulgar-conteudos","clique:botao","ver-mais:titulo","{""event"": {""eventCategory"": ""app-rev:divulgar-conteudos"", ""eventAction"": ""clique:botao"", ""eventLabel"": ""ver-mais:titulo""} }","news_module_tag","","","","remover clique navegacao in-app; destino coberto por pageview",""
"Divulgar","Materiais de divulgacao","P2","interaction","sim","nao","nao","","nao","na","nao","nao","nav_duplicada","nav_duplicada","remover","dominio=Materiais de divulgacao > tipo=interaction > callback=nao > revisar_pm=nao > obsoleto=nao > nav_in_app=sim > decisao=remover","Interacao em Imagem de material em tela cheia","Toca no botao: voltar","app-rev:divulgar:materiais:imagem","clique:botao","voltar","{""event"": {""eventCategory"": ""app-rev:divulgar:materiais:imagem"", ""eventAction"": ""clique:botao"", ""eventLabel"": ""voltar""} }","full_screen_image_tag","","","","remover clique navegacao in-app; destino coberto por pageview",""
"Divulgar","Materiais de divulgacao","P0","interaction","na","nao","nao","","nao","p0","nao","nao","essencial_migrar","essencial_p0","migrar","dominio=Materiais de divulgacao > tipo=interaction > callback=nao > revisar_pm=nao > obsoleto=nao > nav_in_app=nao > anti_padrao=nao > fundir_pai=nao > essencial=p0:label KPI P0: ^divulgar > nao_essencial=nao > decisao=migrar","Interacao em Imagem de material em tela cheia","Toca no botao: divulgar material","app-rev:divulgar:materiais:imagem","clique:botao","divulgar","{""event"": {""eventCategory"": ""app-rev:divulgar:materiais:imagem"", ""eventAction"": ""clique:botao"", ""eventLabel"": ""divulgar""} }","full_screen_image_tag","interaction_divulgar","share:imagem","{""client_id"":""[[identificador-unico-usuario]]"",""session_id"":""[[identificador-unico-sessao]]"",""events"":[{""name"":""interaction_divulgar"",""params"":{""cd_interaction_detail"":""share:imagem""}}]}","label KPI P0: ^divulgar; cd_interaction_detail simplificado (materiais/imagem)",""
"Divulgar","Materiais de divulgacao","P0","custom","na","nao","nao","","nao","p0","nao","nao","essencial_migrar","essencial_p0","migrar","dominio=Materiais de divulgacao > tipo=custom:download_share_product > callback=nao > revisar_pm=nao > obsoleto=nao > nav_in_app=nao > anti_padrao=nao > fundir_pai=nao > essencial=p0:evento custom KPI divulgacao > nao_essencial=nao > decisao=migrar","Galeria de materiais de divulgacao (imagens por secao/campanha)","Baixa a imagem e ja abre o compartilhamento em seguida","app-rev:divulgacao:imagens","clique:botao","","{""download_share_product"": {""eventCategory"": ""app-rev:divulgacao:imagens"", ""eventAction"": ""clique:botao"", ""eventLabel"": """"} }","materials_page_tag","interaction_divulgar","download:imagem","{""client_id"":""[[identificador-unico-usuario]]"",""session_id"":""[[identificador-unico-sessao]]"",""events"":[{""name"":""interaction_divulgar"",""params"":{""cd_interaction_detail"":""download:imagem""}}]}","evento custom KPI divulgacao; cd_interaction_detail simplificado (materiais/imagem)",""
"Divulgar","Materiais de divulgacao","P0","custom","na","nao","nao","","nao","p0","nao","nao","essencial_migrar","essencial_p0","migrar","dominio=Materiais de divulgacao > tipo=custom:click_baixar_compartilhar_materiais > callback=nao > revisar_pm=nao > obsoleto=nao > nav_in_app=nao > anti_padrao=nao > fundir_pai=nao > essencial=p0:evento custom KPI divulgacao > nao_essencial=nao > decisao=migrar","Galeria de materiais de divulgacao (imagens por secao/campanha)","Acao na tela: download materials custom event","app-rev:divulgacao:imagens","","","{""click_baixar_compartilhar_materiais"": {""eventCategory"": ""app-rev:divulgacao:imagens"", ""eventAction"": """", ""eventLabel"": """"} }","materials_page_tag","interaction_divulgar","download:imagens-${sectionName}","{""client_id"":""[[identificador-unico-usuario]]"",""session_id"":""[[identificador-unico-sessao]]"",""events"":[{""name"":""interaction_divulgar"",""params"":{""cd_interaction_detail"":""download:imagens-${sectionName}""}}]}","evento custom KPI divulgacao; cd_interaction_detail simplificado (materiais/imagem)",""
"Divulgar","Materiais de divulgacao","P1","interaction","na","nao","nao","","nao","p1","nao","nao","pm_decisao","inventario_agregado","remover","dominio=Materiais de divulgacao > tipo=interaction > callback=nao > revisar_pm=nao > obsoleto=nao > nav_in_app=nao > anti_padrao=nao > fundir_pai=nao > essencial=p1:conteudo/divulgacao P1 > nao_essencial=nao > decisao=migrar","Interacao em Galeria de materiais de divulgacao (imagens por secao/campanha)","Interacao com botao ou card cujo rotulo vem do texto exibido na UI (marca, secao, etc.)","app-rev:divulgacao:imagens","dinamico","dinamico (toAnalyticsFormat)","{""event"": {""eventCategory"": ""app-rev:divulgacao:imagens"", ""eventAction"": ""dinamico"", ""eventLabel"": ""dinamico (toAnalyticsFormat)""} }","materials_page_tag","","","","Linha agregada dinamico duplica metodos especificos no inventario",""
"Divulgar","Materiais de divulgacao","P2","interaction","na","nao","sim","swipe_in_page","nao","na","nao","nao","anti_padrao_swipe_in_page","anti_padrao","remover","dominio=Materiais de divulgacao > tipo=interaction > callback=nao > revisar_pm=nao > obsoleto=nao > nav_in_app=nao > anti_padrao=sim:swipe_in_page > decisao=remover","Interacao em Galeria de materiais de divulgacao (imagens por secao/campanha)","Acao registrada: navegacao / $imageNameFormatted:$index:$sectionNameFormatted","app-rev:divulgacao:imagens","navegacao","$imageNameFormatted:$index:$sectionNameFormatted","{""event"": {""eventCategory"": ""app-rev:divulgacao:imagens"", ""eventAction"": ""navegacao"", ""eventLabel"": ""$imageNameFormatted:$index:$sectionNameFormatted""} }","materials_page_tag","","","","P2 swipe mesma rota",""
"Divulgar","Materiais de divulgacao","P1","interaction","na","nao","nao","","nao","p1","nao","nao","essencial_migrar","essencial_p1","migrar","dominio=Materiais de divulgacao > tipo=interaction > callback=nao > revisar_pm=nao > obsoleto=nao > nav_in_app=nao > anti_padrao=nao > fundir_pai=nao > essencial=p1:conteudo/divulgacao P1 > nao_essencial=nao > decisao=migrar","Interacao em Galeria de materiais de divulgacao (imagens por secao/campanha)","Acao registrada: clique:imagem / $imageNameFormatted:$index:$sectionNameFormatted","app-rev:divulgacao:imagens","clique:imagem","$imageNameFormatted:$index:$sectionNameFormatted","{""event"": {""eventCategory"": ""app-rev:divulgacao:imagens"", ""eventAction"": ""clique:imagem"", ""eventLabel"": ""$imageNameFormatted:$index:$sectionNameFormatted""} }","materials_page_tag","interaction_divulgar","click:image-$imagenameformatted-$index-$sectionnameformatted","{""client_id"":""[[identificador-unico-usuario]]"",""session_id"":""[[identificador-unico-sessao]]"",""events"":[{""params"":{""cd_interaction_detail"":""click:image-$imagenameformatted-$index-$sectionnameformatted"",""cd_image_name"":""$imageNameFormatted"",""cd_section"":""$sectionNameFormatted"",""cd_index"":""$index""},""name"":""interaction_divulgar""}]}","conteudo/divulgacao P1; cd_* legado preservados em json_novo.params",""
"Divulgar","Materiais de divulgacao","P1","interaction","na","nao","nao","","nao","p1","nao","nao","pm_decisao","inventario_agregado","remover","dominio=Materiais de divulgacao > tipo=interaction > callback=nao > revisar_pm=nao > obsoleto=nao > nav_in_app=nao > anti_padrao=nao > fundir_pai=nao > essencial=p1:conteudo/divulgacao P1 > nao_essencial=nao > decisao=migrar","Interacao em Galeria de materiais de divulgacao (imagens por secao/campanha)","Interacao com botao ou card cujo rotulo vem do texto exibido na UI (marca, secao, etc.)","app-rev:divulgacao:imagens","dinamico","dinamico (toAnalyticsFormat)","{""event"": {""eventCategory"": ""app-rev:divulgacao:imagens"", ""eventAction"": ""dinamico"", ""eventLabel"": ""dinamico (toAnalyticsFormat)""} }","materials_page_tag","","","","Linha agregada dinamico duplica metodos especificos no inventario",""
"Divulgar","Materiais de divulgacao","P1","interaction","na","nao","nao","","nao","p1","nao","nao","pm_decisao_m3","pm_decisao_m3","migrar","dominio=Materiais de divulgacao > tipo=interaction > callback=nao > revisar_pm=nao > obsoleto=nao > nav_in_app=nao > anti_padrao=nao > fundir_pai=nao > essencial=nao:sem match no mapa essencial > nao_essencial=sim > decisao=remover","Interacao em Galeria de materiais de divulgacao (imagens por secao/campanha)","Toca no botao identificado como ""$button:$sectionNameFormatted""","app-rev:divulgacao:imagens","clique:botao","$button:$sectionNameFormatted","{""event"": {""eventCategory"": ""app-rev:divulgacao:imagens"", ""eventAction"": ""clique:botao"", ""eventLabel"": ""$button:$sectionNameFormatted""} }","materials_page_tag","interaction_divulgar","click:button-$button-$sectionnameformatted","{""client_id"":""[[identificador-unico-usuario]]"",""session_id"":""[[identificador-unico-sessao]]"",""events"":[{""name"":""interaction_divulgar"",""params"":{""cd_interaction_detail"":""click:button-$button-$sectionnameformatted"",""cd_section"":""$sectionNameFormatted""}}]}","PM M3: manter botao generico por secao na galeria",
"Divulgar","Materiais de divulgacao","P1","interaction","na","nao","nao","","nao","p1","nao","nao","pm_decisao","inventario_agregado","remover","dominio=Materiais de divulgacao > tipo=interaction > callback=nao > revisar_pm=nao > obsoleto=nao > nav_in_app=nao > anti_padrao=nao > fundir_pai=nao > essencial=p1:conteudo/divulgacao P1 > nao_essencial=nao > decisao=migrar","Interacao em Galeria de materiais de divulgacao (imagens por secao/campanha)","Interacao com botao ou card cujo rotulo vem do texto exibido na UI (marca, secao, etc.)","app-rev:divulgacao:imagens","dinamico","dinamico (toAnalyticsFormat)","{""event"": {""eventCategory"": ""app-rev:divulgacao:imagens"", ""eventAction"": ""dinamico"", ""eventLabel"": ""dinamico (toAnalyticsFormat)""} }","materials_page_tag","","","","Linha agregada dinamico duplica metodos especificos no inventario",""
"Divulgar","Materiais de divulgacao","P0","custom","na","nao","nao","","nao","p0","nao","nao","essencial_migrar","essencial_p0","migrar","dominio=Materiais de divulgacao > tipo=custom:promote_product_view > callback=nao > revisar_pm=nao > obsoleto=nao > nav_in_app=nao > anti_padrao=nao > fundir_pai=nao > essencial=p0:evento custom KPI divulgacao > nao_essencial=nao > decisao=migrar","Galeria de materiais de divulgacao (imagens por secao/campanha)","Registra exibicao da tela (variante teste A/B do fluxo)","app-rev:divulgacao:imagens","screen","","{""promote_product_view"": {""eventCategory"": ""app-rev:divulgacao:imagens"", ""eventAction"": ""screen"", ""eventLabel"": """"} }","materials_page_tag","interaction_divulgar","view:component-registra-exibicao-da-tela","{""client_id"":""[[identificador-unico-usuario]]"",""session_id"":""[[identificador-unico-sessao]]"",""events"":[{""params"":{""cd_interaction_detail"":""view:component-registra-exibicao-da-tela""},""name"":""interaction_divulgar""}]}","evento custom KPI divulgacao",""
"Divulgar","Materiais de divulgacao","P0","screen_view","na","nao","nao","","nao","p0","nao","nao","pageview_ok","pageview_ok","manter","dominio=Materiais de divulgacao > tipo=screen_view > callback=nao > revisar_pm=nao > obsoleto=nao > nav_in_app=nao > anti_padrao=nao > fundir_pai=nao > pageview=essencial > essencial=p0 > decisao=manter","Visualizacao de Galeria de materiais de divulgacao (imagens por secao/campanha)","A tela e registrada no analytics (visualizacao de pagina)","","","","{""screen_view"": {""screen_name"": ""$imagesGalleryPage/$sectionName""} }","materials_page_tag","screen_view","","{""client_id"":""[[identificador-unico-usuario]]"",""session_id"":""[[identificador-unico-sessao]]"",""events"":[{""name"":""screen_view"",""params"":{""screen_name"":""$imagesGalleryPage/$sectionName"",""cd_page_title"":""${sectionName}"",""cd_section"":""${sectionName}""}}]}","screen_view ja no padrao GA4 - EVENTOS_ESSENCIAIS_CT","$imagesGalleryPage/$sectionName"
"Divulgar","Materiais de divulgacao","P2","interaction","na","nao","nao","","sim","na","nao","nao","fundir_pai","fundir_pai","remover","dominio=Materiais de divulgacao > tipo=interaction > callback=nao > revisar_pm=nao > obsoleto=nao > nav_in_app=nao > anti_padrao=nao > fundir_pai=sim > decisao=remover","Interacao em Galeria de materiais de divulgacao (imagens por secao/campanha)","No modal, toca em Agora nao","app-rev:divulgacao:imagens","clique:modal","agora-nao","{""event"": {""eventCategory"": ""app-rev:divulgacao:imagens"", ""eventAction"": ""clique:modal"", ""eventLabel"": ""agora-nao""} }","materials_page_tag","","","","V1 confirmado: modal legado obsoleto; share ativo via clique:componente + click_baixar_compartilhar_materiais",
"Divulgar","Materiais de divulgacao","P2","interaction","na","nao","nao","","sim","na","nao","nao","fundir_pai","fundir_pai","remover","dominio=Materiais de divulgacao > tipo=interaction > callback=nao > revisar_pm=nao > obsoleto=nao > nav_in_app=nao > anti_padrao=nao > fundir_pai=sim > decisao=remover","Interacao em Galeria de materiais de divulgacao (imagens por secao/campanha)","No modal, toca em compartilhar Minha Loja Digital","app-rev:divulgacao:imagens","clique:modal","compartilhar-minha-loja-digital","{""event"": {""eventCategory"": ""app-rev:divulgacao:imagens"", ""eventAction"": ""clique:modal"", ""eventLabel"": ""compartilhar-minha-loja-digital""} }","materials_page_tag","","","","V1 confirmado: modal legado obsoleto; share ativo via clique:componente + click_baixar_compartilhar_materiais",
"Divulgar","Materiais de divulgacao","P0","screen_view","na","nao","nao","","nao","p0","nao","nao","pm_decisao","obsoleto_v1","remover","dominio=Materiais de divulgacao > tipo=screen_view > callback=nao > revisar_pm=nao > obsoleto=nao > nav_in_app=nao > anti_padrao=nao > fundir_pai=nao > pageview=essencial > essencial=p0 > decisao=manter","Visualizacao de Galeria de materiais de divulgacao (imagens por secao/campanha)","A tela e registrada no analytics (visualizacao de pagina)","","","","{""screen_view"": {""screen_name"": ""/app-rev/divulgar/modal/compartilhar-minha-loja-digital""} }","materials_page_tag","","","","V1: shareMldModalView nunca chamado - modal legado substituido por ShareImageModalWidget",
"Divulgar","Conteudos e treinamento","P0","screen_view","na","nao","nao","","nao","p0","nao","nao","pageview_ok","pageview_ok","manter","dominio=Conteudos e treinamento > tipo=screen_view > callback=nao > revisar_pm=nao > obsoleto=nao > nav_in_app=nao > anti_padrao=nao > fundir_pai=nao > pageview=essencial > essencial=p0 > decisao=manter","Visualizacao de Landing page de treinamento ou campanha (conteudo Prismic)","A tela de compartilhar produto e exibida (screen view)","","","","{""screen_view"": {""screen_name"": ""/app-rev/conteudo/novidade/${FormatterHelper.toLowerHyphenated(screenTitle)}""} }","landing_page_tag","screen_view","","{""client_id"":""[[identificador-unico-usuario]]"",""session_id"":""[[identificador-unico-sessao]]"",""events"":[{""name"":""screen_view"",""params"":{""screen_name"":""/app-rev/conteudo/novidade/${FormatterHelper.toLowerHyphenated(screenTitle)}"",""cd_page_title"":""${screenTitle}""}}]}","screen_view ja no padrao GA4 - EVENTOS_ESSENCIAIS_CT","/app-rev/conteudo/novidade/${FormatterHelper.toLowerHyphenated(screenTitle)}"
"Divulgar","Conteudos e treinamento","P2","interaction","na","nao","nao","","nao","nao","nao","nao","fora_mapa_essencial","nao_essencial","remover","dominio=Conteudos e treinamento > tipo=interaction > callback=nao > revisar_pm=nao > obsoleto=nao > nav_in_app=nao > anti_padrao=nao > fundir_pai=nao > essencial=nao:sem match no mapa essencial > nao_essencial=sim > decisao=remover","Interacao em Novidades - feed de conteudos e avisos do ciclo","Toca no botao identificado como ""$buttonFormatted:$cardFormatted""","app-rev:novidades","clique:botao","$buttonFormatted:$cardFormatted","{""event"": {""eventCategory"": ""app-rev:novidades"", ""eventAction"": ""clique:botao"", ""eventLabel"": ""$buttonFormatted:$cardFormatted""} }","news_page_tag","","","","divulgar fora KPI share/open",""
"Divulgar","Conteudos e treinamento","P0","screen_view","na","nao","nao","","nao","p0","nao","nao","pageview_ok","pageview_ok","manter","dominio=Conteudos e treinamento > tipo=screen_view > callback=nao > revisar_pm=nao > obsoleto=nao > nav_in_app=nao > anti_padrao=nao > fundir_pai=nao > pageview=essencial > essencial=p0 > decisao=manter","Visualizacao de Novidades - feed de conteudos e avisos do ciclo","A tela de compartilhar produto e exibida (screen view)","","","","{""screen_view"": {""screen_name"": ""/app-rev/conteudo/novidade/${FormatterHelper.toLowerHyphenated(screenTitle)}""} }","news_page_tag","screen_view","","{""client_id"":""[[identificador-unico-usuario]]"",""session_id"":""[[identificador-unico-sessao]]"",""events"":[{""name"":""screen_view"",""params"":{""screen_name"":""/app-rev/conteudo/novidade/${FormatterHelper.toLowerHyphenated(screenTitle)}"",""cd_page_title"":""${screenTitle}""}}]}","screen_view ja no padrao GA4 - EVENTOS_ESSENCIAIS_CT","/app-rev/conteudo/novidade/${FormatterHelper.toLowerHyphenated(screenTitle)}"
"Gestao","Gestao do negocio","P0","screen_view","na","nao","nao","","nao","p0","nao","nao","pageview_ok","pageview_ok","manter","dominio=Gestao do negocio > tipo=screen_view > callback=nao > revisar_pm=nao > obsoleto=nao > nav_in_app=nao > anti_padrao=nao > fundir_pai=nao > pageview=essencial > essencial=p0 > decisao=manter","Visualizacao de Tela ou modal do app (rota / (ver activations_tag))","A tela e registrada no analytics (visualizacao de pagina)","","","","{""screen_view"": {""screen_name"": ""/app-rev/$screen""} }","activations_tag","screen_view","","{""client_id"":""[[identificador-unico-usuario]]"",""session_id"":""[[identificador-unico-sessao]]"",""events"":[{""name"":""screen_view"",""params"":{""screen_name"":""/app-rev/$screen"",""cd_page_title"":""${screen}""}}]}","screen_view ja no padrao GA4 - EVENTOS_ESSENCIAIS_CT","/app-rev/$screen"
"Gestao","Gestao do negocio","P1","interaction","na","nao","nao","","nao","p1","nao","nao","essencial_migrar","essencial_p1","migrar","dominio=Gestao do negocio > tipo=interaction > callback=nao > revisar_pm=nao > obsoleto=nao > nav_in_app=nao > anti_padrao=nao > fundir_pai=nao > essencial=nao:sem match no mapa essencial > nao_essencial=nao > decisao=migrar","Interacao em Tela ou modal do app (rota / (ver activations_tag))","Acao na tela: remind me click","","","","{""event"": {""eventCategory"": """", ""eventAction"": """", ""eventLabel"": """"} }","activations_tag","interaction_gestao","click:button-remind-me-click","{""client_id"":""[[identificador-unico-usuario]]"",""session_id"":""[[identificador-unico-sessao]]"",""events"":[{""params"":{""cd_interaction_detail"":""click:button-remind-me-click""},""name"":""interaction_gestao""}]}","sem match no mapa essencial",""
"Gestao","Gestao do negocio","revisar","interaction","na","nao","nao","","nao","na","nao","nao","pm_decisao","pm_decisao_r1","remover","dominio=Gestao do negocio > tipo=interaction > callback=nao > revisar_pm=sim:assistant KPI indefinido > decisao=revisar","Interacao em Tela ou modal do app (rota / (ver assistant_tag))","Toca no botao identificado como ""novidades-assistente""","app-rev:gestao-de-negocio","clique:botao","novidades-assistente","{""event"": {""eventCategory"": ""app-rev:gestao-de-negocio"", ""eventAction"": ""clique:botao"", ""eventLabel"": ""novidades-assistente""} }","assistant_tag","","","","PM R1: assistente removido - feature nao existe",
"Gestao","Gestao do negocio","revisar","interaction","na","nao","nao","","nao","na","nao","nao","pm_decisao","pm_decisao_r1","remover","dominio=Gestao do negocio > tipo=interaction > callback=nao > revisar_pm=sim:assistant KPI indefinido > decisao=revisar","Interacao em Tela ou modal do app (rota / (ver assistant_tag))","Toca no botao identificado como ""fechar-novidades-assistente""","app-rev:gestao-de-negocio","clique:botao","fechar-novidades-assistente","{""event"": {""eventCategory"": ""app-rev:gestao-de-negocio"", ""eventAction"": ""clique:botao"", ""eventLabel"": ""fechar-novidades-assistente""} }","assistant_tag","","","","PM R1: assistente removido - feature nao existe",
"Gestao","Gestao do negocio","revisar","interaction","na","nao","nao","","nao","na","nao","nao","pm_decisao","pm_decisao_r1","remover","dominio=Gestao do negocio > tipo=interaction > callback=nao > revisar_pm=sim:assistant KPI indefinido > decisao=revisar","Interacao em Tela ou modal do app (rota / (ver assistant_tag))","Toca no botao identificado como ""acesso-rapido-assistente-${FormatterHelper.toLowerHyphenated(suggestion)}""","app-rev:gestao-de-negocio","clique:botao","acesso-rapido-assistente-${FormatterHelper.toLowerHyphenated(suggestion)}","{""event"": {""eventCategory"": ""app-rev:gestao-de-negocio"", ""eventAction"": ""clique:botao"", ""eventLabel"": ""acesso-rapido-assistente-${FormatterHelper.toLowerHyphenated(suggestion)}""} }","assistant_tag","","","","PM R1: assistente removido - feature nao existe",
"Gestao","Gestao do negocio","revisar","interaction","na","nao","nao","","nao","na","nao","nao","pm_decisao","pm_decisao_r1","remover","dominio=Gestao do negocio > tipo=interaction > callback=nao > revisar_pm=sim:assistant KPI indefinido > decisao=revisar","Interacao em Tela ou modal do app (rota / (ver assistant_tag))","Acao registrada: interacao:campo / caixa-de-texto-assistente","app-rev:gestao-de-negocio","interacao:campo","caixa-de-texto-assistente","{""event"": {""eventCategory"": ""app-rev:gestao-de-negocio"", ""eventAction"": ""interacao:campo"", ""eventLabel"": ""caixa-de-texto-assistente""} }","assistant_tag","","","","PM R1: assistente removido - feature nao existe",
"Gestao","Gestao do negocio","P2","interaction","sim","nao","nao","","nao","na","nao","nao","nav_duplicada","nav_duplicada","remover","dominio=Gestao do negocio > tipo=interaction > callback=nao > revisar_pm=nao > obsoleto=nao > nav_in_app=sim > decisao=remover","Interacao em Tela ou modal do app (rota / (ver billing_in_progress_modal_tag))","Toca no botao identificado como ""fechar""","","clique:botao","fechar","{""event"": {""eventCategory"": """", ""eventAction"": ""clique:botao"", ""eventLabel"": ""fechar""} }","billing_in_progress_modal_tag","","","","remover clique navegacao in-app; destino coberto por pageview",""
"Gestao","Gestao do negocio","P1","interaction","na","nao","nao","","nao","p1","nao","nao","essencial_migrar","essencial_p1","migrar","dominio=Gestao do negocio > tipo=interaction > callback=nao > revisar_pm=nao > obsoleto=nao > nav_in_app=nao > anti_padrao=nao > fundir_pai=nao > essencial=p1:gestao label P1: enviar-lembrete > nao_essencial=nao > decisao=migrar","Interacao em Tela ou modal do app (rota / (ver billing_in_progress_modal_tag))","Toca no botao identificado como ""enviar-lembrete""","","clique:botao","enviar-lembrete","{""event"": {""eventCategory"": """", ""eventAction"": ""clique:botao"", ""eventLabel"": ""enviar-lembrete""} }","billing_in_progress_modal_tag","interaction_gestao","click:button-enviar-lembrete","{""client_id"":""[[identificador-unico-usuario]]"",""session_id"":""[[identificador-unico-sessao]]"",""events"":[{""params"":{""cd_interaction_detail"":""click:button-enviar-lembrete""},""name"":""interaction_gestao""}]}","gestao label P1: enviar-lembrete",""
"Gestao","Vendas sellout","P2","interaction","na","nao","nao","","sim","na","nao","nao","fundir_pai","fundir_pai","remover","dominio=Vendas sellout > tipo=interaction > callback=nao > revisar_pm=nao > obsoleto=nao > nav_in_app=nao > anti_padrao=nao > fundir_pai=sim > decisao=remover","Interacao em Tela ou modal do app (rota / (ver change_installments_tag))","Toca no botao identificado como ""confirmar-exclusao""","app-rev:gerenciar-vendas:detalhes-da-venda:alterar-parcelas","clique:botao","confirmar-exclusao","{""event"": {""eventCategory"": ""app-rev:gerenciar-vendas:detalhes-da-venda:alterar-parcelas"", ""eventAction"": ""clique:botao"", ""eventLabel"": ""confirmar-exclusao""} }","change_installments_tag","","","","granularidade parcela",""
"Gestao","Vendas sellout","P2","interaction","na","nao","nao","","sim","na","nao","nao","fundir_pai","fundir_pai","remover","dominio=Vendas sellout > tipo=interaction > callback=nao > revisar_pm=nao > obsoleto=nao > nav_in_app=nao > anti_padrao=nao > fundir_pai=sim > decisao=remover","Interacao em Tela ou modal do app (rota / (ver change_installments_tag))","Toca no botao identificado como ""adicionar-parcela""","app-rev:gerenciar-vendas:detalhes-da-venda:alterar-parcelas","clique:botao","adicionar-parcela","{""event"": {""eventCategory"": ""app-rev:gerenciar-vendas:detalhes-da-venda:alterar-parcelas"", ""eventAction"": ""clique:botao"", ""eventLabel"": ""adicionar-parcela""} }","change_installments_tag","","","","granularidade parcela",""
"Gestao","Vendas sellout","P2","interaction","sim","nao","nao","","nao","na","nao","nao","nav_duplicada","nav_duplicada","remover","dominio=Vendas sellout > tipo=interaction > callback=nao > revisar_pm=nao > obsoleto=nao > nav_in_app=sim > decisao=remover","Interacao em Tela ou modal do app (rota / (ver change_installments_tag))","Toca no botao: voltar","app-rev:gerenciar-vendas:detalhes-da-venda:alterar-parcelas","clique:botao","voltar","{""event"": {""eventCategory"": ""app-rev:gerenciar-vendas:detalhes-da-venda:alterar-parcelas"", ""eventAction"": ""clique:botao"", ""eventLabel"": ""voltar""} }","change_installments_tag","","","","remover clique navegacao in-app; destino coberto por pageview",""
"Gestao","Vendas sellout","P2","interaction","na","nao","nao","","sim","na","nao","nao","fundir_pai","fundir_pai","remover","dominio=Vendas sellout > tipo=interaction > callback=nao > revisar_pm=nao > obsoleto=nao > nav_in_app=nao > anti_padrao=nao > fundir_pai=sim > decisao=remover","Interacao em Tela ou modal do app (rota / (ver change_installments_tag))","Toca no botao identificado como ""excluir-parcela""","app-rev:gerenciar-vendas:detalhes-da-venda:alterar-parcelas","clique:botao","excluir-parcela","{""event"": {""eventCategory"": ""app-rev:gerenciar-vendas:detalhes-da-venda:alterar-parcelas"", ""eventAction"": ""clique:botao"", ""eventLabel"": ""excluir-parcela""} }","change_installments_tag","","","","granularidade parcela",""
"Gestao","Vendas sellout","P2","interaction","na","nao","nao","","sim","na","nao","nao","fundir_pai","fundir_pai","remover","dominio=Vendas sellout > tipo=interaction > callback=nao > revisar_pm=nao > obsoleto=nao > nav_in_app=nao > anti_padrao=nao > fundir_pai=sim > decisao=remover","Interacao em Tela ou modal do app (rota / (ver change_installments_tag))","Toca no botao identificado como ""tooltip-info-parcela""","app-rev:gerenciar-vendas:detalhes-da-venda:alterar-parcelas","clique:botao","tooltip-info-parcela","{""event"": {""eventCategory"": ""app-rev:gerenciar-vendas:detalhes-da-venda:alterar-parcelas"", ""eventAction"": ""clique:botao"", ""eventLabel"": ""tooltip-info-parcela""} }","change_installments_tag","","","","granularidade parcela",""
"Gestao","Vendas sellout","P2","interaction","na","nao","nao","","sim","na","nao","nao","fundir_pai","fundir_pai","remover","dominio=Vendas sellout > tipo=interaction > callback=nao > revisar_pm=nao > obsoleto=nao > nav_in_app=nao > anti_padrao=nao > fundir_pai=sim > decisao=remover","Interacao em Tela ou modal do app (rota / (ver change_installments_tag))","Toca no botao identificado como ""replicar-parcela""","app-rev:gerenciar-vendas:detalhes-da-venda:alterar-parcelas","clique:botao","replicar-parcela","{""event"": {""eventCategory"": ""app-rev:gerenciar-vendas:detalhes-da-venda:alterar-parcelas"", ""eventAction"": ""clique:botao"", ""eventLabel"": ""replicar-parcela""} }","change_installments_tag","","","","granularidade parcela",""
"Gestao","Vendas sellout","P2","interaction","na","nao","nao","","sim","na","nao","nao","fundir_pai","fundir_pai","remover","dominio=Vendas sellout > tipo=interaction > callback=nao > revisar_pm=nao > obsoleto=nao > nav_in_app=nao > anti_padrao=nao > fundir_pai=sim > decisao=remover","Interacao em Tela ou modal do app (rota / (ver change_installments_tag))","Toca no botao identificado como ""salvar-alteracao""","app-rev:gerenciar-vendas:detalhes-da-venda:alterar-parcelas","clique:botao","salvar-alteracao","{""event"": {""eventCategory"": ""app-rev:gerenciar-vendas:detalhes-da-venda:alterar-parcelas"", ""eventAction"": ""clique:botao"", ""eventLabel"": ""salvar-alteracao""} }","change_installments_tag","","","","granularidade parcela",""
"Gestao","Vendas sellout","P2","interaction","na","nao","nao","","sim","na","nao","nao","fundir_pai","fundir_pai","remover","dominio=Vendas sellout > tipo=interaction > callback=nao > revisar_pm=nao > obsoleto=nao > nav_in_app=nao > anti_padrao=nao > fundir_pai=sim > decisao=remover","Interacao em Tela ou modal do app (rota / (ver change_installments_tag))","Toca no botao identificado como ""cancelar-exclusao""","app-rev:gerenciar-vendas:detalhes-da-venda:alterar-parcelas","clique:botao","cancelar-exclusao","{""event"": {""eventCategory"": ""app-rev:gerenciar-vendas:detalhes-da-venda:alterar-parcelas"", ""eventAction"": ""clique:botao"", ""eventLabel"": ""cancelar-exclusao""} }","change_installments_tag","","","","granularidade parcela",""
"Gestao","Vendas sellout","P0","interaction","na","nao","nao","","nao","p0","nao","nao","essencial_migrar","essencial_p0","migrar","dominio=Vendas sellout > tipo=interaction > callback=nao > revisar_pm=nao > obsoleto=nao > nav_in_app=nao > anti_padrao=nao > fundir_pai=nao > essencial=p0:label KPI P0: gerar-link > nao_essencial=nao > decisao=migrar","Interacao em Tela ou modal do app (rota / (ver charge_link_tag))","Toca no botao identificado como ""gerar-link:${type.name}${origin != null ? ""","app-rev:gerenciar-cobranca","clique:botao","gerar-link:${type.name}${origin != null ? ","{""event"": {""eventCategory"": ""app-rev:gerenciar-cobranca"", ""eventAction"": ""clique:botao"", ""eventLabel"": ""gerar-link:${type.name}${origin != null ? ""} }","charge_link_tag","interaction_gestao","click:button-gerar-link-${type.name}${origin != null ? ","{""client_id"":""[[identificador-unico-usuario]]"",""session_id"":""[[identificador-unico-sessao]]"",""events"":[{""params"":{""cd_interaction_detail"":""click:button-gerar-link-${type.name}${origin != null ? "",""cd_origin"":""${origin.value}"",""cd_charge_type"":""${type.name}""},""name"":""interaction_gestao""}]}","label KPI P0: gerar-link; cd_* legado preservados em json_novo.params",""
"Gestao","Gestao do negocio","P2","interaction","na","nao","nao","","nao","nao","nao","nao","fora_mapa_essencial","nao_essencial","remover","dominio=Gestao do negocio > tipo=interaction > callback=nao > revisar_pm=nao > obsoleto=nao > nav_in_app=nao > anti_padrao=nao > fundir_pai=nao > essencial=nao:sem match no mapa essencial > nao_essencial=sim > decisao=remover","Interacao em Tela ou modal do app (rota / (ver confirm_delete_product_tag))","Toca no botao identificado como ""manter-o-produto-na-venda""","","clique:botao","manter-o-produto-na-venda","{""event"": {""eventCategory"": """", ""eventAction"": ""clique:botao"", ""eventLabel"": ""manter-o-produto-na-venda""} }","confirm_delete_product_tag","","","","gestao fora mapa essencial",""
"Gestao","Gestao do negocio","P2","interaction","na","nao","nao","","nao","nao","nao","nao","fora_mapa_essencial","nao_essencial","remover","dominio=Gestao do negocio > tipo=interaction > callback=nao > revisar_pm=nao > obsoleto=nao > nav_in_app=nao > anti_padrao=nao > fundir_pai=nao > essencial=nao:sem match no mapa essencial > nao_essencial=sim > decisao=remover","Interacao em Tela ou modal do app (rota / (ver confirm_delete_product_tag))","Toca no botao identificado como ""sim-quero-excluir""","","clique:botao","sim-quero-excluir","{""event"": {""eventCategory"": """", ""eventAction"": ""clique:botao"", ""eventLabel"": ""sim-quero-excluir""} }","confirm_delete_product_tag","","","","gestao fora mapa essencial",""
"Gestao","Estoque RE","P2","interaction","na","nao","nao","","sim","na","nao","nao","fundir_pai","fundir_pai","remover","dominio=Estoque RE > tipo=interaction > callback=nao > revisar_pm=nao > obsoleto=nao > nav_in_app=nao > anti_padrao=nao > fundir_pai=sim > decisao=remover","Interacao em Tela ou modal do app (rota / (ver confirm_delete_tag))","Toca no botao identificado como ""manter-produto-no-estoque""","app-rev:gestao-estoque:modal","clique:botao","manter-produto-no-estoque","{""event"": {""eventCategory"": ""app-rev:gestao-estoque:modal"", ""eventAction"": ""clique:botao"", ""eventLabel"": ""manter-produto-no-estoque""} }","confirm_delete_tag","","","","granularidade modal",""
"Gestao","Estoque RE","P2","interaction","na","nao","nao","","sim","na","nao","nao","fundir_pai","fundir_pai","remover","dominio=Estoque RE > tipo=interaction > callback=nao > revisar_pm=nao > obsoleto=nao > nav_in_app=nao > anti_padrao=nao > fundir_pai=sim > decisao=remover","Interacao em Tela ou modal do app (rota / (ver confirm_delete_tag))","Toca no botao identificado como ""sim-quero-excluir""","app-rev:gestao-estoque:modal","clique:botao","sim-quero-excluir","{""event"": {""eventCategory"": ""app-rev:gestao-estoque:modal"", ""eventAction"": ""clique:botao"", ""eventLabel"": ""sim-quero-excluir""} }","confirm_delete_tag","","","","granularidade modal",""
"Gestao","Estoque RE","P2","interaction","na","nao","nao","","sim","na","nao","nao","fundir_pai","fundir_pai","remover","dominio=Estoque RE > tipo=interaction > callback=nao > revisar_pm=nao > obsoleto=nao > nav_in_app=nao > anti_padrao=nao > fundir_pai=sim > decisao=remover","Interacao em Fluxo de estoque / pronta-entrega","Toca no botao identificado como ""sim-adicionar-mais-produtos""","app-rev:gestao-estoque:modal","clique:botao","sim-adicionar-mais-produtos","{""event"": {""eventCategory"": ""app-rev:gestao-estoque:modal"", ""eventAction"": ""clique:botao"", ""eventLabel"": ""sim-adicionar-mais-produtos""} }","create_stock_success_tag","","","","granularidade modal",""
"Gestao","Estoque RE","P2","interaction","sim","nao","nao","","nao","na","nao","nao","nav_duplicada","nav_duplicada","remover","dominio=Estoque RE > tipo=interaction > callback=nao > revisar_pm=nao > obsoleto=nao > nav_in_app=sim > decisao=remover","Interacao em Fluxo de estoque / pronta-entrega","Toca no botao identificado como ""fechar""","app-rev:gestao-estoque:modal","clique:botao","fechar","{""event"": {""eventCategory"": ""app-rev:gestao-estoque:modal"", ""eventAction"": ""clique:botao"", ""eventLabel"": ""fechar""} }","create_stock_success_tag","","","","remover clique navegacao in-app; destino coberto por pageview",""
"Gestao","Estoque RE","P2","interaction","na","nao","nao","","sim","na","nao","nao","fundir_pai","fundir_pai","remover","dominio=Estoque RE > tipo=interaction > callback=nao > revisar_pm=nao > obsoleto=nao > nav_in_app=nao > anti_padrao=nao > fundir_pai=sim > decisao=remover","Interacao em Fluxo de estoque / pronta-entrega","Toca no botao identificado como ""compartilhar-produto-pronta-entrega""","app-rev:gestao-estoque:modal","clique:botao","compartilhar-produto-pronta-entrega","{""event"": {""eventCategory"": ""app-rev:gestao-estoque:modal"", ""eventAction"": ""clique:botao"", ""eventLabel"": ""compartilhar-produto-pronta-entrega""} }","create_stock_success_tag","","","","granularidade modal",""
"Gestao","Estoque RE","P0","callback","na","nao","nao","","nao","p0","nao","nao","callback_p0","essencial_p0","migrar","dominio=Estoque RE > tipo=callback > callback=sim > essencial=p0 > decisao=migrar","Interacao em Fluxo de estoque / pronta-entrega","Acao registrada: callback:adicionar-produto / $quantity:$sku:erro","app-rev:gestao-estoque:modal","callback:adicionar-produto","$quantity:$sku:erro","{""event"": {""eventCategory"": ""app-rev:gestao-estoque:modal"", ""eventAction"": ""callback:adicionar-produto"", ""eventLabel"": ""$quantity:$sku:erro""} }","create_stock_tag","callback_estoque_add_product","","{""client_id"":""[[identificador-unico-usuario]]"",""session_id"":""[[identificador-unico-sessao]]"",""events"":[{""name"":""callback_estoque_add_product_error"",""params"":{""cd_error_message"":""add-product-failed"",""cd_quantity"":""$quantity"",""cd_sku"":""$sku""}}]}","callback erro",""
"Gestao","Estoque RE","P0","callback","na","nao","nao","","nao","p0","nao","nao","callback_p0","essencial_p0","migrar","dominio=Estoque RE > tipo=callback > callback=sim > essencial=p0 > decisao=migrar","Interacao em Fluxo de estoque / pronta-entrega","Acao registrada: callback:adicionar-produto / $quantity:$sku:sucesso","app-rev:gestao-estoque:modal","callback:adicionar-produto","$quantity:$sku:sucesso","{""event"": {""eventCategory"": ""app-rev:gestao-estoque:modal"", ""eventAction"": ""callback:adicionar-produto"", ""eventLabel"": ""$quantity:$sku:sucesso""} }","create_stock_tag","callback_estoque_add_product","","{""client_id"":""[[identificador-unico-usuario]]"",""session_id"":""[[identificador-unico-sessao]]"",""events"":[{""name"":""callback_estoque_add_product_success"",""params"":{""cd_quantity"":""$quantity"",""cd_sku"":""$sku""}}]}","callback sucesso",""
"Gestao","Estoque RE","P2","interaction","na","nao","nao","","sim","na","nao","nao","fundir_pai","fundir_pai","remover","dominio=Estoque RE > tipo=interaction > callback=nao > revisar_pm=nao > obsoleto=nao > nav_in_app=nao > anti_padrao=nao > fundir_pai=sim > decisao=remover","Interacao em Fluxo de estoque / pronta-entrega","Toca no botao identificado como ""adicionar-produto:$sku""","app-rev:gestao-estoque:modal","clique:botao","adicionar-produto:$sku","{""event"": {""eventCategory"": ""app-rev:gestao-estoque:modal"", ""eventAction"": ""clique:botao"", ""eventLabel"": ""adicionar-produto:$sku""} }","create_stock_tag","","","","granularidade modal",""
"Gestao","Estoque RE","P2","interaction","na","nao","nao","","sim","na","nao","nao","fundir_pai","fundir_pai","remover","dominio=Estoque RE > tipo=interaction > callback=nao > revisar_pm=nao > obsoleto=nao > nav_in_app=nao > anti_padrao=nao > fundir_pai=sim > decisao=remover","Interacao em Fluxo de estoque / pronta-entrega","Toca no botao identificado como ""fechar:$sku""","app-rev:gestao-estoque:modal","clique:botao","fechar:$sku","{""event"": {""eventCategory"": ""app-rev:gestao-estoque:modal"", ""eventAction"": ""clique:botao"", ""eventLabel"": ""fechar:$sku""} }","create_stock_tag","","","","granularidade modal",""
"Gestao","Estoque RE","P2","interaction","na","nao","nao","","sim","na","nao","nao","fundir_pai","fundir_pai","remover","dominio=Estoque RE > tipo=interaction > callback=nao > revisar_pm=nao > obsoleto=nao > nav_in_app=nao > anti_padrao=nao > fundir_pai=sim > decisao=remover","Interacao em Fluxo de estoque / pronta-entrega","Toca no botao identificado como ""adicionar-item:$sku""","app-rev:gestao-estoque:modal","clique:botao","adicionar-item:$sku","{""event"": {""eventCategory"": ""app-rev:gestao-estoque:modal"", ""eventAction"": ""clique:botao"", ""eventLabel"": ""adicionar-item:$sku""} }","create_stock_tag","","","","granularidade modal",""
"Gestao","Estoque RE","P2","interaction","na","nao","nao","","sim","na","nao","nao","fundir_pai","fundir_pai","remover","dominio=Estoque RE > tipo=interaction > callback=nao > revisar_pm=nao > obsoleto=nao > nav_in_app=nao > anti_padrao=nao > fundir_pai=sim > decisao=remover","Interacao em Fluxo de estoque / pronta-entrega","Toca no botao identificado como ""remover-item:$sku""","app-rev:gestao-estoque:modal","clique:botao","remover-item:$sku","{""event"": {""eventCategory"": ""app-rev:gestao-estoque:modal"", ""eventAction"": ""clique:botao"", ""eventLabel"": ""remover-item:$sku""} }","create_stock_tag","","","","granularidade modal",""
"Gestao","Estoque RE","P2","interaction","na","nao","sim","tooltip","nao","na","nao","nao","anti_padrao_tooltip","anti_padrao","remover","dominio=Estoque RE > tipo=interaction > callback=nao > revisar_pm=nao > obsoleto=nao > nav_in_app=nao > anti_padrao=sim:tooltip > decisao=remover","Interacao em Fluxo de estoque / pronta-entrega","Acao registrada: clique:tooltip / info-preco","app-rev:gestao-estoque:modal","clique:tooltip","info-preco","{""event"": {""eventCategory"": ""app-rev:gestao-estoque:modal"", ""eventAction"": ""clique:tooltip"", ""eventLabel"": ""info-preco""} }","create_stock_tag","","","","P2 tooltip",""
"Gestao","Carteira de clientes","P2","custom","na","nao","nao","","nao","nao","nao","nao","fora_mapa_essencial","nao_essencial","remover","dominio=Carteira de clientes > tipo=custom:add_customer > callback=nao > revisar_pm=nao > obsoleto=nao > nav_in_app=nao > anti_padrao=nao > fundir_pai=nao > essencial=nao:sem match no mapa essencial > nao_essencial=sim > decisao=remover","Fluxo de gestao de clientes","Acao na tela: add customer","app-rev:gerenciar-clientes","","","{""add_customer"": {""eventCategory"": ""app-rev:gerenciar-clientes"", ""eventAction"": """", ""eventLabel"": """"} }","customer_tag","","","","gestao sem match essencial",""
"Gestao","Carteira de clientes","P2","interaction","na","nao","nao","","nao","nao","nao","nao","fora_mapa_essencial","nao_essencial","remover","dominio=Carteira de clientes > tipo=interaction > callback=nao > revisar_pm=nao > obsoleto=nao > nav_in_app=nao > anti_padrao=nao > fundir_pai=nao > essencial=nao:sem match no mapa essencial > nao_essencial=sim > decisao=remover","Interacao em Fluxo de gestao de clientes","Acao na tela: call back add","app-rev:gerenciar-clientes","","","{""event"": {""eventCategory"": ""app-rev:gerenciar-clientes"", ""eventAction"": """", ""eventLabel"": """"} }","customer_tag","","","","gestao sem match essencial",""
"Gestao","Carteira de clientes","P2","interaction","na","nao","nao","","nao","nao","nao","nao","fora_mapa_essencial","nao_essencial","remover","dominio=Carteira de clientes > tipo=interaction > callback=nao > revisar_pm=nao > obsoleto=nao > nav_in_app=nao > anti_padrao=nao > fundir_pai=nao > essencial=nao:sem match no mapa essencial > nao_essencial=sim > decisao=remover","Interacao em Fluxo de gestao de clientes","Acao na tela: call back edit","app-rev:gerenciar-clientes","","","{""event"": {""eventCategory"": ""app-rev:gerenciar-clientes"", ""eventAction"": """", ""eventLabel"": """"} }","customer_tag","","","","gestao sem match essencial",""
"Gestao","Carteira de clientes","P2","interaction","na","nao","nao","","nao","nao","nao","nao","fora_mapa_essencial","nao_essencial","remover","dominio=Carteira de clientes > tipo=interaction > callback=nao > revisar_pm=nao > obsoleto=nao > nav_in_app=nao > anti_padrao=nao > fundir_pai=nao > essencial=nao:sem match no mapa essencial > nao_essencial=sim > decisao=remover","Interacao em Fluxo de gestao de clientes","Acao na tela: fill field","app-rev:gerenciar-clientes","","","{""event"": {""eventCategory"": ""app-rev:gerenciar-clientes"", ""eventAction"": """", ""eventLabel"": """"} }","customer_tag","","","","gestao sem match essencial",""
"Gestao","Carteira de clientes","P2","interaction","na","nao","nao","","nao","nao","nao","nao","fora_mapa_essencial","nao_essencial","remover","dominio=Carteira de clientes > tipo=interaction > callback=nao > revisar_pm=nao > obsoleto=nao > nav_in_app=nao > anti_padrao=nao > fundir_pai=nao > essencial=nao:sem match no mapa essencial > nao_essencial=sim > decisao=remover","Interacao em Fluxo de gestao de clientes","Acao na tela: icon click","app-rev:gerenciar-clientes","","","{""event"": {""eventCategory"": ""app-rev:gerenciar-clientes"", ""eventAction"": """", ""eventLabel"": """"} }","customer_tag","","","","gestao sem match essencial",""
"Gestao","Carteira de clientes","P0","screen_view","na","nao","nao","","nao","p0","nao","nao","pageview_ok","pageview_ok","manter","dominio=Carteira de clientes > tipo=screen_view > callback=nao > revisar_pm=nao > obsoleto=nao > nav_in_app=nao > anti_padrao=nao > fundir_pai=nao > pageview=essencial > essencial=p0 > decisao=manter","Visualizacao de Fluxo de gestao de clientes","A tela e registrada no analytics (visualizacao de pagina)","","","","{""screen_view"": {""screen_name"": ""/app-rev/gerenciar-clientes/meus-clientes""} }","customer_tag","screen_view","","{""client_id"":""[[identificador-unico-usuario]]"",""session_id"":""[[identificador-unico-sessao]]"",""events"":[{""name"":""screen_view"",""params"":{""screen_name"":""/app-rev/gerenciar-clientes/meus-clientes"",""cd_page_title"":""Fluxo de gestao de clientes""}}]}","screen_view ja no padrao GA4 - EVENTOS_ESSENCIAIS_CT","/app-rev/gerenciar-clientes/meus-clientes"
"Gestao","Carteira de clientes","P0","screen_view","na","nao","nao","","nao","p0","nao","nao","pageview_ok","pageview_ok","manter","dominio=Carteira de clientes > tipo=screen_view > callback=nao > revisar_pm=nao > obsoleto=nao > nav_in_app=nao > anti_padrao=nao > fundir_pai=nao > pageview=essencial > essencial=p0 > decisao=manter","Visualizacao de Fluxo de gestao de clientes","A tela e registrada no analytics (visualizacao de pagina)","","","","{""screen_view"": {""screen_name"": ""/app-rev/gerenciar-clientes2""} }","customer_tag","screen_view","","{""client_id"":""[[identificador-unico-usuario]]"",""session_id"":""[[identificador-unico-sessao]]"",""events"":[{""name"":""screen_view"",""params"":{""screen_name"":""/app-rev/gerenciar-clientes2"",""cd_page_title"":""Fluxo de gestao de clientes""}}]}","corrigir path legado; PV ja no padrao GA4","/app-rev/gerenciar-clientes2"
"Gestao","Carteira de clientes","P2","interaction","na","nao","nao","","nao","nao","nao","nao","fora_mapa_essencial","nao_essencial","remover","dominio=Carteira de clientes > tipo=interaction > callback=nao > revisar_pm=nao > obsoleto=nao > nav_in_app=nao > anti_padrao=nao > fundir_pai=nao > essencial=nao:sem match no mapa essencial > nao_essencial=sim > decisao=remover","Interacao em Fluxo de gestao de clientes","Acao na tela: scroll","app-rev:gerenciar-clientes","","","{""event"": {""eventCategory"": ""app-rev:gerenciar-clientes"", ""eventAction"": """", ""eventLabel"": """"} }","customer_tag","","","","gestao sem match essencial",""
"Gestao","Carteira de clientes","P2","interaction","na","nao","nao","","nao","nao","nao","nao","fora_mapa_essencial","nao_essencial","remover","dominio=Carteira de clientes > tipo=interaction > callback=nao > revisar_pm=nao > obsoleto=nao > nav_in_app=nao > anti_padrao=nao > fundir_pai=nao > essencial=nao:sem match no mapa essencial > nao_essencial=sim > decisao=remover","Interacao em Fluxo de gestao de clientes","Acao na tela: toast","app-rev:gerenciar-clientes","","","{""event"": {""eventCategory"": ""app-rev:gerenciar-clientes"", ""eventAction"": """", ""eventLabel"": """"} }","customer_tag","","","","gestao sem match essencial",""
"Gestao","Carteira de clientes","P2","interaction","na","nao","nao","","nao","nao","nao","nao","fora_mapa_essencial","nao_essencial","remover","dominio=Carteira de clientes > tipo=interaction > callback=nao > revisar_pm=nao > obsoleto=nao > nav_in_app=nao > anti_padrao=nao > fundir_pai=nao > essencial=nao:sem match no mapa essencial > nao_essencial=sim > decisao=remover","Interacao em Fluxo de gestao de clientes","Acao na tela: on button click","app-rev:categoria:indicacoes-para-clientes","","","{""event"": {""eventCategory"": ""app-rev:categoria:indicacoes-para-clientes"", ""eventAction"": """", ""eventLabel"": """"} }","customers_suggestions_category_tag","","","","gestao sem match essencial",""
"Gestao","Carteira de clientes","P2","interaction","na","nao","nao","","nao","nao","nao","nao","fora_mapa_essencial","nao_essencial","remover","dominio=Carteira de clientes > tipo=interaction > callback=nao > revisar_pm=nao > obsoleto=nao > nav_in_app=nao > anti_padrao=nao > fundir_pai=nao > essencial=nao:sem match no mapa essencial > nao_essencial=sim > decisao=remover","Interacao em Fluxo de gestao de clientes","Acao na tela: filter click","app-rev:categoria:indicacoes-para-clientes","","","{""event"": {""eventCategory"": ""app-rev:categoria:indicacoes-para-clientes"", ""eventAction"": """", ""eventLabel"": """"} }","customers_suggestions_category_tag","","","","gestao sem match essencial",""
"Gestao","Vendas sellout","P2","interaction","na","nao","nao","","sim","na","nao","nao","fundir_pai","fundir_pai","remover","dominio=Vendas sellout > tipo=interaction > callback=nao > revisar_pm=nao > obsoleto=nao > nav_in_app=nao > anti_padrao=nao > fundir_pai=sim > decisao=remover","Interacao em Tela ou modal do app (rota / (ver delete_installment_modal_tag))","Toca no botao identificado como ""sim-quero-excluir""","app-rev:gerenciar-vendas:detalhe-parcela:modal:deletar-parcelas","clique:botao","sim-quero-excluir","{""event"": {""eventCategory"": ""app-rev:gerenciar-vendas:detalhe-parcela:modal:deletar-parcelas"", ""eventAction"": ""clique:botao"", ""eventLabel"": ""sim-quero-excluir""} }","delete_installment_modal_tag","","","","granularidade modal",""
"Gestao","Vendas sellout","P2","interaction","na","nao","nao","","sim","na","nao","nao","fundir_pai","fundir_pai","remover","dominio=Vendas sellout > tipo=interaction > callback=nao > revisar_pm=nao > obsoleto=nao > nav_in_app=nao > anti_padrao=nao > fundir_pai=sim > decisao=remover","Interacao em Tela ou modal do app (rota / (ver delete_installment_modal_tag))","Toca no botao identificado como ""nao-excluir""","app-rev:gerenciar-vendas:detalhe-parcela:modal:deletar-parcelas","clique:botao","nao-excluir","{""event"": {""eventCategory"": ""app-rev:gerenciar-vendas:detalhe-parcela:modal:deletar-parcelas"", ""eventAction"": ""clique:botao"", ""eventLabel"": ""nao-excluir""} }","delete_installment_modal_tag","","","","granularidade modal",""
"Gestao","Vendas sellout","P2","interaction","na","nao","nao","","sim","na","nao","nao","fundir_pai","fundir_pai","remover","dominio=Vendas sellout > tipo=interaction > callback=nao > revisar_pm=nao > obsoleto=nao > nav_in_app=nao > anti_padrao=nao > fundir_pai=sim > decisao=remover","Interacao em Tela ou modal do app (rota / (ver delete_payment_modal_tag))","Toca no botao identificado como ""sim-quero-excluir""","app-rev:gerenciar-vendas:detalhe-parcela:modal:deletar-parcelas","clique:botao","sim-quero-excluir","{""event"": {""eventCategory"": ""app-rev:gerenciar-vendas:detalhe-parcela:modal:deletar-parcelas"", ""eventAction"": ""clique:botao"", ""eventLabel"": ""sim-quero-excluir""} }","delete_payment_modal_tag","","","","granularidade modal",""
"Gestao","Vendas sellout","P2","interaction","na","nao","nao","","sim","na","nao","nao","fundir_pai","fundir_pai","remover","dominio=Vendas sellout > tipo=interaction > callback=nao > revisar_pm=nao > obsoleto=nao > nav_in_app=nao > anti_padrao=nao > fundir_pai=sim > decisao=remover","Interacao em Tela ou modal do app (rota / (ver delete_payment_modal_tag))","Toca no botao identificado como ""nao-excluir""","app-rev:gerenciar-vendas:detalhe-parcela:modal:deletar-parcelas","clique:botao","nao-excluir","{""event"": {""eventCategory"": ""app-rev:gerenciar-vendas:detalhe-parcela:modal:deletar-parcelas"", ""eventAction"": ""clique:botao"", ""eventLabel"": ""nao-excluir""} }","delete_payment_modal_tag","","","","granularidade modal",""
"Gestao","Vendas sellout","P2","interaction","na","nao","nao","","sim","na","nao","nao","fundir_pai","nao_essencial","remover","dominio=Vendas sellout > tipo=interaction > callback=nao > revisar_pm=nao > obsoleto=nao > nav_in_app=nao > anti_padrao=nao > fundir_pai=sim > decisao=remover","Interacao em Tela ou modal do app (rota / (ver generic_product_onboarding_tag))","Toca no botao identificado como ""adicionar-produto-a-venda""","app-rev:gerenciar-vendas:onboarding-produto-generico","clique:botao","adicionar-produto-a-venda","{""event"": {""eventCategory"": ""app-rev:gerenciar-vendas:onboarding-produto-generico"", ""eventAction"": ""clique:botao"", ""eventLabel"": ""adicionar-produto-a-venda""} }","generic_product_onboarding_tag","","","","onboarding generico fora funil",""
"Gestao","Vendas sellout","P2","interaction","na","nao","nao","","sim","na","nao","nao","fundir_pai","nao_essencial","remover","dominio=Vendas sellout > tipo=interaction > callback=nao > revisar_pm=nao > obsoleto=nao > nav_in_app=nao > anti_padrao=nao > fundir_pai=sim > decisao=remover","Interacao em Tela ou modal do app (rota / (ver generic_product_onboarding_tag))","Toca no botao identificado como ""adicionar-venda""","app-rev:gerenciar-vendas:onboarding-produto-generico","clique:botao","adicionar-venda","{""event"": {""eventCategory"": ""app-rev:gerenciar-vendas:onboarding-produto-generico"", ""eventAction"": ""clique:botao"", ""eventLabel"": ""adicionar-venda""} }","generic_product_onboarding_tag","","","","onboarding generico fora funil",""
"Gestao","Vendas sellout","P2","interaction","sim","nao","nao","","nao","na","nao","nao","nav_duplicada","nav_duplicada","remover","dominio=Vendas sellout > tipo=interaction > callback=nao > revisar_pm=nao > obsoleto=nao > nav_in_app=sim > decisao=remover","Interacao em Tela ou modal do app (rota / (ver generic_product_onboarding_tag))","Toca no botao identificado como ""fechar""","app-rev:gerenciar-vendas:onboarding-produto-generico","clique:botao","fechar","{""event"": {""eventCategory"": ""app-rev:gerenciar-vendas:onboarding-produto-generico"", ""eventAction"": ""clique:botao"", ""eventLabel"": ""fechar""} }","generic_product_onboarding_tag","","","","remover clique navegacao in-app; destino coberto por pageview",""
"Gestao","Vendas sellout","P2","interaction","na","nao","nao","","sim","na","nao","nao","fundir_pai","nao_essencial","remover","dominio=Vendas sellout > tipo=interaction > callback=nao > revisar_pm=nao > obsoleto=nao > nav_in_app=nao > anti_padrao=nao > fundir_pai=sim > decisao=remover","Interacao em Tela ou modal do app (rota / (ver generic_product_onboarding_tag))","Toca no botao identificado como ""roupas""","app-rev:gerenciar-vendas:onboarding-produto-generico","clique:botao","roupas","{""event"": {""eventCategory"": ""app-rev:gerenciar-vendas:onboarding-produto-generico"", ""eventAction"": ""clique:botao"", ""eventLabel"": ""roupas""} }","generic_product_onboarding_tag","","","","onboarding generico fora funil",""
"Gestao","Vendas sellout","P2","interaction","na","nao","nao","","sim","na","nao","nao","fundir_pai","nao_essencial","remover","dominio=Vendas sellout > tipo=interaction > callback=nao > revisar_pm=nao > obsoleto=nao > nav_in_app=nao > anti_padrao=nao > fundir_pai=sim > decisao=remover","Interacao em Tela ou modal do app (rota / (ver generic_product_onboarding_tag))","Toca no botao identificado como ""formulario""","app-rev:gerenciar-vendas:onboarding-produto-generico","clique:botao","formulario","{""event"": {""eventCategory"": ""app-rev:gerenciar-vendas:onboarding-produto-generico"", ""eventAction"": ""clique:botao"", ""eventLabel"": ""formulario""} }","generic_product_onboarding_tag","","","","onboarding generico fora funil",""
"Gestao","Vendas sellout","P2","interaction","na","nao","nao","","sim","na","nao","nao","fundir_pai","nao_essencial","remover","dominio=Vendas sellout > tipo=interaction > callback=nao > revisar_pm=nao > obsoleto=nao > nav_in_app=nao > anti_padrao=nao > fundir_pai=sim > decisao=remover","Interacao em Tela ou modal do app (rota / (ver generic_product_onboarding_tag))","Toca no botao identificado como ""outras-marcas""","app-rev:gerenciar-vendas:onboarding-produto-generico","clique:botao","outras-marcas","{""event"": {""eventCategory"": ""app-rev:gerenciar-vendas:onboarding-produto-generico"", ""eventAction"": ""clique:botao"", ""eventLabel"": ""outras-marcas""} }","generic_product_onboarding_tag","","","","onboarding generico fora funil",""
"Gestao","Vendas sellout","P2","interaction","na","nao","nao","","sim","na","nao","nao","fundir_pai","nao_essencial","remover","dominio=Vendas sellout > tipo=interaction > callback=nao > revisar_pm=nao > obsoleto=nao > nav_in_app=nao > anti_padrao=nao > fundir_pai=sim > decisao=remover","Interacao em Tela ou modal do app (rota / (ver generic_product_onboarding_tag))","Toca no botao identificado como ""adicionar-produtos""","app-rev:gerenciar-vendas:onboarding-produto-generico","clique:botao","adicionar-produtos","{""event"": {""eventCategory"": ""app-rev:gerenciar-vendas:onboarding-produto-generico"", ""eventAction"": ""clique:botao"", ""eventLabel"": ""adicionar-produtos""} }","generic_product_onboarding_tag","","","","onboarding generico fora funil",""
"Gestao","Vendas sellout","P2","interaction","na","nao","nao","","sim","na","nao","nao","fundir_pai","nao_essencial","remover","dominio=Vendas sellout > tipo=interaction > callback=nao > revisar_pm=nao > obsoleto=nao > nav_in_app=nao > anti_padrao=nao > fundir_pai=sim > decisao=remover","Interacao em Tela ou modal do app (rota / (ver generic_product_onboarding_tag))","Toca no botao identificado como ""selecionar""","app-rev:gerenciar-vendas:onboarding-produto-generico","clique:botao","selecionar","{""event"": {""eventCategory"": ""app-rev:gerenciar-vendas:onboarding-produto-generico"", ""eventAction"": ""clique:botao"", ""eventLabel"": ""selecionar""} }","generic_product_onboarding_tag","","","","onboarding generico fora funil",""
"Gestao","Vendas sellout","P2","interaction","na","nao","nao","","sim","na","nao","nao","fundir_pai","nao_essencial","remover","dominio=Vendas sellout > tipo=interaction > callback=nao > revisar_pm=nao > obsoleto=nao > nav_in_app=nao > anti_padrao=nao > fundir_pai=sim > decisao=remover","Interacao em Tela ou modal do app (rota / (ver generic_product_onboarding_tag))","Toca no botao identificado como ""pular""","app-rev:gerenciar-vendas:onboarding-produto-generico","clique:botao","pular","{""event"": {""eventCategory"": ""app-rev:gerenciar-vendas:onboarding-produto-generico"", ""eventAction"": ""clique:botao"", ""eventLabel"": ""pular""} }","generic_product_onboarding_tag","","","","onboarding generico fora funil",""
"Gestao","Vendas sellout","P2","interaction","na","nao","nao","","sim","na","nao","nao","fundir_pai","nao_essencial","remover","dominio=Vendas sellout > tipo=interaction > callback=nao > revisar_pm=nao > obsoleto=nao > nav_in_app=nao > anti_padrao=nao > fundir_pai=sim > decisao=remover","Interacao em Tela ou modal do app (rota / (ver generic_product_onboarding_tag))","Toca no botao identificado como ""quero-conhecer""","app-rev:gerenciar-vendas:onboarding-produto-generico","clique:botao","quero-conhecer","{""event"": {""eventCategory"": ""app-rev:gerenciar-vendas:onboarding-produto-generico"", ""eventAction"": ""clique:botao"", ""eventLabel"": ""quero-conhecer""} }","generic_product_onboarding_tag","","","","onboarding generico fora funil",""
"Gestao","Vendas sellout","P2","interaction","na","nao","nao","","sim","na","nao","nao","fundir_pai","fundir_pai","remover","dominio=Vendas sellout > tipo=interaction > callback=nao > revisar_pm=nao > obsoleto=nao > nav_in_app=nao > anti_padrao=nao > fundir_pai=sim > decisao=remover","Interacao em Tela ou modal do app (rota / (ver installment_detail_tag))","Toca no botao identificado como ""adicionar-pagamento""","app-rev:gerenciar-vendas:detalhes-da-venda:detalhes-da-parcela","clique:botao","adicionar-pagamento","{""event"": {""eventCategory"": ""app-rev:gerenciar-vendas:detalhes-da-venda:detalhes-da-parcela"", ""eventAction"": ""clique:botao"", ""eventLabel"": ""adicionar-pagamento""} }","installment_detail_tag","","","","granularidade parcela",""
"Gestao","Vendas sellout","P2","interaction","na","nao","nao","","sim","na","nao","nao","fundir_pai","fundir_pai","remover","dominio=Vendas sellout > tipo=interaction > callback=nao > revisar_pm=nao > obsoleto=nao > nav_in_app=nao > anti_padrao=nao > fundir_pai=sim > decisao=remover","Interacao em Tela ou modal do app (rota / (ver installment_detail_tag))","Toca no botao identificado como ""deletar-parcela""","app-rev:gerenciar-vendas:detalhes-da-venda:detalhes-da-parcela","clique:botao","deletar-parcela","{""event"": {""eventCategory"": ""app-rev:gerenciar-vendas:detalhes-da-venda:detalhes-da-parcela"", ""eventAction"": ""clique:botao"", ""eventLabel"": ""deletar-parcela""} }","installment_detail_tag","","","","granularidade parcela",""
"Gestao","Vendas sellout","P2","interaction","na","nao","nao","","sim","na","nao","nao","fundir_pai","fundir_pai","remover","dominio=Vendas sellout > tipo=interaction > callback=nao > revisar_pm=nao > obsoleto=nao > nav_in_app=nao > anti_padrao=nao > fundir_pai=sim > decisao=remover","Interacao em Tela ou modal do app (rota / (ver installment_detail_tag))","Toca no botao identificado como ""deletar-pagamento""","app-rev:gerenciar-vendas:detalhes-da-venda:detalhes-da-parcela","clique:botao","deletar-pagamento","{""event"": {""eventCategory"": ""app-rev:gerenciar-vendas:detalhes-da-venda:detalhes-da-parcela"", ""eventAction"": ""clique:botao"", ""eventLabel"": ""deletar-pagamento""} }","installment_detail_tag","","","","granularidade parcela",""
"Gestao","Vendas sellout","P2","interaction","na","nao","nao","","sim","na","nao","nao","fundir_pai","fundir_pai","remover","dominio=Vendas sellout > tipo=interaction > callback=nao > revisar_pm=nao > obsoleto=nao > nav_in_app=nao > anti_padrao=nao > fundir_pai=sim > decisao=remover","Interacao em Tela ou modal do app (rota / (ver installment_detail_tag))","Toca no botao identificado como ""editar-parcela""","app-rev:gerenciar-vendas:detalhes-da-venda:detalhes-da-parcela","clique:botao","editar-parcela","{""event"": {""eventCategory"": ""app-rev:gerenciar-vendas:detalhes-da-venda:detalhes-da-parcela"", ""eventAction"": ""clique:botao"", ""eventLabel"": ""editar-parcela""} }","installment_detail_tag","","","","granularidade parcela",""
"Gestao","Vendas sellout","P2","interaction","na","nao","nao","","sim","na","nao","nao","fundir_pai","fundir_pai","remover","dominio=Vendas sellout > tipo=interaction > callback=nao > revisar_pm=nao > obsoleto=nao > nav_in_app=nao > anti_padrao=nao > fundir_pai=sim > decisao=remover","Interacao em Tela ou modal do app (rota / (ver installment_detail_tag))","Toca no botao identificado como ""ver-historico""","app-rev:gerenciar-vendas:detalhes-da-venda:detalhes-da-parcela","clique:botao","ver-historico","{""event"": {""eventCategory"": ""app-rev:gerenciar-vendas:detalhes-da-venda:detalhes-da-parcela"", ""eventAction"": ""clique:botao"", ""eventLabel"": ""ver-historico""} }","installment_detail_tag","","","","granularidade parcela",""
"Gestao","Vendas sellout","P2","interaction","na","nao","nao","","sim","na","nao","nao","fundir_pai","fundir_pai","remover","dominio=Vendas sellout > tipo=interaction > callback=nao > revisar_pm=nao > obsoleto=nao > nav_in_app=nao > anti_padrao=nao > fundir_pai=sim > decisao=remover","Interacao em Tela ou modal do app (rota / (ver installment_detail_tag))","Toca no botao identificado como ""enviar-lembrete""","app-rev:gerenciar-vendas:detalhes-da-venda:detalhes-da-parcela","clique:botao","enviar-lembrete","{""event"": {""eventCategory"": ""app-rev:gerenciar-vendas:detalhes-da-venda:detalhes-da-parcela"", ""eventAction"": ""clique:botao"", ""eventLabel"": ""enviar-lembrete""} }","installment_detail_tag","","","","granularidade parcela",""
"Gestao","Vendas sellout","P2","interaction","na","nao","nao","","sim","na","nao","nao","fundir_pai","fundir_pai","remover","dominio=Vendas sellout > tipo=interaction > callback=nao > revisar_pm=nao > obsoleto=nao > nav_in_app=nao > anti_padrao=nao > fundir_pai=sim > decisao=remover","Interacao em Tela ou modal do app (rota / (ver installment_detail_tag))","Interacao com botao ou card cujo rotulo vem do texto exibido na UI (marca, secao, etc.)","app-rev:gerenciar-vendas:detalhes-da-venda:detalhes-da-parcela","dinamico","dinamico (toAnalyticsFormat)","{""event"": {""eventCategory"": ""app-rev:gerenciar-vendas:detalhes-da-venda:detalhes-da-parcela"", ""eventAction"": ""dinamico"", ""eventLabel"": ""dinamico (toAnalyticsFormat)""} }","installment_detail_tag","","","","granularidade parcela",""
"Gestao","Vendas sellout","P2","interaction","na","nao","nao","","sim","na","nao","nao","fundir_pai","fundir_pai","remover","dominio=Vendas sellout > tipo=interaction > callback=nao > revisar_pm=nao > obsoleto=nao > nav_in_app=nao > anti_padrao=nao > fundir_pai=sim > decisao=remover","Interacao em Tela ou modal do app (rota / (ver installment_edit_info_modal_tag))","Interacao com botao ou card cujo rotulo vem do texto exibido na UI (marca, secao, etc.)","app-rev:gerenciar-vendas:detalhe-parcela:modal:editar-parcela","dinamico","dinamico (toAnalyticsFormat)","{""event"": {""eventCategory"": ""app-rev:gerenciar-vendas:detalhe-parcela:modal:editar-parcela"", ""eventAction"": ""dinamico"", ""eventLabel"": ""dinamico (toAnalyticsFormat)""} }","installment_edit_info_modal_tag","","","","granularidade modal",""
"Gestao","Vendas sellout","P2","interaction","na","nao","nao","","sim","na","nao","nao","fundir_pai","fundir_pai","remover","dominio=Vendas sellout > tipo=interaction > callback=nao > revisar_pm=nao > obsoleto=nao > nav_in_app=nao > anti_padrao=nao > fundir_pai=sim > decisao=remover","Interacao em Tela ou modal do app (rota / (ver installment_edit_info_modal_tag))","Acao registrada: interacao:campo / preencheu:data-do-pagamento:data-invalida:$formattedDate","app-rev:gerenciar-vendas:detalhe-parcela:modal:editar-parcela","interacao:campo","preencheu:data-do-pagamento:data-invalida:$formattedDate","{""event"": {""eventCategory"": ""app-rev:gerenciar-vendas:detalhe-parcela:modal:editar-parcela"", ""eventAction"": ""interacao:campo"", ""eventLabel"": ""preencheu:data-do-pagamento:data-invalida:$formattedDate""} }","installment_edit_info_modal_tag","","","","granularidade modal",""
"Gestao","Vendas sellout","P2","interaction","na","nao","nao","","sim","na","nao","nao","fundir_pai","fundir_pai","remover","dominio=Vendas sellout > tipo=interaction > callback=nao > revisar_pm=nao > obsoleto=nao > nav_in_app=nao > anti_padrao=nao > fundir_pai=sim > decisao=remover","Interacao em Tela ou modal do app (rota / (ver installment_edit_info_modal_tag))","Acao registrada: interacao:campo / preencheu:valor:valor-invalido:$value","app-rev:gerenciar-vendas:detalhe-parcela:modal:editar-parcela","interacao:campo","preencheu:valor:valor-invalido:$value","{""event"": {""eventCategory"": ""app-rev:gerenciar-vendas:detalhe-parcela:modal:editar-parcela"", ""eventAction"": ""interacao:campo"", ""eventLabel"": ""preencheu:valor:valor-invalido:$value""} }","installment_edit_info_modal_tag","","","","granularidade modal",""
"Gestao","Vendas sellout","P2","interaction","na","nao","sim","show_modal","nao","na","nao","nao","anti_padrao_show_modal","anti_padrao","remover","dominio=Vendas sellout > tipo=interaction > callback=nao > revisar_pm=nao > obsoleto=nao > nav_in_app=nao > anti_padrao=sim:show_modal > decisao=remover","Interacao em Tela ou modal do app (rota / (ver installment_edit_info_modal_tag))","Acao registrada: show:modal / editar-parcela","app-rev:gerenciar-vendas:detalhe-parcela:modal:editar-parcela","show:modal","editar-parcela","{""event"": {""eventCategory"": ""app-rev:gerenciar-vendas:detalhe-parcela:modal:editar-parcela"", ""eventAction"": ""show:modal"", ""eventLabel"": ""editar-parcela""} }","installment_edit_info_modal_tag","","","","P2 show:modal isolado",""
"Gestao","Vendas sellout","P2","interaction","na","nao","nao","","sim","na","nao","nao","fundir_pai","fundir_pai","remover","dominio=Vendas sellout > tipo=interaction > callback=nao > revisar_pm=nao > obsoleto=nao > nav_in_app=nao > anti_padrao=nao > fundir_pai=sim > decisao=remover","Interacao em Tela ou modal do app (rota / (ver installment_edit_info_modal_tag))","Toca no botao identificado como ""salvar-alteracoes""","app-rev:gerenciar-vendas:detalhe-parcela:modal:editar-parcela","clique:botao","salvar-alteracoes","{""event"": {""eventCategory"": ""app-rev:gerenciar-vendas:detalhe-parcela:modal:editar-parcela"", ""eventAction"": ""clique:botao"", ""eventLabel"": ""salvar-alteracoes""} }","installment_edit_info_modal_tag","","","","granularidade modal",""
"Gestao","Gestao do negocio","P2","interaction","na","nao","nao","","nao","nao","nao","nao","fora_mapa_essencial","nao_essencial","remover","dominio=Gestao do negocio > tipo=interaction > callback=nao > revisar_pm=nao > obsoleto=nao > nav_in_app=nao > anti_padrao=nao > fundir_pai=nao > essencial=nao:sem match no mapa essencial > nao_essencial=sim > decisao=remover","Interacao em Tela ou modal do app (rota / (ver instructions_modal_tag))","Toca no botao identificado como ""finalizar""","app-rev:gestao-de-negocio","clique:botao","finalizar","{""event"": {""eventCategory"": ""app-rev:gestao-de-negocio"", ""eventAction"": ""clique:botao"", ""eventLabel"": ""finalizar""} }","instructions_modal_tag","","","","hub/relatorio - PV no destino basta",""
"Gestao","Gestao do negocio","P2","interaction","na","nao","nao","","nao","nao","nao","nao","fora_mapa_essencial","nao_essencial","remover","dominio=Gestao do negocio > tipo=interaction > callback=nao > revisar_pm=nao > obsoleto=nao > nav_in_app=nao > anti_padrao=nao > fundir_pai=nao > essencial=nao:sem match no mapa essencial > nao_essencial=sim > decisao=remover","Interacao em Tela ou modal do app (rota / (ver instructions_modal_tag))","Toca no botao identificado como ""proximo""","app-rev:gestao-de-negocio","clique:botao","proximo","{""event"": {""eventCategory"": ""app-rev:gestao-de-negocio"", ""eventAction"": ""clique:botao"", ""eventLabel"": ""proximo""} }","instructions_modal_tag","","","","hub/relatorio - PV no destino basta",""
"Gestao","Gestao do negocio","P2","interaction","na","nao","nao","","nao","nao","nao","nao","fora_mapa_essencial","nao_essencial","remover","dominio=Gestao do negocio > tipo=interaction > callback=nao > revisar_pm=nao > obsoleto=nao > nav_in_app=nao > anti_padrao=nao > fundir_pai=nao > essencial=nao:sem match no mapa essencial > nao_essencial=sim > decisao=remover","Interacao em Tela ou modal do app (rota / (ver instructions_modal_tag))","Toca no botao identificado como ""anterior""","app-rev:gestao-de-negocio","clique:botao","anterior","{""event"": {""eventCategory"": ""app-rev:gestao-de-negocio"", ""eventAction"": ""clique:botao"", ""eventLabel"": ""anterior""} }","instructions_modal_tag","","","","hub/relatorio - PV no destino basta",""
"Gestao","Gestao do negocio","P2","interaction","na","nao","nao","","nao","nao","nao","nao","fora_mapa_essencial","nao_essencial","remover","dominio=Gestao do negocio > tipo=interaction > callback=nao > revisar_pm=nao > obsoleto=nao > nav_in_app=nao > anti_padrao=nao > fundir_pai=nao > essencial=nao:sem match no mapa essencial > nao_essencial=sim > decisao=remover","Interacao em Tela ou modal do app (rota / (ver instructions_modal_tag))","Toca no botao identificado como ""pular""","app-rev:gestao-de-negocio","clique:botao","pular","{""event"": {""eventCategory"": ""app-rev:gestao-de-negocio"", ""eventAction"": ""clique:botao"", ""eventLabel"": ""pular""} }","instructions_modal_tag","","","","hub/relatorio - PV no destino basta",""
"Gestao","Vendas sellout","P2","interaction","na","nao","nao","","sim","na","nao","nao","fundir_pai","fundir_pai","remover","dominio=Vendas sellout > tipo=interaction > callback=nao > revisar_pm=nao > obsoleto=nao > nav_in_app=nao > anti_padrao=nao > fundir_pai=sim > decisao=remover","Interacao em Tela ou modal do app (rota / (ver payment_detail_model_tag))","Interacao com botao ou card cujo rotulo vem do texto exibido na UI (marca, secao, etc.)","app-rev:gerenciar-vendas:detalhe-parcela:modal:adicionar-dados-pagamento","dinamico","dinamico (toAnalyticsFormat)","{""event"": {""eventCategory"": ""app-rev:gerenciar-vendas:detalhe-parcela:modal:adicionar-dados-pagamento"", ""eventAction"": ""dinamico"", ""eventLabel"": ""dinamico (toAnalyticsFormat)""} }","payment_detail_model_tag","","","","granularidade modal",""
"Gestao","Vendas sellout","P2","interaction","na","nao","nao","","sim","na","nao","nao","fundir_pai","fundir_pai","remover","dominio=Vendas sellout > tipo=interaction > callback=nao > revisar_pm=nao > obsoleto=nao > nav_in_app=nao > anti_padrao=nao > fundir_pai=sim > decisao=remover","Interacao em Tela ou modal do app (rota / (ver payment_detail_model_tag))","Toca no botao identificado como ""adicionar""","app-rev:gerenciar-vendas:detalhe-parcela:modal:adicionar-dados-pagamento","clique:botao","adicionar","{""event"": {""eventCategory"": ""app-rev:gerenciar-vendas:detalhe-parcela:modal:adicionar-dados-pagamento"", ""eventAction"": ""clique:botao"", ""eventLabel"": ""adicionar""} }","payment_detail_model_tag","","","","granularidade modal",""
"Gestao","Vendas sellout","P2","interaction","na","nao","nao","","sim","na","nao","nao","fundir_pai","fundir_pai","remover","dominio=Vendas sellout > tipo=interaction > callback=nao > revisar_pm=nao > obsoleto=nao > nav_in_app=nao > anti_padrao=nao > fundir_pai=sim > decisao=remover","Interacao em Tela ou modal do app (rota / (ver payment_detail_model_tag))","Interacao com botao ou card cujo rotulo vem do texto exibido na UI (marca, secao, etc.)","app-rev:gerenciar-vendas:detalhe-parcela:modal:adicionar-dados-pagamento","dinamico","dinamico (toAnalyticsFormat)","{""event"": {""eventCategory"": ""app-rev:gerenciar-vendas:detalhe-parcela:modal:adicionar-dados-pagamento"", ""eventAction"": ""dinamico"", ""eventLabel"": ""dinamico (toAnalyticsFormat)""} }","payment_detail_model_tag","","","","granularidade modal",""
"Gestao","Vendas sellout","P2","interaction","na","nao","nao","","sim","na","nao","nao","fundir_pai","fundir_pai","remover","dominio=Vendas sellout > tipo=interaction > callback=nao > revisar_pm=nao > obsoleto=nao > nav_in_app=nao > anti_padrao=nao > fundir_pai=sim > decisao=remover","Interacao em Tela ou modal do app (rota / (ver payment_detail_model_tag))","Acao registrada: interacao:campo / preencheu:data-do-pagamento:data-invalida:$formattedDate","app-rev:gerenciar-vendas:detalhe-parcela:modal:adicionar-dados-pagamento","interacao:campo","preencheu:data-do-pagamento:data-invalida:$formattedDate","{""event"": {""eventCategory"": ""app-rev:gerenciar-vendas:detalhe-parcela:modal:adicionar-dados-pagamento"", ""eventAction"": ""interacao:campo"", ""eventLabel"": ""preencheu:data-do-pagamento:data-invalida:$formattedDate""} }","payment_detail_model_tag","","","","granularidade modal",""
"Gestao","Vendas sellout","P2","interaction","na","nao","nao","","sim","na","nao","nao","fundir_pai","fundir_pai","remover","dominio=Vendas sellout > tipo=interaction > callback=nao > revisar_pm=nao > obsoleto=nao > nav_in_app=nao > anti_padrao=nao > fundir_pai=sim > decisao=remover","Interacao em Tela ou modal do app (rota / (ver payment_detail_model_tag))","Acao registrada: interacao:campo / preencheu:valor:valor-invalido:$value","app-rev:gerenciar-vendas:detalhe-parcela:modal:adicionar-dados-pagamento","interacao:campo","preencheu:valor:valor-invalido:$value","{""event"": {""eventCategory"": ""app-rev:gerenciar-vendas:detalhe-parcela:modal:adicionar-dados-pagamento"", ""eventAction"": ""interacao:campo"", ""eventLabel"": ""preencheu:valor:valor-invalido:$value""} }","payment_detail_model_tag","","","","granularidade modal",""
"Gestao","Vendas sellout","lacuna","interaction","sim","nao","nao","","nao","na","nao","sim","nav_lacuna_pageview","lacuna_pageview","remover","dominio=Vendas sellout > tipo=interaction > callback=nao > revisar_pm=nao > obsoleto=nao > nav_in_app=sim > lacuna_pageview=sim > decisao=remover","Interacao em Tela ou modal do app (rota / (ver payment_detail_model_tag))","Toca no botao identificado como ""ir-para-relatorio""","app-rev:gerenciar-vendas:detalhe-parcela:modal:adicionar-dados-pagamento","clique:botao","ir-para-relatorio","{""event"": {""eventCategory"": ""app-rev:gerenciar-vendas:detalhe-parcela:modal:adicionar-dados-pagamento"", ""eventAction"": ""clique:botao"", ""eventLabel"": ""ir-para-relatorio""} }","payment_detail_model_tag","","","","remover clique; implementar pageview em aba financeira SalesReportPage",""
"Gestao","Vendas sellout","P2","interaction","na","nao","sim","show_modal","nao","na","nao","nao","anti_padrao_show_modal","anti_padrao","remover","dominio=Vendas sellout > tipo=interaction > callback=nao > revisar_pm=nao > obsoleto=nao > nav_in_app=nao > anti_padrao=sim:show_modal > decisao=remover","Interacao em Tela ou modal do app (rota / (ver payment_detail_model_tag))","Acao registrada: show:modal / /app-rev/gerenciar-vendas/detalhes-da-venda/modal/add-payment","app-rev:gerenciar-vendas:detalhe-parcela:modal:adicionar-dados-pagamento","show:modal","/app-rev/gerenciar-vendas/detalhes-da-venda/modal/add-payment","{""event"": {""eventCategory"": ""app-rev:gerenciar-vendas:detalhe-parcela:modal:adicionar-dados-pagamento"", ""eventAction"": ""show:modal"", ""eventLabel"": ""/app-rev/gerenciar-vendas/detalhes-da-venda/modal/add-payment""} }","payment_detail_model_tag","","","","P2 show:modal isolado",""
"Gestao","Vendas sellout","P2","interaction","na","nao","nao","","sim","na","nao","nao","fundir_pai","fundir_pai","remover","dominio=Vendas sellout > tipo=interaction > callback=nao > revisar_pm=nao > obsoleto=nao > nav_in_app=nao > anti_padrao=nao > fundir_pai=sim > decisao=remover","Interacao em Tela ou modal do app (rota / (ver payment_detail_model_tag))","Acao registrada: interacao:lista / tipo-pagamento:$type","app-rev:gerenciar-vendas:detalhe-parcela:modal:adicionar-dados-pagamento","interacao:lista","tipo-pagamento:$type","{""event"": {""eventCategory"": ""app-rev:gerenciar-vendas:detalhe-parcela:modal:adicionar-dados-pagamento"", ""eventAction"": ""interacao:lista"", ""eventLabel"": ""tipo-pagamento:$type""} }","payment_detail_model_tag","","","","granularidade modal",""
"Gestao","Estoque RE","P2","interaction","na","nao","nao","","sim","na","nao","nao","fundir_pai","fundir_pai","remover","dominio=Estoque RE > tipo=interaction > callback=nao > revisar_pm=nao > obsoleto=nao > nav_in_app=nao > anti_padrao=nao > fundir_pai=sim > decisao=remover","Interacao em Fluxo de estoque / pronta-entrega","Toca no botao identificado como ""adicionar-ao-estoque:$sku""","app-rev:gestao-estoque:modal","clique:botao","adicionar-ao-estoque:$sku","{""event"": {""eventCategory"": ""app-rev:gestao-estoque:modal"", ""eventAction"": ""clique:botao"", ""eventLabel"": ""adicionar-ao-estoque:$sku""} }","product_already_in_stock_tag","","","","granularidade modal",""
"Gestao","Estoque RE","P2","interaction","na","nao","nao","","sim","na","nao","nao","fundir_pai","fundir_pai","remover","dominio=Estoque RE > tipo=interaction > callback=nao > revisar_pm=nao > obsoleto=nao > nav_in_app=nao > anti_padrao=nao > fundir_pai=sim > decisao=remover","Interacao em Fluxo de estoque / pronta-entrega","Toca no botao identificado como ""fechar:$sku""","app-rev:gestao-estoque:modal","clique:botao","fechar:$sku","{""event"": {""eventCategory"": ""app-rev:gestao-estoque:modal"", ""eventAction"": ""clique:botao"", ""eventLabel"": ""fechar:$sku""} }","product_already_in_stock_tag","","","","granularidade modal",""
"Gestao","Estoque RE","P2","interaction","na","nao","nao","","sim","na","nao","nao","fundir_pai","fundir_pai","remover","dominio=Estoque RE > tipo=interaction > callback=nao > revisar_pm=nao > obsoleto=nao > nav_in_app=nao > anti_padrao=nao > fundir_pai=sim > decisao=remover","Interacao em Fluxo de estoque / pronta-entrega","Toca no botao identificado como ""remover-item:$sku""","app-rev:gestao-estoque:modal","clique:botao","remover-item:$sku","{""event"": {""eventCategory"": ""app-rev:gestao-estoque:modal"", ""eventAction"": ""clique:botao"", ""eventLabel"": ""remover-item:$sku""} }","product_already_in_stock_tag","","","","granularidade modal",""
"Gestao","Estoque RE","P0","screen_view","na","nao","nao","","nao","p0","nao","nao","pageview_ok","pageview_ok","manter","dominio=Estoque RE > tipo=screen_view > callback=nao > revisar_pm=nao > obsoleto=nao > nav_in_app=nao > anti_padrao=nao > fundir_pai=nao > pageview=essencial > essencial=p0 > decisao=manter","Visualizacao de Fluxo de estoque / pronta-entrega","A tela e registrada no analytics (visualizacao de pagina)","","","","{""screen_view"": {""screen_name"": ""/app-rev/gestao-de-estoque/produto-ja-contem-no-estoque""} }","product_already_in_stock_tag","screen_view","","{""client_id"":""[[identificador-unico-usuario]]"",""session_id"":""[[identificador-unico-sessao]]"",""events"":[{""name"":""screen_view"",""params"":{""screen_name"":""/app-rev/gestao-de-estoque/produto-ja-contem-no-estoque"",""cd_page_title"":""Fluxo de estoque / pronta-entrega""}}]}","screen_view ja no padrao GA4 - EVENTOS_ESSENCIAIS_CT","/app-rev/gestao-de-estoque/produto-ja-contem-no-estoque"
"Gestao","Vendas sellout","P2","interaction","na","nao","nao","","sim","na","nao","nao","fundir_pai","fundir_pai","remover","dominio=Vendas sellout > tipo=interaction > callback=nao > revisar_pm=nao > obsoleto=nao > nav_in_app=nao > anti_padrao=nao > fundir_pai=sim > decisao=remover","Interacao em Fluxo de vendas sellout (cadastro, edicao ou cobranca)","Toca no botao identificado como ""ajustar-parcelas""","app-rev:gerenciar-vendas:detalhes-da-venda:modal:venda-atualizada","clique:botao","ajustar-parcelas","{""event"": {""eventCategory"": ""app-rev:gerenciar-vendas:detalhes-da-venda:modal:venda-atualizada"", ""eventAction"": ""clique:botao"", ""eventLabel"": ""ajustar-parcelas""} }","sale_value_updated_tag","","","","granularidade modal",""
"Gestao","Vendas sellout","P2","interaction","na","nao","nao","","sim","na","nao","nao","fundir_pai","fundir_pai","remover","dominio=Vendas sellout > tipo=interaction > callback=nao > revisar_pm=nao > obsoleto=nao > nav_in_app=nao > anti_padrao=nao > fundir_pai=sim > decisao=remover","Interacao em Fluxo de vendas sellout (cadastro, edicao ou cobranca)","Toca no botao identificado como ""ajustar-mais-tarde""","app-rev:gerenciar-vendas:detalhes-da-venda:modal:venda-atualizada","clique:botao","ajustar-mais-tarde","{""event"": {""eventCategory"": ""app-rev:gerenciar-vendas:detalhes-da-venda:modal:venda-atualizada"", ""eventAction"": ""clique:botao"", ""eventLabel"": ""ajustar-mais-tarde""} }","sale_value_updated_tag","","","","granularidade modal",""
"Gestao","Vendas sellout","P0","interaction","na","nao","nao","","nao","p0","nao","nao","essencial_migrar","essencial_p0","migrar","dominio=Vendas sellout > tipo=interaction > callback=nao > revisar_pm=nao > obsoleto=nao > nav_in_app=nao > anti_padrao=nao > fundir_pai=nao > essencial=p0:label KPI P0: ^compartilhar > nao_essencial=nao > decisao=migrar","Interacao em Fluxo de vendas sellout (cadastro, edicao ou cobranca)","Toca no botao: compartilhar Minha Loja Digital","app-rev:gestao:organizar-vendas:vendas-adicionadas","clique:botao","compartilhar-minha-loja-digital","{""event"": {""eventCategory"": ""app-rev:gestao:organizar-vendas:vendas-adicionadas"", ""eventAction"": ""clique:botao"", ""eventLabel"": ""compartilhar-minha-loja-digital""} }","sales_added_successfully_tag","interaction_gestao","click:button-compartilhar-minha-loja-digital","{""client_id"":""[[identificador-unico-usuario]]"",""session_id"":""[[identificador-unico-sessao]]"",""events"":[{""params"":{""cd_interaction_detail"":""click:button-compartilhar-minha-loja-digital""},""name"":""interaction_gestao""}]}","label KPI P0: ^compartilhar",""
"Gestao","Vendas sellout","P2","interaction","sim","nao","nao","","nao","na","nao","nao","nav_duplicada","nav_duplicada","remover","dominio=Vendas sellout > tipo=interaction > callback=nao > revisar_pm=nao > obsoleto=nao > nav_in_app=sim > decisao=remover","Interacao em Fluxo de vendas sellout (cadastro, edicao ou cobranca)","Toca no botao identificado como ""voltar-para-o-inicio""","app-rev:gestao:organizar-vendas:vendas-adicionadas","clique:botao","voltar-para-o-inicio","{""event"": {""eventCategory"": ""app-rev:gestao:organizar-vendas:vendas-adicionadas"", ""eventAction"": ""clique:botao"", ""eventLabel"": ""voltar-para-o-inicio""} }","sales_added_successfully_tag","","","","remover clique navegacao in-app; destino coberto por pageview",""
"Gestao","Vendas sellout","P2","interaction","sim","nao","nao","","nao","na","nao","nao","nav_duplicada","nav_duplicada","remover","dominio=Vendas sellout > tipo=interaction > callback=nao > revisar_pm=nao > obsoleto=nao > nav_in_app=sim > decisao=remover","Interacao em Fluxo de vendas sellout (cadastro, edicao ou cobranca)","Toca no botao identificado como ""voltar-para-detalhes-do-pedido""","app-rev:gestao:organizar-vendas:vendas-adicionadas","clique:botao","voltar-para-detalhes-do-pedido","{""event"": {""eventCategory"": ""app-rev:gestao:organizar-vendas:vendas-adicionadas"", ""eventAction"": ""clique:botao"", ""eventLabel"": ""voltar-para-detalhes-do-pedido""} }","sales_added_successfully_tag","","","","remover clique navegacao in-app; destino coberto por pageview",""
"Gestao","Vendas sellout","P2","interaction","sim","nao","nao","","nao","na","nao","nao","nav_duplicada","nav_duplicada","remover","dominio=Vendas sellout > tipo=interaction > callback=nao > revisar_pm=nao > obsoleto=nao > nav_in_app=sim > decisao=remover","Interacao em Fluxo de vendas sellout (cadastro, edicao ou cobranca)","Toca no botao identificado como ""ir-para-menu-gerenciar-vendas""","app-rev:gestao:organizar-vendas:vendas-adicionadas","clique:botao","ir-para-menu-gerenciar-vendas","{""event"": {""eventCategory"": ""app-rev:gestao:organizar-vendas:vendas-adicionadas"", ""eventAction"": ""clique:botao"", ""eventLabel"": ""ir-para-menu-gerenciar-vendas""} }","sales_added_successfully_tag","","","","remover clique navegacao in-app; destino coberto por pageview",""
"Gestao","Gestao do negocio","P0","interaction","na","nao","nao","","nao","p0","nao","nao","essencial_migrar","essencial_p0","migrar","dominio=Gestao do negocio > tipo=interaction > callback=nao > revisar_pm=nao > obsoleto=nao > nav_in_app=nao > anti_padrao=nao > fundir_pai=nao > essencial=p0:categoria P0: gestao:organizar-vendas > nao_essencial=nao > decisao=migrar","Interacao em Tela ou modal do app (rota / (ver select_products_tag))","Toca no botao identificado como ""selecionar""","app-rev:gestao:organizar-vendas:selecionar-produto","clique:botao","selecionar","{""event"": {""eventCategory"": ""app-rev:gestao:organizar-vendas:selecionar-produto"", ""eventAction"": ""clique:botao"", ""eventLabel"": ""selecionar""} }","select_products_tag","interaction_gestao","click:button-selecionar-produto","{""client_id"":""[[identificador-unico-usuario]]"",""session_id"":""[[identificador-unico-sessao]]"",""events"":[{""name"":""interaction_gestao"",""params"":{""cd_interaction_detail"":""click:button-selecionar-produto""}}]}","categoria P0: gestao:organizar-vendas; contexto de botao generico derivado do slug da categoria",""
"Gestao","Estoque RE","P2","interaction","sim","nao","nao","","nao","na","nao","nao","nav_duplicada","nav_duplicada","remover","dominio=Estoque RE > tipo=interaction > callback=nao > revisar_pm=nao > obsoleto=nao > nav_in_app=sim > decisao=remover","Interacao em Tela ou modal do app (rota / (ver sellin_sellout_succes_tag))","Toca no botao identificado como ""voltar-para-o-inicio""","app-rev:sell-in-sell-out:pronta-entrega-sucesso","clique:botao","voltar-para-o-inicio","{""event"": {""eventCategory"": ""app-rev:sell-in-sell-out:pronta-entrega-sucesso"", ""eventAction"": ""clique:botao"", ""eventLabel"": ""voltar-para-o-inicio""} }","sellin_sellout_succes_tag","","","","remover clique navegacao in-app; destino coberto por pageview",""
"Gestao","Estoque RE","P2","interaction","sim","nao","nao","","nao","na","nao","nao","nav_duplicada","nav_duplicada","remover","dominio=Estoque RE > tipo=interaction > callback=nao > revisar_pm=nao > obsoleto=nao > nav_in_app=sim > decisao=remover","Interacao em Tela ou modal do app (rota / (ver sellin_sellout_succes_tag))","Toca no botao identificado como ""voltar-para-detalhes-do-pedido""","app-rev:sell-in-sell-out:pronta-entrega-sucesso","clique:botao","voltar-para-detalhes-do-pedido","{""event"": {""eventCategory"": ""app-rev:sell-in-sell-out:pronta-entrega-sucesso"", ""eventAction"": ""clique:botao"", ""eventLabel"": ""voltar-para-detalhes-do-pedido""} }","sellin_sellout_succes_tag","","","","remover clique navegacao in-app; destino coberto por pageview",""
"Gestao","Estoque RE","P2","interaction","sim","nao","nao","","nao","na","nao","nao","nav_duplicada","nav_duplicada","remover","dominio=Estoque RE > tipo=interaction > callback=nao > revisar_pm=nao > obsoleto=nao > nav_in_app=sim > decisao=remover","Interacao em Tela ou modal do app (rota / (ver sellin_sellout_succes_tag))","Toca no botao identificado como ""ir-para-pronta-entrega""","app-rev:sell-in-sell-out:pronta-entrega-sucesso","clique:botao","ir-para-pronta-entrega","{""event"": {""eventCategory"": ""app-rev:sell-in-sell-out:pronta-entrega-sucesso"", ""eventAction"": ""clique:botao"", ""eventLabel"": ""ir-para-pronta-entrega""} }","sellin_sellout_succes_tag","","","","remover clique navegacao in-app; destino coberto por pageview",""
"Gestao","Estoque RE","P0","interaction","na","nao","nao","","nao","p0","nao","nao","essencial_migrar","essencial_p0","migrar","dominio=Estoque RE > tipo=interaction > callback=nao > revisar_pm=nao > obsoleto=nao > nav_in_app=nao > anti_padrao=nao > fundir_pai=nao > essencial=p0:label KPI P0: ^compartilhar > nao_essencial=nao > decisao=migrar","Interacao em Tela ou modal do app (rota / (ver sellin_sellout_succes_tag))","Toca no botao: compartilhar Minha Loja Digital","app-rev:sell-in-sell-out:pronta-entrega-sucesso","clique:botao","compartilhar-minha-loja-digital","{""event"": {""eventCategory"": ""app-rev:sell-in-sell-out:pronta-entrega-sucesso"", ""eventAction"": ""clique:botao"", ""eventLabel"": ""compartilhar-minha-loja-digital""} }","sellin_sellout_succes_tag","interaction_gestao","click:button-compartilhar-minha-loja-digital","{""client_id"":""[[identificador-unico-usuario]]"",""session_id"":""[[identificador-unico-sessao]]"",""events"":[{""params"":{""cd_interaction_detail"":""click:button-compartilhar-minha-loja-digital""},""name"":""interaction_gestao""}]}","label KPI P0: ^compartilhar",""
"Gestao","Gestao do negocio","P1","interaction","na","nao","nao","","nao","p1","nao","nao","essencial_migrar","essencial_p1","migrar","dominio=Gestao do negocio > tipo=interaction > callback=nao > revisar_pm=nao > obsoleto=nao > nav_in_app=nao > anti_padrao=nao > fundir_pai=nao > essencial=p1:gestao label P1: adicionar-produto > nao_essencial=nao > decisao=migrar","Interacao em Tela ou modal do app (rota / (ver sellout_sellin_tag))","Toca no botao identificado como ""adicionar-produtos-ao-carrinho""","app-rev:vendas-recebidas","clique:botao","adicionar-produtos-ao-carrinho","{""event"": {""eventCategory"": ""app-rev:vendas-recebidas"", ""eventAction"": ""clique:botao"", ""eventLabel"": ""adicionar-produtos-ao-carrinho""} }","sellout_sellin_tag","interaction_gestao","click:button-adicionar-produtos-ao-carrinho","{""client_id"":""[[identificador-unico-usuario]]"",""session_id"":""[[identificador-unico-sessao]]"",""events"":[{""params"":{""cd_interaction_detail"":""click:button-adicionar-produtos-ao-carrinho""},""name"":""interaction_gestao""}]}","gestao label P1: adicionar-produto",""
"Gestao","Gestao do negocio","P2","interaction","sim","nao","nao","","nao","na","nao","nao","nav_duplicada","nav_duplicada","remover","dominio=Gestao do negocio > tipo=interaction > callback=nao > revisar_pm=nao > obsoleto=nao > nav_in_app=sim > decisao=remover","Interacao em Tela ou modal do app (rota / (ver sellout_sellin_tag))","Toca no botao identificado como ""voltar-para-o-carrinho""","app-rev:vendas-recebidas","clique:botao","voltar-para-o-carrinho","{""event"": {""eventCategory"": ""app-rev:vendas-recebidas"", ""eventAction"": ""clique:botao"", ""eventLabel"": ""voltar-para-o-carrinho""} }","sellout_sellin_tag","","","","remover clique navegacao in-app; destino coberto por pageview",""
"Gestao","Vendas sellout","P1","interaction","na","nao","nao","","nao","p1","nao","nao","essencial_migrar","essencial_p1","migrar","dominio=Vendas sellout > tipo=interaction > callback=nao > revisar_pm=nao > obsoleto=nao > nav_in_app=nao > anti_padrao=nao > fundir_pai=nao > essencial=p1:gestao label P1: adicionar-produto > nao_essencial=nao > decisao=migrar","Interacao em Fluxo de vendas sellout (cadastro, edicao ou cobranca)","Toca no botao identificado como ""adicionar-produto""","app-rev:editar-produto","clique:botao","adicionar-produto","{""event"": {""eventCategory"": ""app-rev:editar-produto"", ""eventAction"": ""clique:botao"", ""eventLabel"": ""adicionar-produto""} }","update_sale_products_tag","interaction_gestao","click:button-adicionar-produto","{""client_id"":""[[identificador-unico-usuario]]"",""session_id"":""[[identificador-unico-sessao]]"",""events"":[{""params"":{""cd_interaction_detail"":""click:button-adicionar-produto""},""name"":""interaction_gestao""}]}","gestao label P1: adicionar-produto",""
"Gestao","Vendas sellout","P2","interaction","na","nao","nao","","nao","nao","nao","nao","fora_mapa_essencial","nao_essencial","remover","dominio=Vendas sellout > tipo=interaction > callback=nao > revisar_pm=nao > obsoleto=nao > nav_in_app=nao > anti_padrao=nao > fundir_pai=nao > essencial=nao:sem match no mapa essencial > nao_essencial=sim > decisao=remover","Interacao em Fluxo de vendas sellout (cadastro, edicao ou cobranca)","Acao registrada: clique:icone / excluir-produto:$sku","app-rev:editar-produto","clique:icone","excluir-produto:$sku","{""event"": {""eventCategory"": ""app-rev:editar-produto"", ""eventAction"": ""clique:icone"", ""eventLabel"": ""excluir-produto:$sku""} }","update_sale_products_tag","","","","icone P2 fora essencial",""
"Gestao","Vendas sellout","P2","interaction","na","nao","nao","","nao","nao","nao","nao","fora_mapa_essencial","nao_essencial","remover","dominio=Vendas sellout > tipo=interaction > callback=nao > revisar_pm=nao > obsoleto=nao > nav_in_app=nao > anti_padrao=nao > fundir_pai=nao > essencial=nao:sem match no mapa essencial > nao_essencial=sim > decisao=remover","Interacao em Fluxo de vendas sellout (cadastro, edicao ou cobranca)","Toca no botao identificado como ""salvar-edicao""","app-rev:editar-produto","clique:botao","salvar-edicao","{""event"": {""eventCategory"": ""app-rev:editar-produto"", ""eventAction"": ""clique:botao"", ""eventLabel"": ""salvar-edicao""} }","update_sale_products_tag","","","","gestao fora mapa essencial",""
"Gestao","Carteira de clientes","P2","interaction","na","nao","nao","","nao","nao","nao","nao","fora_mapa_essencial","nao_essencial","remover","dominio=Carteira de clientes > tipo=interaction > callback=nao > revisar_pm=nao > obsoleto=nao > nav_in_app=nao > anti_padrao=nao > fundir_pai=nao > essencial=nao:sem match no mapa essencial > nao_essencial=sim > decisao=remover","Interacao em Carteira de clientes - cadastro, detalhe, tarefas e indicacoes","Acao na tela: on button click","app-rev:gerenciar-clientes:indicar","","","{""event"": {""eventCategory"": ""app-rev:gerenciar-clientes:indicar"", ""eventAction"": """", ""eventLabel"": """"} }","all_products_showcase_tag","","","","gestao sem match essencial",""
"Gestao","Carteira de clientes","P2","interaction","sim","nao","nao","","nao","na","nao","nao","nav_duplicada","nav_duplicada","remover","dominio=Carteira de clientes > tipo=interaction > callback=nao > revisar_pm=nao > obsoleto=nao > nav_in_app=sim > decisao=remover","Interacao em Carteira de clientes - cadastro, detalhe, tarefas e indicacoes","Toca no botao identificado como ""ver-mais-vitrine-${origin.queryParameter}-de-clientes""","app-rev:$tag","clique:botao","ver-mais-vitrine-${origin.queryParameter}-de-clientes","{""event"": {""eventCategory"": ""app-rev:$tag"", ""eventAction"": ""clique:botao"", ""eventLabel"": ""ver-mais-vitrine-${origin.queryParameter}-de-clientes""} }","customers_showcase_tag","","","","remover clique navegacao in-app; destino coberto por pageview",""
"Gestao","Carteira de clientes","P2","interaction","na","sim","nao","","nao","na","nao","nao","codigo_morto","obsoleto","remover","dominio=Carteira de clientes > tipo=interaction > callback=nao > revisar_pm=nao > obsoleto=sim > decisao=remover","Interacao em Carteira de clientes - cadastro, detalhe, tarefas e indicacoes","Toca no botao identificado como ""ver-mais-indicacoes-vitrine-${origin.queryParameter}-de-clientes""","app-rev:$tag","clique:botao","ver-mais-indicacoes-vitrine-${origin.queryParameter}-de-clientes","{""event"": {""eventCategory"": ""app-rev:$tag"", ""eventAction"": ""clique:botao"", ""eventLabel"": ""ver-mais-indicacoes-vitrine-${origin.queryParameter}-de-clientes""} }","customers_showcase_tag","","","","codigo morto - tag nao dispara na UI",""
"Gestao","Carteira de clientes","P0","interaction","na","nao","nao","","nao","p0","nao","nao","essencial_migrar","essencial_p0","migrar","dominio=Carteira de clientes > tipo=interaction > callback=nao > revisar_pm=nao > obsoleto=nao > nav_in_app=nao > anti_padrao=nao > fundir_pai=nao > essencial=p0:vitrine/divulgacao produto P0 > nao_essencial=nao > decisao=migrar","Interacao em Carteira de clientes - cadastro, detalhe, tarefas e indicacoes","Toca no botao identificado como ""ver-outras-indicacoes""","app-rev:$tag","clique:botao","ver-outras-indicacoes","{""event"": {""eventCategory"": ""app-rev:$tag"", ""eventAction"": ""clique:botao"", ""eventLabel"": ""ver-outras-indicacoes""} }","customers_showcase_tag","interaction_gestao","click:button-ver-outras-indicacoes","{""client_id"":""[[identificador-unico-usuario]]"",""session_id"":""[[identificador-unico-sessao]]"",""events"":[{""params"":{""cd_interaction_detail"":""click:button-ver-outras-indicacoes""},""name"":""interaction_gestao""}]}","vitrine/divulgacao produto P0",""
"Gestao","Carteira de clientes","P0","interaction","na","nao","nao","","nao","p0","nao","nao","essencial_migrar","essencial_p0","migrar","dominio=Carteira de clientes > tipo=interaction > callback=nao > revisar_pm=nao > obsoleto=nao > nav_in_app=nao > anti_padrao=nao > fundir_pai=nao > essencial=p0:vitrine/divulgacao produto P0 > nao_essencial=nao > decisao=migrar","Interacao em Carteira de clientes - cadastro, detalhe, tarefas e indicacoes","Acao na tela: share m l d","app-rev:$tag","","","{""event"": {""eventCategory"": ""app-rev:$tag"", ""eventAction"": """", ""eventLabel"": """"} }","customers_showcase_tag","interaction_gestao","share:button-share-m-l-d","{""client_id"":""[[identificador-unico-usuario]]"",""session_id"":""[[identificador-unico-sessao]]"",""events"":[{""params"":{""cd_interaction_detail"":""share:button-share-m-l-d""},""name"":""interaction_gestao""}]}","vitrine/divulgacao produto P0",""
"Gestao","Carteira de clientes","P0","interaction","na","nao","nao","","nao","p0","nao","nao","essencial_migrar","essencial_p0","migrar","dominio=Carteira de clientes > tipo=interaction > callback=nao > revisar_pm=nao > obsoleto=nao > nav_in_app=nao > anti_padrao=nao > fundir_pai=nao > essencial=p0:vitrine/divulgacao produto P0 > nao_essencial=nao > decisao=migrar","Interacao em Carteira de clientes - cadastro, detalhe, tarefas e indicacoes","Acao na tela: swipe carousel","app-rev:$tag","","","{""event"": {""eventCategory"": ""app-rev:$tag"", ""eventAction"": """", ""eventLabel"": """"} }","customers_showcase_tag","interaction_gestao","swipe:carousel-swipe-carousel","{""client_id"":""[[identificador-unico-usuario]]"",""session_id"":""[[identificador-unico-sessao]]"",""events"":[{""params"":{""cd_interaction_detail"":""swipe:carousel-swipe-carousel""},""name"":""interaction_gestao""}]}","vitrine/divulgacao produto P0",""
"Gestao","Carteira de clientes","P0","interaction","na","nao","nao","","nao","p0","nao","nao","essencial_migrar","essencial_p0","migrar","dominio=Carteira de clientes > tipo=interaction > callback=nao > revisar_pm=nao > obsoleto=nao > nav_in_app=nao > anti_padrao=nao > fundir_pai=nao > essencial=p0:vitrine/divulgacao produto P0 > nao_essencial=nao > decisao=migrar","Interacao em Carteira de clientes - cadastro, detalhe, tarefas e indicacoes","Acao na tela: try fake click p l p","app-rev:$tag","","","{""event"": {""eventCategory"": ""app-rev:$tag"", ""eventAction"": """", ""eventLabel"": """"} }","customers_showcase_tag","interaction_gestao","click:button-try-fake-click-p-l-p","{""client_id"":""[[identificador-unico-usuario]]"",""session_id"":""[[identificador-unico-sessao]]"",""events"":[{""params"":{""cd_interaction_detail"":""click:button-try-fake-click-p-l-p""},""name"":""interaction_gestao""}]}","vitrine/divulgacao produto P0",""
"Gestao","Recomendacao de produtos","P0","interaction","na","nao","nao","","nao","p0","nao","nao","essencial_migrar","essencial_p0","migrar","dominio=Recomendacao de produtos > tipo=interaction > callback=nao > revisar_pm=nao > obsoleto=nao > nav_in_app=nao > anti_padrao=nao > fundir_pai=nao > essencial=p0:vitrine/divulgacao produto P0 > nao_essencial=nao > decisao=migrar","Interacao em Carteira de clientes - cadastro, detalhe, tarefas e indicacoes","Acao na tela: on button click","$_eventCategoryBase:indicar","","","{""event"": {""eventCategory"": ""$_eventCategoryBase:indicar"", ""eventAction"": """", ""eventLabel"": """"} }","promote_products_tag","interaction_gestao","click:button-promote-products","{""client_id"":""[[identificador-unico-usuario]]"",""session_id"":""[[identificador-unico-sessao]]"",""events"":[{""params"":{""cd_interaction_detail"":""click:button-promote-products""},""name"":""interaction_gestao""}]}","vitrine/divulgacao produto P0",""
"Gestao","Recomendacao de produtos","P0","interaction","na","nao","nao","","nao","p0","nao","nao","essencial_migrar","essencial_p0","migrar","dominio=Recomendacao de produtos > tipo=interaction > callback=nao > revisar_pm=nao > obsoleto=nao > nav_in_app=nao > anti_padrao=nao > fundir_pai=nao > essencial=p0:vitrine/divulgacao produto P0 > nao_essencial=nao > decisao=migrar","Interacao em Carteira de clientes - cadastro, detalhe, tarefas e indicacoes","Acao na tela: icon click","$_eventCategoryBase:indicar","","","{""event"": {""eventCategory"": ""$_eventCategoryBase:indicar"", ""eventAction"": """", ""eventLabel"": """"} }","promote_products_tag","interaction_gestao","click:button-icon-click","{""client_id"":""[[identificador-unico-usuario]]"",""session_id"":""[[identificador-unico-sessao]]"",""events"":[{""params"":{""cd_interaction_detail"":""click:button-icon-click""},""name"":""interaction_gestao""}]}","vitrine/divulgacao produto P0",""
"Gestao","Recomendacao de produtos","P0","interaction","na","nao","nao","","nao","p0","nao","nao","essencial_migrar","essencial_p0","migrar","dominio=Recomendacao de produtos > tipo=interaction > callback=nao > revisar_pm=nao > obsoleto=nao > nav_in_app=nao > anti_padrao=nao > fundir_pai=nao > essencial=p0:vitrine/divulgacao produto P0 > nao_essencial=nao > decisao=migrar","Interacao em Carteira de clientes - cadastro, detalhe, tarefas e indicacoes","Acao na tela: list section error","$_eventCategoryBase:indicar","","","{""event"": {""eventCategory"": ""$_eventCategoryBase:indicar"", ""eventAction"": """", ""eventLabel"": """"} }","promote_products_tag","interaction_gestao","view:component-list-section-error","{""client_id"":""[[identificador-unico-usuario]]"",""session_id"":""[[identificador-unico-sessao]]"",""events"":[{""params"":{""cd_interaction_detail"":""view:component-list-section-error""},""name"":""interaction_gestao""}]}","vitrine/divulgacao produto P0",""
"Gestao","Recomendacao de produtos","P0","interaction","na","nao","nao","","nao","p0","nao","nao","essencial_migrar","essencial_p0","migrar","dominio=Recomendacao de produtos > tipo=interaction > callback=nao > revisar_pm=nao > obsoleto=nao > nav_in_app=nao > anti_padrao=nao > fundir_pai=nao > essencial=p0:vitrine/divulgacao produto P0 > nao_essencial=nao > decisao=migrar","Interacao em Carteira de clientes - cadastro, detalhe, tarefas e indicacoes","Acao na tela: more product card click","$_eventCategoryBase:indicar","","","{""event"": {""eventCategory"": ""$_eventCategoryBase:indicar"", ""eventAction"": """", ""eventLabel"": """"} }","promote_products_tag","interaction_gestao","click:button-more-product-card-click","{""client_id"":""[[identificador-unico-usuario]]"",""session_id"":""[[identificador-unico-sessao]]"",""events"":[{""params"":{""cd_interaction_detail"":""click:button-more-product-card-click""},""name"":""interaction_gestao""}]}","vitrine/divulgacao produto P0",""
"Gestao","Recomendacao de produtos","P0","interaction","na","nao","nao","","nao","p0","nao","nao","essencial_migrar","essencial_p0","migrar","dominio=Recomendacao de produtos > tipo=interaction > callback=nao > revisar_pm=nao > obsoleto=nao > nav_in_app=nao > anti_padrao=nao > fundir_pai=nao > essencial=p0:vitrine/divulgacao produto P0 > nao_essencial=nao > decisao=migrar","Interacao em Carteira de clientes - cadastro, detalhe, tarefas e indicacoes","Acao na tela: press churn see more button","$_eventCategoryBase:indicar","","","{""event"": {""eventCategory"": ""$_eventCategoryBase:indicar"", ""eventAction"": """", ""eventLabel"": """"} }","promote_products_tag","interaction_gestao","click:button-press-churn-see-more-button","{""client_id"":""[[identificador-unico-usuario]]"",""session_id"":""[[identificador-unico-sessao]]"",""events"":[{""params"":{""cd_interaction_detail"":""click:button-press-churn-see-more-button""},""name"":""interaction_gestao""}]}","vitrine/divulgacao produto P0",""
"Gestao","Recomendacao de produtos","P0","interaction","na","nao","nao","","nao","p0","nao","nao","essencial_migrar","essencial_p0","migrar","dominio=Recomendacao de produtos > tipo=interaction > callback=nao > revisar_pm=nao > obsoleto=nao > nav_in_app=nao > anti_padrao=nao > fundir_pai=nao > essencial=p0:vitrine/divulgacao produto P0 > nao_essencial=nao > decisao=migrar","Interacao em Carteira de clientes - cadastro, detalhe, tarefas e indicacoes","Acao na tela: product click","$_eventCategoryBase:indicar","","","{""event"": {""eventCategory"": ""$_eventCategoryBase:indicar"", ""eventAction"": """", ""eventLabel"": """"} }","promote_products_tag","interaction_gestao","click:button-product-click","{""client_id"":""[[identificador-unico-usuario]]"",""session_id"":""[[identificador-unico-sessao]]"",""events"":[{""params"":{""cd_interaction_detail"":""click:button-product-click"",""cd_profile_re"":""${resellercategory}""},""name"":""interaction_gestao""}]}","vitrine/divulgacao produto P0; cd_* legado preservados em json_novo.params",""
"Gestao","Recomendacao de produtos","P0","interaction","na","nao","nao","","nao","p0","nao","nao","essencial_migrar","essencial_p0","migrar","dominio=Recomendacao de produtos > tipo=interaction > callback=nao > revisar_pm=nao > obsoleto=nao > nav_in_app=nao > anti_padrao=nao > fundir_pai=nao > essencial=p0:vitrine/divulgacao produto P0 > nao_essencial=nao > decisao=migrar","Interacao em Carteira de clientes - cadastro, detalhe, tarefas e indicacoes","Acao na tela: promote click","$_eventCategoryBase:indicar","","","{""event"": {""eventCategory"": ""$_eventCategoryBase:indicar"", ""eventAction"": """", ""eventLabel"": """"} }","promote_products_tag","interaction_gestao","click:button-promote-click","{""client_id"":""[[identificador-unico-usuario]]"",""session_id"":""[[identificador-unico-sessao]]"",""events"":[{""params"":{""cd_interaction_detail"":""click:button-promote-click"",""cd_profile_re"":""${resellercategory}""},""name"":""interaction_gestao""}]}","vitrine/divulgacao produto P0; cd_* legado preservados em json_novo.params",""
"Gestao","Recomendacao de produtos","P0","interaction","na","nao","nao","","nao","p0","nao","nao","essencial_migrar","essencial_p0","migrar","dominio=Recomendacao de produtos > tipo=interaction > callback=nao > revisar_pm=nao > obsoleto=nao > nav_in_app=nao > anti_padrao=nao > fundir_pai=nao > essencial=p0:vitrine/divulgacao produto P0 > nao_essencial=nao > decisao=migrar","Interacao em Carteira de clientes - cadastro, detalhe, tarefas e indicacoes","Acao na tela: see all recommendations click","$_eventCategoryBase:indicar","","","{""event"": {""eventCategory"": ""$_eventCategoryBase:indicar"", ""eventAction"": """", ""eventLabel"": """"} }","promote_products_tag","interaction_gestao","click:button-see-all-recommendations-click","{""client_id"":""[[identificador-unico-usuario]]"",""session_id"":""[[identificador-unico-sessao]]"",""events"":[{""params"":{""cd_interaction_detail"":""click:button-see-all-recommendations-click""},""name"":""interaction_gestao""}]}","vitrine/divulgacao produto P0",""
"Gestao","Carteira de clientes","P2","interaction","na","nao","nao","","nao","nao","nao","nao","fora_mapa_essencial","nao_essencial","remover","dominio=Carteira de clientes > tipo=interaction > callback=nao > revisar_pm=nao > obsoleto=nao > nav_in_app=nao > anti_padrao=nao > fundir_pai=nao > essencial=nao:sem match no mapa essencial > nao_essencial=sim > decisao=remover","Interacao em Carteira de clientes - cadastro, detalhe, tarefas e indicacoes","Acao na tela: edit button click","app-rev:gerenciar-clientes:proximos-aniversarios","","","{""event"": {""eventCategory"": ""app-rev:gerenciar-clientes:proximos-aniversarios"", ""eventAction"": """", ""eventLabel"": """"} }","birthdays_tag","","","","gestao sem match essencial",""
"Gestao","Carteira de clientes","P2","interaction","na","nao","nao","","nao","nao","nao","nao","fora_mapa_essencial","nao_essencial","remover","dominio=Carteira de clientes > tipo=interaction > callback=nao > revisar_pm=nao > obsoleto=nao > nav_in_app=nao > anti_padrao=nao > fundir_pai=nao > essencial=nao:sem match no mapa essencial > nao_essencial=sim > decisao=remover","Interacao em Carteira de clientes - cadastro, detalhe, tarefas e indicacoes","Acao na tela: icon click","app-rev:gerenciar-clientes:proximos-aniversarios","","","{""event"": {""eventCategory"": ""app-rev:gerenciar-clientes:proximos-aniversarios"", ""eventAction"": """", ""eventLabel"": """"} }","birthdays_tag","","","","gestao sem match essencial",""
"Gestao","Carteira de clientes","P2","interaction","na","nao","nao","","nao","nao","nao","nao","fora_mapa_essencial","nao_essencial","remover","dominio=Carteira de clientes > tipo=interaction > callback=nao > revisar_pm=nao > obsoleto=nao > nav_in_app=nao > anti_padrao=nao > fundir_pai=nao > essencial=nao:sem match no mapa essencial > nao_essencial=sim > decisao=remover","Interacao em Carteira de clientes - cadastro, detalhe, tarefas e indicacoes","Acao na tela: link click","app-rev:gerenciar-clientes:proximos-aniversarios","","","{""event"": {""eventCategory"": ""app-rev:gerenciar-clientes:proximos-aniversarios"", ""eventAction"": """", ""eventLabel"": """"} }","birthdays_tag","","","","gestao sem match essencial",""
"Gestao","Gestao do negocio","P0","screen_view","na","nao","nao","","nao","p0","nao","nao","pageview_ok","pageview_ok","manter","dominio=Gestao do negocio > tipo=screen_view > callback=nao > revisar_pm=nao > obsoleto=nao > nav_in_app=nao > anti_padrao=nao > fundir_pai=nao > pageview=essencial > essencial=p0 > decisao=manter","Visualizacao de Carteira de clientes - cadastro, detalhe, tarefas e indicacoes","A tela e registrada no analytics (visualizacao de pagina)","","","","{""screen_view"": {""screen_name"": ""/app-rev/gerenciar-clientes/proximos-aniversarios-sem-clientes""} }","birthdays_tag","screen_view","","{""client_id"":""[[identificador-unico-usuario]]"",""session_id"":""[[identificador-unico-sessao]]"",""events"":[{""name"":""screen_view"",""params"":{""screen_name"":""/app-rev/gerenciar-clientes/proximos-aniversarios-sem-clientes"",""cd_page_title"":""Carteira de clientes - cadastro, detalhe, tarefas e indicacoes""}}]}","screen_view ja no padrao GA4 - EVENTOS_ESSENCIAIS_CT","/app-rev/gerenciar-clientes/proximos-aniversarios-sem-clientes"
"Gestao","Carteira de clientes","P2","interaction","na","nao","nao","","nao","nao","nao","nao","fora_mapa_essencial","nao_essencial","remover","dominio=Carteira de clientes > tipo=interaction > callback=nao > revisar_pm=nao > obsoleto=nao > nav_in_app=nao > anti_padrao=nao > fundir_pai=nao > essencial=nao:sem match no mapa essencial > nao_essencial=sim > decisao=remover","Interacao em Carteira de clientes - cadastro, detalhe, tarefas e indicacoes","Acao na tela: toast","app-rev:gerenciar-clientes:proximos-aniversarios","","","{""event"": {""eventCategory"": ""app-rev:gerenciar-clientes:proximos-aniversarios"", ""eventAction"": """", ""eventLabel"": """"} }","birthdays_tag","","","","gestao sem match essencial",""
"Gestao","Carteira de clientes","P2","interaction","na","nao","nao","","nao","nao","nao","nao","fora_mapa_essencial","nao_essencial","remover","dominio=Carteira de clientes > tipo=interaction > callback=nao > revisar_pm=nao > obsoleto=nao > nav_in_app=nao > anti_padrao=nao > fundir_pai=nao > essencial=nao:sem match no mapa essencial > nao_essencial=sim > decisao=remover","Interacao em Carteira de clientes - cadastro, detalhe, tarefas e indicacoes","Acao na tela: button click","app-rev:gerenciar-clientes:detalhes","","","{""event"": {""eventCategory"": ""app-rev:gerenciar-clientes:detalhes"", ""eventAction"": """", ""eventLabel"": """"} }","customer_details_tag","","","","gestao sem match essencial",""
"Gestao","Carteira de clientes","P2","interaction","na","nao","nao","","nao","nao","nao","nao","fora_mapa_essencial","nao_essencial","remover","dominio=Carteira de clientes > tipo=interaction > callback=nao > revisar_pm=nao > obsoleto=nao > nav_in_app=nao > anti_padrao=nao > fundir_pai=nao > essencial=nao:sem match no mapa essencial > nao_essencial=sim > decisao=remover","Interacao em Carteira de clientes - cadastro, detalhe, tarefas e indicacoes","Acao na tela: callback","app-rev:gerenciar-clientes:detalhes","","","{""event"": {""eventCategory"": ""app-rev:gerenciar-clientes:detalhes"", ""eventAction"": """", ""eventLabel"": """"} }","customer_details_tag","","","","gestao sem match essencial",""
"Gestao","Carteira de clientes","P2","interaction","na","nao","nao","","nao","nao","nao","nao","fora_mapa_essencial","nao_essencial","remover","dominio=Carteira de clientes > tipo=interaction > callback=nao > revisar_pm=nao > obsoleto=nao > nav_in_app=nao > anti_padrao=nao > fundir_pai=nao > essencial=nao:sem match no mapa essencial > nao_essencial=sim > decisao=remover","Interacao em Carteira de clientes - cadastro, detalhe, tarefas e indicacoes","Acao na tela: callback error","app-rev:gerenciar-clientes:detalhes","","","{""event"": {""eventCategory"": ""app-rev:gerenciar-clientes:detalhes"", ""eventAction"": """", ""eventLabel"": """"} }","customer_details_tag","","","","gestao sem match essencial",""
"Gestao","Carteira de clientes","P2","interaction","na","nao","nao","","nao","nao","nao","nao","fora_mapa_essencial","nao_essencial","remover","dominio=Carteira de clientes > tipo=interaction > callback=nao > revisar_pm=nao > obsoleto=nao > nav_in_app=nao > anti_padrao=nao > fundir_pai=nao > essencial=nao:sem match no mapa essencial > nao_essencial=sim > decisao=remover","Interacao em Carteira de clientes - cadastro, detalhe, tarefas e indicacoes","Acao na tela: icon click","app-rev:gerenciar-clientes:detalhes","","","{""event"": {""eventCategory"": ""app-rev:gerenciar-clientes:detalhes"", ""eventAction"": """", ""eventLabel"": """"} }","customer_details_tag","","","","gestao sem match essencial",""
"Gestao","Carteira de clientes","P2","interaction","na","nao","nao","","nao","nao","nao","nao","fora_mapa_essencial","nao_essencial","remover","dominio=Carteira de clientes > tipo=interaction > callback=nao > revisar_pm=nao > obsoleto=nao > nav_in_app=nao > anti_padrao=nao > fundir_pai=nao > essencial=nao:sem match no mapa essencial > nao_essencial=sim > decisao=remover","Interacao em Carteira de clientes - cadastro, detalhe, tarefas e indicacoes","Acao na tela: notes callback","app-rev:gerenciar-clientes:detalhes","","","{""event"": {""eventCategory"": ""app-rev:gerenciar-clientes:detalhes"", ""eventAction"": """", ""eventLabel"": """"} }","customer_details_tag","","","","gestao sem match essencial",""
"Gestao","Carteira de clientes","P2","interaction","na","nao","nao","","nao","nao","nao","nao","fora_mapa_essencial","nao_essencial","remover","dominio=Carteira de clientes > tipo=interaction > callback=nao > revisar_pm=nao > obsoleto=nao > nav_in_app=nao > anti_padrao=nao > fundir_pai=nao > essencial=nao:sem match no mapa essencial > nao_essencial=sim > decisao=remover","Interacao em Carteira de clientes - cadastro, detalhe, tarefas e indicacoes","Acao na tela: sale summary tooltip","app-rev:gerenciar-clientes:detalhes","","","{""event"": {""eventCategory"": ""app-rev:gerenciar-clientes:detalhes"", ""eventAction"": """", ""eventLabel"": """"} }","customer_details_tag","","","","gestao sem match essencial",""
"Gestao","Carteira de clientes","P2","interaction","na","nao","nao","","nao","nao","nao","nao","fora_mapa_essencial","nao_essencial","remover","dominio=Carteira de clientes > tipo=interaction > callback=nao > revisar_pm=nao > obsoleto=nao > nav_in_app=nao > anti_padrao=nao > fundir_pai=nao > essencial=nao:sem match no mapa essencial > nao_essencial=sim > decisao=remover","Interacao em Carteira de clientes - cadastro, detalhe, tarefas e indicacoes","Acao na tela: tab change","app-rev:gerenciar-clientes:detalhes","","","{""event"": {""eventCategory"": ""app-rev:gerenciar-clientes:detalhes"", ""eventAction"": """", ""eventLabel"": """"} }","customer_details_tag","","","","gestao sem match essencial",""
"Gestao","Gestao do negocio","P1","interaction","na","nao","nao","","nao","p1","nao","nao","essencial_migrar","essencial_p1","migrar","dominio=Gestao do negocio > tipo=interaction > callback=nao > revisar_pm=nao > obsoleto=nao > nav_in_app=nao > anti_padrao=nao > fundir_pai=nao > essencial=nao:sem match no mapa essencial > nao_essencial=nao > decisao=migrar","Interacao em Carteira de clientes - cadastro, detalhe, tarefas e indicacoes","Acao na tela: button click","","","","{""event"": {""eventCategory"": """", ""eventAction"": """", ""eventLabel"": """"} }","financial_details_tag","interaction_gestao","click:button-button-click","{""client_id"":""[[identificador-unico-usuario]]"",""session_id"":""[[identificador-unico-sessao]]"",""events"":[{""params"":{""cd_interaction_detail"":""click:button-button-click""},""name"":""interaction_gestao""}]}","sem match no mapa essencial",""
"Gestao","Gestao do negocio","P1","interaction","na","nao","nao","","nao","p1","nao","nao","essencial_migrar","essencial_p1","migrar","dominio=Gestao do negocio > tipo=interaction > callback=nao > revisar_pm=nao > obsoleto=nao > nav_in_app=nao > anti_padrao=nao > fundir_pai=nao > essencial=nao:sem match no mapa essencial > nao_essencial=nao > decisao=migrar","Interacao em Carteira de clientes - cadastro, detalhe, tarefas e indicacoes","Acao na tela: financial summary tooltip","","","","{""event"": {""eventCategory"": """", ""eventAction"": """", ""eventLabel"": """"} }","financial_details_tag","interaction_gestao","click:button-financial-summary-tooltip","{""client_id"":""[[identificador-unico-usuario]]"",""session_id"":""[[identificador-unico-sessao]]"",""events"":[{""params"":{""cd_interaction_detail"":""click:button-financial-summary-tooltip""},""name"":""interaction_gestao""}]}","sem match no mapa essencial",""
"Gestao","Gestao do negocio","P1","interaction","na","nao","nao","","nao","p1","nao","nao","essencial_migrar","essencial_p1","migrar","dominio=Gestao do negocio > tipo=interaction > callback=nao > revisar_pm=nao > obsoleto=nao > nav_in_app=nao > anti_padrao=nao > fundir_pai=nao > essencial=nao:sem match no mapa essencial > nao_essencial=nao > decisao=migrar","Interacao em Carteira de clientes - cadastro, detalhe, tarefas e indicacoes","Acao na tela: sale summary tooltip","","","","{""event"": {""eventCategory"": """", ""eventAction"": """", ""eventLabel"": """"} }","financial_details_tag","interaction_gestao","click:button-sale-summary-tooltip","{""client_id"":""[[identificador-unico-usuario]]"",""session_id"":""[[identificador-unico-sessao]]"",""events"":[{""params"":{""cd_interaction_detail"":""click:button-sale-summary-tooltip""},""name"":""interaction_gestao""}]}","sem match no mapa essencial",""
"Gestao","Carteira de clientes","P2","interaction","na","nao","nao","","nao","nao","nao","nao","fora_mapa_essencial","nao_essencial","remover","dominio=Carteira de clientes > tipo=interaction > callback=nao > revisar_pm=nao > obsoleto=nao > nav_in_app=nao > anti_padrao=nao > fundir_pai=nao > essencial=nao:sem match no mapa essencial > nao_essencial=sim > decisao=remover","Interacao em Carteira de clientes - cadastro, detalhe, tarefas e indicacoes","Acao na tela: button click","app-rev:gerenciar-clientes:anotacao","","","{""event"": {""eventCategory"": ""app-rev:gerenciar-clientes:anotacao"", ""eventAction"": """", ""eventLabel"": """"} }","notes_tag","","","","gestao sem match essencial",""
"Gestao","Carteira de clientes","P2","interaction","na","nao","nao","","nao","nao","nao","nao","fora_mapa_essencial","nao_essencial","remover","dominio=Carteira de clientes > tipo=interaction > callback=nao > revisar_pm=nao > obsoleto=nao > nav_in_app=nao > anti_padrao=nao > fundir_pai=nao > essencial=nao:sem match no mapa essencial > nao_essencial=sim > decisao=remover","Interacao em Carteira de clientes - cadastro, detalhe, tarefas e indicacoes","Acao na tela: callback","app-rev:gerenciar-clientes:anotacao","","","{""event"": {""eventCategory"": ""app-rev:gerenciar-clientes:anotacao"", ""eventAction"": """", ""eventLabel"": """"} }","notes_tag","","","","gestao sem match essencial",""
"Gestao","Carteira de clientes","P2","interaction","na","nao","nao","","nao","nao","nao","nao","fora_mapa_essencial","nao_essencial","remover","dominio=Carteira de clientes > tipo=interaction > callback=nao > revisar_pm=nao > obsoleto=nao > nav_in_app=nao > anti_padrao=nao > fundir_pai=nao > essencial=nao:sem match no mapa essencial > nao_essencial=sim > decisao=remover","Interacao em Carteira de clientes - cadastro, detalhe, tarefas e indicacoes","Acao na tela: view modal click","app-rev:gerenciar-clientes:anotacao","","","{""event"": {""eventCategory"": ""app-rev:gerenciar-clientes:anotacao"", ""eventAction"": """", ""eventLabel"": """"} }","notes_tag","","","","gestao sem match essencial",""
"Gestao","Carteira de clientes","P2","interaction","na","nao","nao","","nao","nao","nao","nao","fora_mapa_essencial","nao_essencial","remover","dominio=Carteira de clientes > tipo=interaction > callback=nao > revisar_pm=nao > obsoleto=nao > nav_in_app=nao > anti_padrao=nao > fundir_pai=nao > essencial=nao:sem match no mapa essencial > nao_essencial=sim > decisao=remover","Interacao em Carteira de clientes - cadastro, detalhe, tarefas e indicacoes","Acao na tela: on icon click","app-rev:gerenciar-clientes:conquistar-cf:","","","{""event"": {""eventCategory"": ""app-rev:gerenciar-clientes:conquistar-cf:"", ""eventAction"": """", ""eventLabel"": """"} }","conquer_customers_page_tag","","","","gestao sem match essencial",""
"Gestao","Carteira de clientes","P0","screen_view","na","nao","nao","","nao","p0","nao","nao","pageview_ok","pageview_ok","manter","dominio=Carteira de clientes > tipo=screen_view > callback=nao > revisar_pm=nao > obsoleto=nao > nav_in_app=nao > anti_padrao=nao > fundir_pai=nao > pageview=essencial > essencial=p0 > decisao=manter","Visualizacao de Carteira de clientes - cadastro, detalhe, tarefas e indicacoes","A tela de compartilhar produto e exibida (screen view)","","","","{""screen_view"": {""screen_name"": ""/app-rev/gerenciar-clientes/conquistar-cf/$screen""} }","conquer_customers_page_tag","screen_view","","{""client_id"":""[[identificador-unico-usuario]]"",""session_id"":""[[identificador-unico-sessao]]"",""events"":[{""name"":""screen_view"",""params"":{""screen_name"":""/app-rev/gerenciar-clientes/conquistar-cf/$screen"",""cd_page_title"":""${screen}""}}]}","screen_view ja no padrao GA4 - EVENTOS_ESSENCIAIS_CT","/app-rev/gerenciar-clientes/conquistar-cf/$screen"
"Gestao","Carteira de clientes","P2","interaction","na","nao","nao","","nao","nao","nao","nao","fora_mapa_essencial","nao_essencial","remover","dominio=Carteira de clientes > tipo=interaction > callback=nao > revisar_pm=nao > obsoleto=nao > nav_in_app=nao > anti_padrao=nao > fundir_pai=nao > essencial=nao:sem match no mapa essencial > nao_essencial=sim > decisao=remover","Interacao em Carteira de clientes - cadastro, detalhe, tarefas e indicacoes","Acao na tela: call back add","app-rev:agenda","","","{""event"": {""eventCategory"": ""app-rev:agenda"", ""eventAction"": """", ""eventLabel"": """"} }","contacts_tag","","","","gestao sem match essencial",""
"Gestao","Carteira de clientes","P2","interaction","na","nao","nao","","nao","nao","nao","nao","fora_mapa_essencial","nao_essencial","remover","dominio=Carteira de clientes > tipo=interaction > callback=nao > revisar_pm=nao > obsoleto=nao > nav_in_app=nao > anti_padrao=nao > fundir_pai=nao > essencial=nao:sem match no mapa essencial > nao_essencial=sim > decisao=remover","Interacao em Carteira de clientes - cadastro, detalhe, tarefas e indicacoes","Acao na tela: call back edit","app-rev:agenda","","","{""event"": {""eventCategory"": ""app-rev:agenda"", ""eventAction"": """", ""eventLabel"": """"} }","contacts_tag","","","","gestao sem match essencial",""
"Gestao","Carteira de clientes","P2","interaction","na","nao","nao","","nao","nao","nao","nao","fora_mapa_essencial","nao_essencial","remover","dominio=Carteira de clientes > tipo=interaction > callback=nao > revisar_pm=nao > obsoleto=nao > nav_in_app=nao > anti_padrao=nao > fundir_pai=nao > essencial=nao:sem match no mapa essencial > nao_essencial=sim > decisao=remover","Interacao em Carteira de clientes - cadastro, detalhe, tarefas e indicacoes","Acao na tela: icon click","app-rev:agenda","","","{""event"": {""eventCategory"": ""app-rev:agenda"", ""eventAction"": """", ""eventLabel"": """"} }","contacts_tag","","","","gestao sem match essencial",""
"Gestao","Carteira de clientes","P2","interaction","na","nao","nao","","nao","nao","nao","nao","fora_mapa_essencial","nao_essencial","remover","dominio=Carteira de clientes > tipo=interaction > callback=nao > revisar_pm=nao > obsoleto=nao > nav_in_app=nao > anti_padrao=nao > fundir_pai=nao > essencial=nao:sem match no mapa essencial > nao_essencial=sim > decisao=remover","Interacao em Carteira de clientes - cadastro, detalhe, tarefas e indicacoes","Acao na tela: call back empty search","app-rev:gerenciar-clientes:meus-clientes","","","{""event"": {""eventCategory"": ""app-rev:gerenciar-clientes:meus-clientes"", ""eventAction"": """", ""eventLabel"": """"} }","customer_list_tag","","","","gestao sem match essencial",""
"Gestao","Carteira de clientes","P2","interaction","na","nao","nao","","nao","nao","nao","nao","fora_mapa_essencial","nao_essencial","remover","dominio=Carteira de clientes > tipo=interaction > callback=nao > revisar_pm=nao > obsoleto=nao > nav_in_app=nao > anti_padrao=nao > fundir_pai=nao > essencial=nao:sem match no mapa essencial > nao_essencial=sim > decisao=remover","Interacao em Carteira de clientes - cadastro, detalhe, tarefas e indicacoes","Acao na tela: call back search","app-rev:gerenciar-clientes:meus-clientes","","","{""event"": {""eventCategory"": ""app-rev:gerenciar-clientes:meus-clientes"", ""eventAction"": """", ""eventLabel"": """"} }","customer_list_tag","","","","gestao sem match essencial",""
"Gestao","Carteira de clientes","P0","screen_view","na","nao","nao","","nao","p0","nao","nao","pageview_ok","pageview_ok","manter","dominio=Carteira de clientes > tipo=screen_view > callback=nao > revisar_pm=nao > obsoleto=nao > nav_in_app=nao > anti_padrao=nao > fundir_pai=nao > pageview=essencial > essencial=p0 > decisao=manter","Visualizacao de Carteira de clientes - cadastro, detalhe, tarefas e indicacoes","A tela e registrada no analytics (visualizacao de pagina)","","","","{""screen_view"": {""screen_name"": ""/app-rev/gerenciar-clientes/meus-clientes""} }","customer_list_tag","screen_view","","{""client_id"":""[[identificador-unico-usuario]]"",""session_id"":""[[identificador-unico-sessao]]"",""events"":[{""name"":""screen_view"",""params"":{""screen_name"":""/app-rev/gerenciar-clientes/meus-clientes"",""cd_page_title"":""Carteira de clientes - cadastro, detalhe, tarefas e indicacoes""}}]}","screen_view ja no padrao GA4 - EVENTOS_ESSENCIAIS_CT","/app-rev/gerenciar-clientes/meus-clientes"
"Gestao","Carteira de clientes","P0","screen_view","na","nao","nao","","nao","p0","nao","nao","pageview_ok","pageview_ok","manter","dominio=Carteira de clientes > tipo=screen_view > callback=nao > revisar_pm=nao > obsoleto=nao > nav_in_app=nao > anti_padrao=nao > fundir_pai=nao > pageview=essencial > essencial=p0 > decisao=manter","Visualizacao de Carteira de clientes - cadastro, detalhe, tarefas e indicacoes","A tela e registrada no analytics (visualizacao de pagina)","","","","{""screen_view"": {""screen_name"": ""/app-rev/gerenciar-clientes/meus-clientes/filtros""} }","customers_filter_tag","screen_view","","{""client_id"":""[[identificador-unico-usuario]]"",""session_id"":""[[identificador-unico-sessao]]"",""events"":[{""name"":""screen_view"",""params"":{""screen_name"":""/app-rev/gerenciar-clientes/meus-clientes/filtros"",""cd_page_title"":""Carteira de clientes - cadastro, detalhe, tarefas e indicacoes""}}]}","screen_view ja no padrao GA4 - EVENTOS_ESSENCIAIS_CT","/app-rev/gerenciar-clientes/meus-clientes/filtros"
"Gestao","Carteira de clientes","P2","interaction","na","nao","nao","","nao","nao","nao","nao","fora_mapa_essencial","nao_essencial","remover","dominio=Carteira de clientes > tipo=interaction > callback=nao > revisar_pm=nao > obsoleto=nao > nav_in_app=nao > anti_padrao=nao > fundir_pai=nao > essencial=nao:sem match no mapa essencial > nao_essencial=sim > decisao=remover","Interacao em Carteira de clientes - cadastro, detalhe, tarefas e indicacoes","Acao na tela: button click","app-rev:gerenciar-clientes:vendas","","","{""event"": {""eventCategory"": ""app-rev:gerenciar-clientes:vendas"", ""eventAction"": """", ""eventLabel"": """"} }","customer_orders_tag","","","","gestao sem match essencial",""
"Gestao","Carteira de clientes","P2","interaction","na","nao","nao","","nao","nao","nao","nao","fora_mapa_essencial","nao_essencial","remover","dominio=Carteira de clientes > tipo=interaction > callback=nao > revisar_pm=nao > obsoleto=nao > nav_in_app=nao > anti_padrao=nao > fundir_pai=nao > essencial=nao:sem match no mapa essencial > nao_essencial=sim > decisao=remover","Interacao em Carteira de clientes - cadastro, detalhe, tarefas e indicacoes","Acao na tela: sale summary tooltip","app-rev:gerenciar-clientes:vendas","","","{""event"": {""eventCategory"": ""app-rev:gerenciar-clientes:vendas"", ""eventAction"": """", ""eventLabel"": """"} }","customer_orders_tag","","","","gestao sem match essencial",""
"Gestao","Carteira de clientes","P0","screen_view","na","nao","nao","","nao","p0","nao","nao","pageview_ok","pageview_ok","manter","dominio=Carteira de clientes > tipo=screen_view > callback=nao > revisar_pm=nao > obsoleto=nao > nav_in_app=nao > anti_padrao=nao > fundir_pai=nao > pageview=essencial > essencial=p0 > decisao=manter","Visualizacao de Carteira de clientes - cadastro, detalhe, tarefas e indicacoes","A tela e registrada no analytics (visualizacao de pagina)","","","","{""screen_view"": {""screen_name"": ""$_pageViewPath-vazio""} }","customer_orders_tag","screen_view","","{""client_id"":""[[identificador-unico-usuario]]"",""session_id"":""[[identificador-unico-sessao]]"",""events"":[{""name"":""screen_view"",""params"":{""screen_name"":""$_pageViewPath-vazio"",""cd_page_title"":""Pedidos do cliente - vazio""}}]}","screen_view ja no padrao GA4 - EVENTOS_ESSENCIAIS_CT","$_pageViewPath-vazio"
"Gestao","Carteira de clientes","P0","screen_view","na","nao","nao","","nao","p0","nao","nao","pageview_ok","pageview_ok","manter","dominio=Carteira de clientes > tipo=screen_view > callback=nao > revisar_pm=nao > obsoleto=nao > nav_in_app=nao > anti_padrao=nao > fundir_pai=nao > pageview=essencial > essencial=p0 > decisao=manter","Visualizacao de Carteira de clientes - cadastro, detalhe, tarefas e indicacoes","A tela e registrada no analytics (visualizacao de pagina)","","","","{""screen_view"": {""screen_name"": ""$_pageViewPath-erro""} }","customer_orders_tag","screen_view","","{""client_id"":""[[identificador-unico-usuario]]"",""session_id"":""[[identificador-unico-sessao]]"",""events"":[{""name"":""screen_view"",""params"":{""screen_name"":""$_pageViewPath-erro"",""cd_page_title"":""Pedidos do cliente - erro""}}]}","screen_view ja no padrao GA4 - EVENTOS_ESSENCIAIS_CT","$_pageViewPath-erro"
"Gestao","Carteira de clientes","P2","interaction","na","nao","nao","","nao","nao","nao","nao","fora_mapa_essencial","nao_essencial","remover","dominio=Carteira de clientes > tipo=interaction > callback=nao > revisar_pm=nao > obsoleto=nao > nav_in_app=nao > anti_padrao=nao > fundir_pai=nao > essencial=nao:sem match no mapa essencial > nao_essencial=sim > decisao=remover","Interacao em Carteira de clientes - cadastro, detalhe, tarefas e indicacoes","Acao na tela: tooltip click","app-rev:gerenciar-clientes:vendas","","","{""event"": {""eventCategory"": ""app-rev:gerenciar-clientes:vendas"", ""eventAction"": """", ""eventLabel"": """"} }","customer_orders_tag","","","","gestao sem match essencial",""
"Gestao","Carteira de clientes","P2","interaction","na","nao","nao","","nao","nao","nao","nao","fora_mapa_essencial","nao_essencial","remover","dominio=Carteira de clientes > tipo=interaction > callback=nao > revisar_pm=nao > obsoleto=nao > nav_in_app=nao > anti_padrao=nao > fundir_pai=nao > essencial=nao:sem match no mapa essencial > nao_essencial=sim > decisao=remover","Interacao em Carteira de clientes - cadastro, detalhe, tarefas e indicacoes","Acao na tela: on button click","app-rev:gerenciar-clientes:detalhes:excluir-cf","","","{""event"": {""eventCategory"": ""app-rev:gerenciar-clientes:detalhes:excluir-cf"", ""eventAction"": """", ""eventLabel"": """"} }","customer_successful_deleted_page_tag","","","","gestao sem match essencial",""
"Gestao","Carteira de clientes","P2","interaction","na","nao","nao","","nao","nao","nao","nao","fora_mapa_essencial","nao_essencial","remover","dominio=Carteira de clientes > tipo=interaction > callback=nao > revisar_pm=nao > obsoleto=nao > nav_in_app=nao > anti_padrao=nao > fundir_pai=nao > essencial=nao:sem match no mapa essencial > nao_essencial=sim > decisao=remover","Interacao em Carteira de clientes - cadastro, detalhe, tarefas e indicacoes","Acao na tela: on button click","app-rev:gerenciar-clientes:detalhes:excluir-cf","","","{""event"": {""eventCategory"": ""app-rev:gerenciar-clientes:detalhes:excluir-cf"", ""eventAction"": """", ""eventLabel"": """"} }","delete_customer_confirmation_modal_tag","","","","gestao sem match essencial",""
"Gestao","Carteira de clientes","P2","interaction","na","nao","nao","","nao","nao","nao","nao","fora_mapa_essencial","nao_essencial","remover","dominio=Carteira de clientes > tipo=interaction > callback=nao > revisar_pm=nao > obsoleto=nao > nav_in_app=nao > anti_padrao=nao > fundir_pai=nao > essencial=nao:sem match no mapa essencial > nao_essencial=sim > decisao=remover","Interacao em Carteira de clientes - cadastro, detalhe, tarefas e indicacoes","Acao na tela: on button click","app-rev:gerenciar-clientes/detalhes/excluir-cf","","","{""event"": {""eventCategory"": ""app-rev:gerenciar-clientes/detalhes/excluir-cf"", ""eventAction"": """", ""eventLabel"": """"} }","delete_customer_page_tag","","","","gestao sem match essencial",""
"Gestao","Gestao do negocio","P2","interaction","na","nao","nao","","nao","nao","nao","nao","fora_mapa_essencial","nao_essencial","remover","dominio=Gestao do negocio > tipo=interaction > callback=nao > revisar_pm=nao > obsoleto=nao > nav_in_app=nao > anti_padrao=nao > fundir_pai=nao > essencial=nao:sem match no mapa essencial > nao_essencial=sim > decisao=remover","Interacao em Carteira de clientes - cadastro, detalhe, tarefas e indicacoes","Acao na tela: button click","app-rev:agenda:selecionar-contato","","","{""event"": {""eventCategory"": ""app-rev:agenda:selecionar-contato"", ""eventAction"": """", ""eventLabel"": """"} }","select_contact_tag","","","","gestao sem match essencial",""
"Gestao","Gestao do negocio","P2","interaction","na","nao","nao","","nao","nao","nao","nao","fora_mapa_essencial","nao_essencial","remover","dominio=Gestao do negocio > tipo=interaction > callback=nao > revisar_pm=nao > obsoleto=nao > nav_in_app=nao > anti_padrao=nao > fundir_pai=nao > essencial=nao:sem match no mapa essencial > nao_essencial=sim > decisao=remover","Interacao em Carteira de clientes - cadastro, detalhe, tarefas e indicacoes","Acao na tela: field click","app-rev:agenda:selecionar-contato","","","{""event"": {""eventCategory"": ""app-rev:agenda:selecionar-contato"", ""eventAction"": """", ""eventLabel"": """"} }","select_contact_tag","","","","gestao sem match essencial",""
"Gestao","Gestao do negocio","P0","screen_view","na","nao","nao","","nao","p0","nao","nao","pageview_ok","pageview_ok","manter","dominio=Gestao do negocio > tipo=screen_view > callback=nao > revisar_pm=nao > obsoleto=nao > nav_in_app=nao > anti_padrao=nao > fundir_pai=nao > pageview=essencial > essencial=p0 > decisao=manter","Visualizacao de Carteira de clientes - cadastro, detalhe, tarefas e indicacoes","A tela de compartilhar produto e exibida (screen view)","","","","{""screen_view"": {""screen_name"": ""$_screenBase/$screen""} }","select_contact_tag","screen_view","","{""client_id"":""[[identificador-unico-usuario]]"",""session_id"":""[[identificador-unico-sessao]]"",""events"":[{""name"":""screen_view"",""params"":{""screen_name"":""$_screenBase/$screen"",""cd_page_title"":""${screen}""}}]}","screen_view ja no padrao GA4 - EVENTOS_ESSENCIAIS_CT","$_screenBase/$screen"
"Gestao","Gestao do negocio","P0","screen_view","na","nao","nao","","nao","p0","nao","nao","pageview_ok","pageview_ok","manter","dominio=Gestao do negocio > tipo=screen_view > callback=nao > revisar_pm=nao > obsoleto=nao > nav_in_app=nao > anti_padrao=nao > fundir_pai=nao > pageview=essencial > essencial=p0 > decisao=manter","Visualizacao de Carteira de clientes - cadastro, detalhe, tarefas e indicacoes","A tela de compartilhar produto e exibida (screen view)","","","","{""screen_view"": {""screen_name"": ""app-rev/gerenciar-clientes/compartilhar-catalogos""} }","share_catalogs_tag","screen_view","","{""client_id"":""[[identificador-unico-usuario]]"",""session_id"":""[[identificador-unico-sessao]]"",""events"":[{""name"":""screen_view"",""params"":{""screen_name"":""app-rev/gerenciar-clientes/compartilhar-catalogos"",""cd_page_title"":""Carteira de clientes - cadastro, detalhe, tarefas e indicacoes""}}]}","screen_view ja no padrao GA4 - EVENTOS_ESSENCIAIS_CT","app-rev/gerenciar-clientes/compartilhar-catalogos"
"Gestao","Gestao do negocio","P2","interaction","na","nao","nao","","nao","nao","nao","nao","fora_mapa_essencial","nao_essencial","remover","dominio=Gestao do negocio > tipo=interaction > callback=nao > revisar_pm=nao > obsoleto=nao > nav_in_app=nao > anti_padrao=nao > fundir_pai=nao > essencial=nao:sem match no mapa essencial > nao_essencial=sim > decisao=remover","Interacao em Hub Gestao - resumo do negocio e atalhos","Toca no botao identificado como ""clique-feedback-hub""","app-rev:gestao-de-negocio","clique:botao","clique-feedback-hub","{""event"": {""eventCategory"": ""app-rev:gestao-de-negocio"", ""eventAction"": ""clique:botao"", ""eventLabel"": ""clique-feedback-hub""} }","hub_tag","","","","hub/relatorio - PV no destino basta",""
"Gestao","Gestao do negocio","P0","interaction","na","nao","nao","","nao","p0","nao","nao","essencial_migrar","essencial_p0","migrar","dominio=Gestao do negocio > tipo=interaction > callback=nao > revisar_pm=nao > obsoleto=nao > nav_in_app=nao > anti_padrao=nao > fundir_pai=nao > essencial=p0:label KPI P0: pronta-entrega > nao_essencial=nao > decisao=migrar","Interacao em Hub Gestao - resumo do negocio e atalhos","Toca no botao identificado como ""adicionar-pronta-entrega-sellin:sem-venda""","app-rev:gestao-de-negocio","clique:botao","adicionar-pronta-entrega-sellin:sem-venda","{""event"": {""eventCategory"": ""app-rev:gestao-de-negocio"", ""eventAction"": ""clique:botao"", ""eventLabel"": ""adicionar-pronta-entrega-sellin:sem-venda""} }","hub_tag","interaction_gestao","click:button-adicionar-pronta-entrega-sellin-sem-venda","{""client_id"":""[[identificador-unico-usuario]]"",""session_id"":""[[identificador-unico-sessao]]"",""events"":[{""params"":{""cd_interaction_detail"":""click:button-adicionar-pronta-entrega-sellin-sem-venda""},""name"":""interaction_gestao""}]}","label KPI P0: pronta-entrega",""
"Gestao","Gestao do negocio","P0","interaction","na","nao","nao","","nao","p0","nao","nao","essencial_migrar","essencial_p0","migrar","dominio=Gestao do negocio > tipo=interaction > callback=nao > revisar_pm=nao > obsoleto=nao > nav_in_app=nao > anti_padrao=nao > fundir_pai=nao > essencial=p0:label KPI P0: adicionar-venda > nao_essencial=nao > decisao=migrar","Interacao em Hub Gestao - resumo do negocio e atalhos","Toca no botao identificado como ""adicionar-venda-sellin:sem-venda""","app-rev:gestao-de-negocio","clique:botao","adicionar-venda-sellin:sem-venda","{""event"": {""eventCategory"": ""app-rev:gestao-de-negocio"", ""eventAction"": ""clique:botao"", ""eventLabel"": ""adicionar-venda-sellin:sem-venda""} }","hub_tag","interaction_gestao","click:button-adicionar-venda-sellin-sem-venda","{""client_id"":""[[identificador-unico-usuario]]"",""session_id"":""[[identificador-unico-sessao]]"",""events"":[{""params"":{""cd_interaction_detail"":""click:button-adicionar-venda-sellin-sem-venda""},""name"":""interaction_gestao""}]}","label KPI P0: adicionar-venda",""
"Gestao","Gestao do negocio","P2","interaction","na","nao","nao","","nao","nao","nao","nao","fora_mapa_essencial","nao_essencial","remover","dominio=Gestao do negocio > tipo=interaction > callback=nao > revisar_pm=nao > obsoleto=nao > nav_in_app=nao > anti_padrao=nao > fundir_pai=nao > essencial=nao:sem match no mapa essencial > nao_essencial=sim > decisao=remover","Interacao em Hub Gestao - resumo do negocio e atalhos","Toca no botao identificado como ""acessar-novo-aplicativo""","app-rev:gestao-de-negocio","clique:botao","acessar-novo-aplicativo","{""event"": {""eventCategory"": ""app-rev:gestao-de-negocio"", ""eventAction"": ""clique:botao"", ""eventLabel"": ""acessar-novo-aplicativo""} }","hub_tag","","","","hub/relatorio - PV no destino basta",""
"Gestao","Gestao do negocio","P0","interaction","na","nao","nao","","nao","p0","nao","nao","essencial_migrar","essencial_p0","migrar","dominio=Gestao do negocio > tipo=interaction > callback=nao > revisar_pm=nao > obsoleto=nao > nav_in_app=nao > anti_padrao=nao > fundir_pai=nao > essencial=p0:label KPI P0: nova-venda > nao_essencial=nao > decisao=migrar","Interacao em Hub Gestao - resumo do negocio e atalhos","Toca no botao identificado como ""adicionar-nova-venda:${origin.value}""","app-rev:gestao-de-negocio","clique:botao","adicionar-nova-venda:${origin.value}","{""event"": {""eventCategory"": ""app-rev:gestao-de-negocio"", ""eventAction"": ""clique:botao"", ""eventLabel"": ""adicionar-nova-venda:${origin.value}""} }","hub_tag","interaction_gestao","click:button-adicionar-nova-venda-${origin.value}","{""client_id"":""[[identificador-unico-usuario]]"",""session_id"":""[[identificador-unico-sessao]]"",""events"":[{""params"":{""cd_interaction_detail"":""click:button-adicionar-nova-venda-${origin.value}""},""name"":""interaction_gestao""}]}","label KPI P0: nova-venda",""
"Gestao","Gestao do negocio","P2","interaction","na","nao","nao","","nao","nao","nao","nao","fora_mapa_essencial","nao_essencial","remover","dominio=Gestao do negocio > tipo=interaction > callback=nao > revisar_pm=nao > obsoleto=nao > nav_in_app=nao > anti_padrao=nao > fundir_pai=nao > essencial=nao:sem match no mapa essencial > nao_essencial=sim > decisao=remover","Interacao em Hub Gestao - resumo do negocio e atalhos","Toca no botao identificado como ""busca-assistente-gestao""","app-rev:gestao-de-negocio","clique:botao","busca-assistente-gestao","{""event"": {""eventCategory"": ""app-rev:gestao-de-negocio"", ""eventAction"": ""clique:botao"", ""eventLabel"": ""busca-assistente-gestao""} }","hub_tag","","","","hub/relatorio - PV no destino basta",""
"Gestao","Gestao do negocio","P0","interaction","na","nao","nao","","nao","p0","nao","nao","essencial_migrar","essencial_p0","migrar","dominio=Gestao do negocio > tipo=interaction > callback=nao > revisar_pm=nao > obsoleto=nao > nav_in_app=nao > anti_padrao=nao > fundir_pai=nao > essencial=p0:label KPI P0: cobranca > nao_essencial=nao > decisao=migrar","Interacao em Hub Gestao - resumo do negocio e atalhos","Toca no botao identificado como ""icone-cobrancas""","app-rev:gestao-de-negocio","clique:botao","icone-cobrancas","{""event"": {""eventCategory"": ""app-rev:gestao-de-negocio"", ""eventAction"": ""clique:botao"", ""eventLabel"": ""icone-cobrancas""} }","hub_tag","interaction_gestao","click:button-icone-cobrancas","{""client_id"":""[[identificador-unico-usuario]]"",""session_id"":""[[identificador-unico-sessao]]"",""events"":[{""params"":{""cd_interaction_detail"":""click:button-icone-cobrancas""},""name"":""interaction_gestao""}]}","label KPI P0: cobranca",""
"Gestao","Gestao do negocio","P2","interaction","na","nao","nao","","nao","nao","nao","nao","fora_mapa_essencial","nao_essencial","remover","dominio=Gestao do negocio > tipo=interaction > callback=nao > revisar_pm=nao > obsoleto=nao > nav_in_app=nao > anti_padrao=nao > fundir_pai=nao > essencial=nao:sem match no mapa essencial > nao_essencial=sim > decisao=remover","Interacao em Hub Gestao - resumo do negocio e atalhos","Toca no botao identificado como ""clientes""","app-rev:gestao-de-negocio","clique:botao","clientes","{""event"": {""eventCategory"": ""app-rev:gestao-de-negocio"", ""eventAction"": ""clique:botao"", ""eventLabel"": ""clientes""} }","hub_tag","","","","hub/relatorio - PV no destino basta",""
"Gestao","Gestao do negocio","P0","interaction","na","nao","nao","","nao","p0","nao","nao","essencial_migrar","essencial_p0","migrar","dominio=Gestao do negocio > tipo=interaction > callback=nao > revisar_pm=nao > obsoleto=nao > nav_in_app=nao > anti_padrao=nao > fundir_pai=nao > essencial=p0:label KPI P0: cobranca > nao_essencial=nao > decisao=migrar","Interacao em Hub Gestao - resumo do negocio e atalhos","Toca no botao identificado como ""entendi-tutorial-cobrancas""","app-rev:gestao-de-negocio","clique:botao","entendi-tutorial-cobrancas","{""event"": {""eventCategory"": ""app-rev:gestao-de-negocio"", ""eventAction"": ""clique:botao"", ""eventLabel"": ""entendi-tutorial-cobrancas""} }","hub_tag","interaction_gestao","click:button-entendi-tutorial-cobrancas","{""client_id"":""[[identificador-unico-usuario]]"",""session_id"":""[[identificador-unico-sessao]]"",""events"":[{""params"":{""cd_interaction_detail"":""click:button-entendi-tutorial-cobrancas""},""name"":""interaction_gestao""}]}","label KPI P0: cobranca",""
"Gestao","Gestao do negocio","P2","interaction","na","nao","sim","widget","nao","na","nao","nao","anti_padrao_widget","anti_padrao","remover","dominio=Gestao do negocio > tipo=interaction > callback=nao > revisar_pm=nao > obsoleto=nao > nav_in_app=nao > anti_padrao=sim:widget > decisao=remover","Interacao em Hub Gestao - resumo do negocio e atalhos","Acao registrada: clique:componente / resumo-do-negocio:relatorio-financeiro","app-rev:gestao-de-negocio","clique:componente","resumo-do-negocio:relatorio-financeiro","{""event"": {""eventCategory"": ""app-rev:gestao-de-negocio"", ""eventAction"": ""clique:componente"", ""eventLabel"": ""resumo-do-negocio:relatorio-financeiro""} }","hub_tag","","","","P2 granularidade widget",""
"Gestao","Gestao do negocio","P2","interaction","na","nao","nao","","nao","nao","nao","nao","fora_mapa_essencial","nao_essencial","remover","dominio=Gestao do negocio > tipo=interaction > callback=nao > revisar_pm=nao > obsoleto=nao > nav_in_app=nao > anti_padrao=nao > fundir_pai=nao > essencial=nao:sem match no mapa essencial > nao_essencial=sim > decisao=remover","Interacao em Hub Gestao - resumo do negocio e atalhos","Toca no botao identificado como ""ver-vendas-recebidas""","app-rev:gestao-de-negocio","clique:botao","ver-vendas-recebidas","{""event"": {""eventCategory"": ""app-rev:gestao-de-negocio"", ""eventAction"": ""clique:botao"", ""eventLabel"": ""ver-vendas-recebidas""} }","hub_tag","","","","hub/relatorio - PV no destino basta",""
"Gestao","Gestao do negocio","P2","interaction","na","nao","nao","","nao","nao","nao","nao","fora_mapa_essencial","nao_essencial","remover","dominio=Gestao do negocio > tipo=interaction > callback=nao > revisar_pm=nao > obsoleto=nao > nav_in_app=nao > anti_padrao=nao > fundir_pai=nao > essencial=nao:sem match no mapa essencial > nao_essencial=sim > decisao=remover","Interacao em Hub Gestao - resumo do negocio e atalhos","Toca no botao identificado como ""ver-as-recomendacoes""","app-rev:gestao-de-negocio","clique:botao","ver-as-recomendacoes","{""event"": {""eventCategory"": ""app-rev:gestao-de-negocio"", ""eventAction"": ""clique:botao"", ""eventLabel"": ""ver-as-recomendacoes""} }","hub_tag","","","","hub/relatorio - PV no destino basta",""
"Gestao","Gestao do negocio","P2","interaction","na","nao","nao","","nao","nao","nao","nao","fora_mapa_essencial","nao_essencial","remover","dominio=Gestao do negocio > tipo=interaction > callback=nao > revisar_pm=nao > obsoleto=nao > nav_in_app=nao > anti_padrao=nao > fundir_pai=nao > essencial=nao:sem match no mapa essencial > nao_essencial=sim > decisao=remover","Interacao em Hub Gestao - resumo do negocio e atalhos","Toca no botao identificado como ""acessar-relatorio""","app-rev:gestao-de-negocio","clique:botao","acessar-relatorio","{""event"": {""eventCategory"": ""app-rev:gestao-de-negocio"", ""eventAction"": ""clique:botao"", ""eventLabel"": ""acessar-relatorio""} }","hub_tag","","","","gestao fora mapa essencial",""
"Gestao","Gestao do negocio","P2","interaction","na","nao","nao","","nao","nao","nao","nao","fora_mapa_essencial","nao_essencial","remover","dominio=Gestao do negocio > tipo=interaction > callback=nao > revisar_pm=nao > obsoleto=nao > nav_in_app=nao > anti_padrao=nao > fundir_pai=nao > essencial=nao:sem match no mapa essencial > nao_essencial=sim > decisao=remover","Interacao em Hub Gestao - resumo do negocio e atalhos","Toca no botao identificado como ""resumo-do-negocio:relatorio""","app-rev:gestao-de-negocio","clique:botao","resumo-do-negocio:relatorio","{""event"": {""eventCategory"": ""app-rev:gestao-de-negocio"", ""eventAction"": ""clique:botao"", ""eventLabel"": ""resumo-do-negocio:relatorio""} }","hub_tag","","","","gestao fora mapa essencial",""
"Gestao","Gestao do negocio","P2","interaction","na","nao","sim","widget","nao","na","nao","nao","anti_padrao_widget","anti_padrao","remover","dominio=Gestao do negocio > tipo=interaction > callback=nao > revisar_pm=nao > obsoleto=nao > nav_in_app=nao > anti_padrao=sim:widget > decisao=remover","Interacao em Hub Gestao - resumo do negocio e atalhos","Acao registrada: clique:componente / resumo-do-negocio:relatorio","app-rev:gestao-de-negocio","clique:componente","resumo-do-negocio:relatorio","{""event"": {""eventCategory"": ""app-rev:gestao-de-negocio"", ""eventAction"": ""clique:componente"", ""eventLabel"": ""resumo-do-negocio:relatorio""} }","hub_tag","","","","P2 granularidade widget",""
"Gestao","Gestao do negocio","P2","interaction","na","nao","nao","","nao","nao","nao","nao","fora_mapa_essencial","nao_essencial","remover","dominio=Gestao do negocio > tipo=interaction > callback=nao > revisar_pm=nao > obsoleto=nao > nav_in_app=nao > anti_padrao=nao > fundir_pai=nao > essencial=nao:sem match no mapa essencial > nao_essencial=sim > decisao=remover","Interacao em Hub Gestao - resumo do negocio e atalhos","Toca no botao identificado como ""ver-missoes""","app-rev:gestao-de-negocio","clique:botao","ver-missoes","{""event"": {""eventCategory"": ""app-rev:gestao-de-negocio"", ""eventAction"": ""clique:botao"", ""eventLabel"": ""ver-missoes""} }","hub_tag","","","","hub/relatorio - PV no destino basta",""
"Gestao","Gestao do negocio","P2","interaction","na","nao","nao","","nao","nao","nao","nao","fora_mapa_essencial","nao_essencial","remover","dominio=Gestao do negocio > tipo=interaction > callback=nao > revisar_pm=nao > obsoleto=nao > nav_in_app=nao > anti_padrao=nao > fundir_pai=nao > essencial=nao:sem match no mapa essencial > nao_essencial=sim > decisao=remover","Interacao em Hub Gestao - resumo do negocio e atalhos","Toca no botao identificado como ""gerenciar-carteira""","app-rev:gestao-de-negocio","clique:botao","gerenciar-carteira","{""event"": {""eventCategory"": ""app-rev:gestao-de-negocio"", ""eventAction"": ""clique:botao"", ""eventLabel"": ""gerenciar-carteira""} }","hub_tag","","","","hub/relatorio - PV no destino basta",""
"Gestao","Gestao do negocio","P2","interaction","na","nao","nao","","nao","nao","nao","nao","fora_mapa_essencial","nao_essencial","remover","dominio=Gestao do negocio > tipo=interaction > callback=nao > revisar_pm=nao > obsoleto=nao > nav_in_app=nao > anti_padrao=nao > fundir_pai=nao > essencial=nao:sem match no mapa essencial > nao_essencial=sim > decisao=remover","Interacao em Hub Gestao - resumo do negocio e atalhos","Toca no botao identificado como ""ver-video-tutorial:${origin.value}""","app-rev:gestao-de-negocio","clique:botao","ver-video-tutorial:${origin.value}","{""event"": {""eventCategory"": ""app-rev:gestao-de-negocio"", ""eventAction"": ""clique:botao"", ""eventLabel"": ""ver-video-tutorial:${origin.value}""} }","hub_tag","","","","hub/relatorio - PV no destino basta",""
"Gestao","Gestao do negocio","P2","interaction","na","nao","nao","","nao","nao","nao","nao","fora_mapa_essencial","nao_essencial","remover","dominio=Gestao do negocio > tipo=interaction > callback=nao > revisar_pm=nao > obsoleto=nao > nav_in_app=nao > anti_padrao=nao > fundir_pai=nao > essencial=nao:sem match no mapa essencial > nao_essencial=sim > decisao=remover","Interacao em Hub Gestao - resumo do negocio e atalhos","Toca no botao identificado como ""vendas""","app-rev:gestao-de-negocio","clique:botao","vendas","{""event"": {""eventCategory"": ""app-rev:gestao-de-negocio"", ""eventAction"": ""clique:botao"", ""eventLabel"": ""vendas""} }","hub_tag","","","","hub/relatorio - PV no destino basta",""
"Gestao","Gestao do negocio","P2","interaction","na","nao","nao","","nao","nao","nao","nao","fora_mapa_essencial","nao_essencial","remover","dominio=Gestao do negocio > tipo=interaction > callback=nao > revisar_pm=nao > obsoleto=nao > nav_in_app=nao > anti_padrao=nao > fundir_pai=nao > essencial=nao:sem match no mapa essencial > nao_essencial=sim > decisao=remover","Interacao em Hub Gestao - resumo do negocio e atalhos","Toca no botao identificado como ""ver-vendas:${paymentStatus.tagText}:$salesCount""","app-rev:gestao-de-negocio","clique:botao","ver-vendas:${paymentStatus.tagText}:$salesCount","{""event"": {""eventCategory"": ""app-rev:gestao-de-negocio"", ""eventAction"": ""clique:botao"", ""eventLabel"": ""ver-vendas:${paymentStatus.tagText}:$salesCount""} }","hub_tag","","","","hub/relatorio - PV no destino basta",""
"Gestao","Gestao do negocio","P2","interaction","sim","nao","nao","","nao","na","nao","nao","nav_duplicada","nav_duplicada","remover","dominio=Gestao do negocio > tipo=interaction > callback=nao > revisar_pm=nao > obsoleto=nao > nav_in_app=sim > decisao=remover","Interacao em Hub Gestao - resumo do negocio e atalhos","Toca no botao identificado como ""atualize-suas-vendas:ver-mais""","app-rev:gestao-de-negocio","clique:botao","atualize-suas-vendas:ver-mais","{""event"": {""eventCategory"": ""app-rev:gestao-de-negocio"", ""eventAction"": ""clique:botao"", ""eventLabel"": ""atualize-suas-vendas:ver-mais""} }","hub_tag","","","","remover clique navegacao in-app; destino coberto por pageview",""
"Gestao","Gestao do negocio","P0","interaction","na","nao","nao","","nao","p0","nao","nao","essencial_migrar","essencial_p0","migrar","dominio=Gestao do negocio > tipo=interaction > callback=nao > revisar_pm=nao > obsoleto=nao > nav_in_app=nao > anti_padrao=nao > fundir_pai=nao > essencial=p0:label KPI P0: ^compartilhar > nao_essencial=nao > decisao=migrar","Interacao em Hub Gestao - resumo do negocio e atalhos","Toca no botao identificado como ""compartilhar-lojas:${origin.value}""","app-rev:gestao-de-negocio","clique:botao","compartilhar-lojas:${origin.value}","{""event"": {""eventCategory"": ""app-rev:gestao-de-negocio"", ""eventAction"": ""clique:botao"", ""eventLabel"": ""compartilhar-lojas:${origin.value}""} }","hub_tag","interaction_gestao","click:button-compartilhar-lojas-${origin.value}","{""client_id"":""[[identificador-unico-usuario]]"",""session_id"":""[[identificador-unico-sessao]]"",""events"":[{""params"":{""cd_interaction_detail"":""click:button-compartilhar-lojas-${origin.value}""},""name"":""interaction_gestao""}]}","label KPI P0: ^compartilhar",""
"Gestao","Gestao do negocio","P2","interaction","na","nao","nao","","nao","nao","nao","nao","fora_mapa_essencial","nao_essencial","remover","dominio=Gestao do negocio > tipo=interaction > callback=nao > revisar_pm=nao > obsoleto=nao > nav_in_app=nao > anti_padrao=nao > fundir_pai=nao > essencial=nao:sem match no mapa essencial > nao_essencial=sim > decisao=remover","Interacao em Hub Gestao - resumo do negocio e atalhos","Toca no botao identificado como ""estoque""","app-rev:gestao-de-negocio","clique:botao","estoque","{""event"": {""eventCategory"": ""app-rev:gestao-de-negocio"", ""eventAction"": ""clique:botao"", ""eventLabel"": ""estoque""} }","hub_tag","","","","hub/relatorio - PV no destino basta",""
"Gestao","Gestao do negocio","P1","interaction","na","nao","nao","","nao","p1","nao","nao","essencial_migrar","essencial_p1","migrar","dominio=Gestao do negocio > tipo=interaction > callback=nao > revisar_pm=nao > obsoleto=nao > nav_in_app=nao > anti_padrao=nao > fundir_pai=nao > essencial=p1:gestao label P1: tentar-novamente > nao_essencial=nao > decisao=migrar","Interacao em Hub Gestao - resumo do negocio e atalhos","Toca no botao: tentar novamente","app-rev:gestao-de-negocio","clique:botao","tentar-novamente","{""event"": {""eventCategory"": ""app-rev:gestao-de-negocio"", ""eventAction"": ""clique:botao"", ""eventLabel"": ""tentar-novamente""} }","hub_tag","interaction_gestao","click:button-tentar-novamente","{""client_id"":""[[identificador-unico-usuario]]"",""session_id"":""[[identificador-unico-sessao]]"",""events"":[{""params"":{""cd_interaction_detail"":""click:button-tentar-novamente""},""name"":""interaction_gestao""}]}","gestao label P1: tentar-novamente",""
"Gestao","Gestao do negocio","P2","interaction","na","nao","nao","","nao","nao","nao","nao","fora_mapa_essencial","nao_essencial","remover","dominio=Gestao do negocio > tipo=interaction > callback=nao > revisar_pm=nao > obsoleto=nao > nav_in_app=nao > anti_padrao=nao > fundir_pai=nao > essencial=nao:sem match no mapa essencial > nao_essencial=sim > decisao=remover","Interacao em Hub Gestao - resumo do negocio e atalhos","Toca no botao identificado como ""carteira""","app-rev:gestao-de-negocio","clique:botao","carteira","{""event"": {""eventCategory"": ""app-rev:gestao-de-negocio"", ""eventAction"": ""clique:botao"", ""eventLabel"": ""carteira""} }","hub_tag","","","","hub/relatorio - PV no destino basta",""
"Gestao","Gestao do negocio","P2","interaction","na","nao","sim","scroll","nao","na","nao","nao","anti_padrao_scroll","anti_padrao","remover","dominio=Gestao do negocio > tipo=interaction > callback=nao > revisar_pm=nao > obsoleto=nao > nav_in_app=nao > anti_padrao=sim:scroll > decisao=remover","Interacao em Hub Gestao - resumo do negocio e atalhos","Desliza o carrossel horizontalmente","app-rev:gestao-de-negocio","interacao:scroll","gestao-de-negocio","{""event"": {""eventCategory"": ""app-rev:gestao-de-negocio"", ""eventAction"": ""interacao:scroll"", ""eventLabel"": ""gestao-de-negocio""} }","hub_tag","","","","P2 scroll",""
"Gestao","Gestao do negocio","P2","interaction","na","nao","nao","","nao","nao","nao","nao","fora_mapa_essencial","nao_essencial","remover","dominio=Gestao do negocio > tipo=interaction > callback=nao > revisar_pm=nao > obsoleto=nao > nav_in_app=nao > anti_padrao=nao > fundir_pai=nao > essencial=nao:sem match no mapa essencial > nao_essencial=sim > decisao=remover","Interacao em Hub Gestao - resumo do negocio e atalhos","A revendedora ve o componente ""visualizar-feedback-hub"" na tela","app-rev:gestao-de-negocio","view:componente","visualizar-feedback-hub","{""event"": {""eventCategory"": ""app-rev:gestao-de-negocio"", ""eventAction"": ""view:componente"", ""eventLabel"": ""visualizar-feedback-hub""} }","hub_tag","","","","hub/relatorio - PV no destino basta",""
"Gestao","Gestao do negocio","P2","interaction","na","nao","nao","","nao","nao","nao","nao","fora_mapa_essencial","nao_essencial","remover","dominio=Gestao do negocio > tipo=interaction > callback=nao > revisar_pm=nao > obsoleto=nao > nav_in_app=nao > anti_padrao=nao > fundir_pai=nao > essencial=nao:sem match no mapa essencial > nao_essencial=sim > decisao=remover","Interacao em Hub Gestao - resumo do negocio e atalhos","Toca no botao identificado como ""novas-sugestoes-hub""","app-rev:gestao-de-negocio","clique:botao","novas-sugestoes-hub","{""event"": {""eventCategory"": ""app-rev:gestao-de-negocio"", ""eventAction"": ""clique:botao"", ""eventLabel"": ""novas-sugestoes-hub""} }","hub_tag","","","","hub/relatorio - PV no destino basta",""
"Gestao","Gestao do negocio","P0","screen_view","na","nao","nao","","nao","p0","nao","nao","pageview_ok","pageview_ok","manter","dominio=Gestao do negocio > tipo=screen_view > callback=nao > revisar_pm=nao > obsoleto=nao > nav_in_app=nao > anti_padrao=nao > fundir_pai=nao > pageview=essencial > essencial=p0 > decisao=manter","Visualizacao de Hub Gestao - resumo do negocio e atalhos","A tela e registrada no analytics (visualizacao de pagina)","","","","{""screen_view"": {""screen_name"": ""modal/:$videoId""} }","hub_tag","screen_view","","{""client_id"":""[[identificador-unico-usuario]]"",""session_id"":""[[identificador-unico-sessao]]"",""events"":[{""name"":""screen_view"",""params"":{""screen_name"":""modal/:$videoId"",""cd_page_title"":""${videoId}""}}]}","screen_view ja no padrao GA4 - EVENTOS_ESSENCIAIS_CT","modal/:$videoId"
"Gestao","Gestao do negocio","P0","interaction","na","nao","nao","","nao","p0","nao","nao","essencial_migrar","essencial_p0","migrar","dominio=Gestao do negocio > tipo=interaction > callback=nao > revisar_pm=nao > obsoleto=nao > nav_in_app=nao > anti_padrao=nao > fundir_pai=nao > essencial=p0:label KPI P0: cobranca > nao_essencial=nao > decisao=migrar","Interacao em Hub Gestao - resumo do negocio e atalhos","Toca no botao identificado como ""visualizar-tutorial-cobrancas""","app-rev:gestao-de-negocio","clique:botao","visualizar-tutorial-cobrancas","{""event"": {""eventCategory"": ""app-rev:gestao-de-negocio"", ""eventAction"": ""clique:botao"", ""eventLabel"": ""visualizar-tutorial-cobrancas""} }","hub_tag","interaction_gestao","click:button-visualizar-tutorial-cobrancas","{""client_id"":""[[identificador-unico-usuario]]"",""session_id"":""[[identificador-unico-sessao]]"",""events"":[{""params"":{""cd_interaction_detail"":""click:button-visualizar-tutorial-cobrancas""},""name"":""interaction_gestao""}]}","label KPI P0: cobranca",""
"Gestao","Gestao do negocio","P0","callback","na","nao","nao","","nao","p0","nao","nao","callback_p0","essencial_p0","migrar","dominio=Gestao do negocio > tipo=callback > callback=sim > essencial=p0 > decisao=migrar","Interacao em Relatorio de vendas e financeiro","Acao registrada: callback:relatorio-financeiro / erro:aconteceu-algo-inesperado-por-favor-tente-novamente","app-rev:relatorio-financeiro","callback:relatorio-financeiro","erro:aconteceu-algo-inesperado-por-favor-tente-novamente","{""event"": {""eventCategory"": ""app-rev:relatorio-financeiro"", ""eventAction"": ""callback:relatorio-financeiro"", ""eventLabel"": ""erro:aconteceu-algo-inesperado-por-favor-tente-novamente""} }","financial_report_tag","callback_gestao_financial_report","","{""client_id"":""[[identificador-unico-usuario]]"",""session_id"":""[[identificador-unico-sessao]]"",""events"":[{""name"":""callback_gestao_financial_report_error"",""params"":{""cd_error_message"":""unexpected-error""}}]}","callback erro",""
"Gestao","Gestao do negocio","P0","interaction","na","nao","nao","","nao","p0","nao","nao","essencial_migrar","essencial_p0","migrar","dominio=Gestao do negocio > tipo=interaction > callback=nao > revisar_pm=nao > obsoleto=nao > nav_in_app=nao > anti_padrao=nao > fundir_pai=nao > essencial=p0:categoria P0: relatorio-financeiro > nao_essencial=nao > decisao=migrar","Interacao em Relatorio de vendas e financeiro","Toca no botao identificado como ""acessar-todos-boletos""","app-rev:relatorio-financeiro","clique:botao","acessar-todos-boletos","{""event"": {""eventCategory"": ""app-rev:relatorio-financeiro"", ""eventAction"": ""clique:botao"", ""eventLabel"": ""acessar-todos-boletos""} }","financial_report_tag","interaction_gestao","click:button-acessar-todos-boletos","{""client_id"":""[[identificador-unico-usuario]]"",""session_id"":""[[identificador-unico-sessao]]"",""events"":[{""params"":{""cd_interaction_detail"":""click:button-acessar-todos-boletos""},""name"":""interaction_gestao""}]}","categoria P0: relatorio-financeiro",""
"Gestao","Gestao do negocio","P0","interaction","na","nao","nao","","nao","p0","nao","nao","essencial_migrar","essencial_p0","migrar","dominio=Gestao do negocio > tipo=interaction > callback=nao > revisar_pm=nao > obsoleto=nao > nav_in_app=nao > anti_padrao=nao > fundir_pai=nao > essencial=p0:categoria P0: relatorio-financeiro > nao_essencial=nao > decisao=migrar","Interacao em Relatorio de vendas e financeiro","Toca no botao identificado como ""acessar-todos-pagamentos""","app-rev:relatorio-financeiro","clique:botao","acessar-todos-pagamentos","{""event"": {""eventCategory"": ""app-rev:relatorio-financeiro"", ""eventAction"": ""clique:botao"", ""eventLabel"": ""acessar-todos-pagamentos""} }","financial_report_tag","interaction_gestao","click:button-acessar-todos-pagamentos","{""client_id"":""[[identificador-unico-usuario]]"",""session_id"":""[[identificador-unico-sessao]]"",""events"":[{""params"":{""cd_interaction_detail"":""click:button-acessar-todos-pagamentos""},""name"":""interaction_gestao""}]}","categoria P0: relatorio-financeiro",""
"Gestao","Gestao do negocio","P0","interaction","na","nao","nao","","nao","p0","nao","nao","essencial_migrar","essencial_p0","migrar","dominio=Gestao do negocio > tipo=interaction > callback=nao > revisar_pm=nao > obsoleto=nao > nav_in_app=nao > anti_padrao=nao > fundir_pai=nao > essencial=p0:categoria P0: relatorio-financeiro > nao_essencial=nao > decisao=migrar","Interacao em Relatorio de vendas e financeiro","Toca no botao identificado como ""adicionar-pix-a-venda""","app-rev:relatorio-financeiro","clique:botao","adicionar-pix-a-venda","{""event"": {""eventCategory"": ""app-rev:relatorio-financeiro"", ""eventAction"": ""clique:botao"", ""eventLabel"": ""adicionar-pix-a-venda""} }","financial_report_tag","interaction_gestao","click:button-adicionar-pix-a-venda","{""client_id"":""[[identificador-unico-usuario]]"",""session_id"":""[[identificador-unico-sessao]]"",""events"":[{""params"":{""cd_interaction_detail"":""click:button-adicionar-pix-a-venda""},""name"":""interaction_gestao""}]}","categoria P0: relatorio-financeiro",""
"Gestao","Gestao do negocio","P0","interaction","na","nao","nao","","nao","p0","nao","nao","essencial_migrar","essencial_p0","migrar","dominio=Gestao do negocio > tipo=interaction > callback=nao > revisar_pm=nao > obsoleto=nao > nav_in_app=nao > anti_padrao=nao > fundir_pai=nao > essencial=p0:label KPI P0: adicionar-venda > nao_essencial=nao > decisao=migrar","Interacao em Relatorio de vendas e financeiro","Toca no botao identificado como ""adicionar-vendas""","app-rev:relatorio-financeiro","clique:botao","adicionar-vendas","{""event"": {""eventCategory"": ""app-rev:relatorio-financeiro"", ""eventAction"": ""clique:botao"", ""eventLabel"": ""adicionar-vendas""} }","financial_report_tag","interaction_gestao","click:button-adicionar-vendas","{""client_id"":""[[identificador-unico-usuario]]"",""session_id"":""[[identificador-unico-sessao]]"",""events"":[{""params"":{""cd_interaction_detail"":""click:button-adicionar-vendas""},""name"":""interaction_gestao""}]}","label KPI P0: adicionar-venda",""
"Gestao","Gestao do negocio","P0","interaction","na","nao","nao","","nao","p0","nao","nao","essencial_migrar","essencial_p0","migrar","dominio=Gestao do negocio > tipo=interaction > callback=nao > revisar_pm=nao > obsoleto=nao > nav_in_app=nao > anti_padrao=nao > fundir_pai=nao > essencial=p0:label KPI P0: cobrar-cliente > nao_essencial=nao > decisao=migrar","Interacao em Relatorio de vendas e financeiro","Toca no botao identificado como ""cobrar-clientes""","app-rev:relatorio-financeiro","clique:botao","cobrar-clientes","{""event"": {""eventCategory"": ""app-rev:relatorio-financeiro"", ""eventAction"": ""clique:botao"", ""eventLabel"": ""cobrar-clientes""} }","financial_report_tag","interaction_gestao","click:button-cobrar-clientes","{""client_id"":""[[identificador-unico-usuario]]"",""session_id"":""[[identificador-unico-sessao]]"",""events"":[{""params"":{""cd_interaction_detail"":""click:button-cobrar-clientes""},""name"":""interaction_gestao""}]}","label KPI P0: cobrar-cliente",""
"Gestao","Gestao do negocio","P0","interaction","na","nao","nao","","nao","p0","nao","nao","essencial_migrar","essencial_p0","migrar","dominio=Gestao do negocio > tipo=interaction > callback=nao > revisar_pm=nao > obsoleto=nao > nav_in_app=nao > anti_padrao=nao > fundir_pai=nao > essencial=p0:categoria P0: relatorio-financeiro > nao_essencial=nao > decisao=migrar","Interacao em Relatorio de vendas e financeiro","Toca no botao identificado como ""faq""","app-rev:relatorio-financeiro","clique:botao","faq","{""event"": {""eventCategory"": ""app-rev:relatorio-financeiro"", ""eventAction"": ""clique:botao"", ""eventLabel"": ""faq""} }","financial_report_tag","interaction_gestao","click:button-faq","{""client_id"":""[[identificador-unico-usuario]]"",""session_id"":""[[identificador-unico-sessao]]"",""events"":[{""params"":{""cd_interaction_detail"":""click:button-faq""},""name"":""interaction_gestao""}]}","categoria P0: relatorio-financeiro",""
"Gestao","Gestao do negocio","P2","interaction","sim","nao","nao","","nao","na","nao","nao","nav_duplicada","nav_duplicada","remover","dominio=Gestao do negocio > tipo=interaction > callback=nao > revisar_pm=nao > obsoleto=nao > nav_in_app=sim > decisao=remover","Interacao em Relatorio de vendas e financeiro","Toca no botao identificado como ""ir-para-vendas-adicionadas""","app-rev:relatorio-financeiro","clique:botao","ir-para-vendas-adicionadas","{""event"": {""eventCategory"": ""app-rev:relatorio-financeiro"", ""eventAction"": ""clique:botao"", ""eventLabel"": ""ir-para-vendas-adicionadas""} }","financial_report_tag","","","","remover clique navegacao in-app; destino coberto por pageview",""
"Gestao","Gestao do negocio","P1","interaction","na","nao","nao","","nao","na","nao","nao","pm_decisao_m1","pm_decisao_m1","migrar","dominio=Gestao do negocio > tipo=interaction > callback=nao > revisar_pm=sim:cross-tab tagCurrentTabScreen > decisao=revisar","Interacao em Relatorio de vendas e financeiro","Toca no botao identificado como ""ir-para-pedidos""","app-rev:relatorio-financeiro","clique:botao","ir-para-pedidos","{""event"": {""eventCategory"": ""app-rev:relatorio-financeiro"", ""eventAction"": ""clique:botao"", ""eventLabel"": ""ir-para-pedidos""} }","financial_report_tag","interaction_gestao","click:button-ir-para-pedidos","{""client_id"":""[[identificador-unico-usuario]]"",""session_id"":""[[identificador-unico-sessao]]"",""events"":[{""name"":""interaction_gestao"",""params"":{""cd_interaction_detail"":""click:button-ir-para-pedidos""}}]}","PM M1: manter cross-tab relatorio para pedidos",
"Gestao","Gestao do negocio","revisar","interaction","na","nao","nao","","nao","na","sim","nao","revisar_pm","revisar_pm","revisar","dominio=Gestao do negocio > tipo=interaction > callback=nao > revisar_pm=sim:contexto erro relatorio > decisao=revisar","Interacao em Relatorio de vendas e financeiro","Toca no botao identificado como ""ir-para-inicio""","app-rev:relatorio-financeiro","clique:botao","ir-para-inicio","{""event"": {""eventCategory"": ""app-rev:relatorio-financeiro"", ""eventAction"": ""clique:botao"", ""eventLabel"": ""ir-para-inicio""} }","financial_report_tag","interaction_gestao","click:button-ir-para-inicio","{""client_id"":""[[identificador-unico-usuario]]"",""session_id"":""[[identificador-unico-sessao]]"",""events"":[{""params"":{""cd_interaction_detail"":""click:button-ir-para-inicio""},""name"":""interaction_gestao""}]}","contexto erro relatorio",""
"Gestao","Gestao do negocio","P0","interaction","na","nao","nao","","nao","p0","nao","nao","essencial_migrar","essencial_p0","migrar","dominio=Gestao do negocio > tipo=interaction > callback=nao > revisar_pm=nao > obsoleto=nao > nav_in_app=nao > anti_padrao=nao > fundir_pai=nao > essencial=p0:categoria P0: relatorio-financeiro > nao_essencial=nao > decisao=migrar","Interacao em Relatorio de vendas e financeiro","Toca no botao identificado como ""conhecer-carteira""","app-rev:relatorio-financeiro","clique:botao","conhecer-carteira","{""event"": {""eventCategory"": ""app-rev:relatorio-financeiro"", ""eventAction"": ""clique:botao"", ""eventLabel"": ""conhecer-carteira""} }","financial_report_tag","interaction_gestao","click:button-conhecer-carteira","{""client_id"":""[[identificador-unico-usuario]]"",""session_id"":""[[identificador-unico-sessao]]"",""events"":[{""params"":{""cd_interaction_detail"":""click:button-conhecer-carteira""},""name"":""interaction_gestao""}]}","categoria P0: relatorio-financeiro",""
"Gestao","Gestao do negocio","P0","interaction","na","nao","nao","","nao","p0","nao","nao","essencial_migrar","essencial_p0","migrar","dominio=Gestao do negocio > tipo=interaction > callback=nao > revisar_pm=nao > obsoleto=nao > nav_in_app=nao > anti_padrao=nao > fundir_pai=nao > essencial=p0:categoria P0: relatorio-financeiro > nao_essencial=nao > decisao=migrar","Interacao em Relatorio de vendas e financeiro","Toca no botao identificado como ""pagar-boletos""","app-rev:relatorio-financeiro","clique:botao","pagar-boletos","{""event"": {""eventCategory"": ""app-rev:relatorio-financeiro"", ""eventAction"": ""clique:botao"", ""eventLabel"": ""pagar-boletos""} }","financial_report_tag","interaction_gestao","click:button-pagar-boletos","{""client_id"":""[[identificador-unico-usuario]]"",""session_id"":""[[identificador-unico-sessao]]"",""events"":[{""params"":{""cd_interaction_detail"":""click:button-pagar-boletos""},""name"":""interaction_gestao""}]}","categoria P0: relatorio-financeiro",""
"Gestao","Gestao do negocio","P0","interaction","na","nao","nao","","nao","p0","nao","nao","essencial_migrar","essencial_p0","migrar","dominio=Gestao do negocio > tipo=interaction > callback=nao > revisar_pm=nao > obsoleto=nao > nav_in_app=nao > anti_padrao=nao > fundir_pai=nao > essencial=p0:categoria P0: relatorio-financeiro > nao_essencial=nao > decisao=migrar","Interacao em Relatorio de vendas e financeiro","Toca no botao identificado como ""relatorio-de-vendas""","app-rev:relatorio-financeiro","clique:botao","relatorio-de-vendas","{""event"": {""eventCategory"": ""app-rev:relatorio-financeiro"", ""eventAction"": ""clique:botao"", ""eventLabel"": ""relatorio-de-vendas""} }","financial_report_tag","interaction_gestao","click:button-relatorio-de-vendas","{""client_id"":""[[identificador-unico-usuario]]"",""session_id"":""[[identificador-unico-sessao]]"",""events"":[{""params"":{""cd_interaction_detail"":""click:button-relatorio-de-vendas""},""name"":""interaction_gestao""}]}","categoria P0: relatorio-financeiro",""
"Gestao","Gestao do negocio","P0","interaction","na","nao","nao","","nao","p0","nao","nao","essencial_migrar","essencial_p0","migrar","dominio=Gestao do negocio > tipo=interaction > callback=nao > revisar_pm=nao > obsoleto=nao > nav_in_app=nao > anti_padrao=nao > fundir_pai=nao > essencial=p0:categoria P0: relatorio-financeiro > nao_essencial=nao > decisao=migrar","Interacao em Relatorio de vendas e financeiro","Toca no botao: tentar novamente","app-rev:relatorio-financeiro","clique:botao","tentar-novamente","{""event"": {""eventCategory"": ""app-rev:relatorio-financeiro"", ""eventAction"": ""clique:botao"", ""eventLabel"": ""tentar-novamente""} }","financial_report_tag","interaction_gestao","click:button-tentar-novamente","{""client_id"":""[[identificador-unico-usuario]]"",""session_id"":""[[identificador-unico-sessao]]"",""events"":[{""params"":{""cd_interaction_detail"":""click:button-tentar-novamente""},""name"":""interaction_gestao""}]}","categoria P0: relatorio-financeiro",""
"Gestao","Gestao do negocio","P0","interaction","na","nao","nao","","nao","p0","nao","nao","essencial_migrar","essencial_p0","migrar","dominio=Gestao do negocio > tipo=interaction > callback=nao > revisar_pm=nao > obsoleto=nao > nav_in_app=nao > anti_padrao=nao > fundir_pai=nao > essencial=p0:label KPI P0: atualizar-relatorio > nao_essencial=nao > decisao=migrar","Interacao em Relatorio de vendas e financeiro","Toca no botao identificado como ""atualizar-relatorio-financeiro""","app-rev:relatorio-financeiro","clique:botao","atualizar-relatorio-financeiro","{""event"": {""eventCategory"": ""app-rev:relatorio-financeiro"", ""eventAction"": ""clique:botao"", ""eventLabel"": ""atualizar-relatorio-financeiro""} }","financial_report_tag","interaction_gestao","click:button-atualizar-relatorio-financeiro","{""client_id"":""[[identificador-unico-usuario]]"",""session_id"":""[[identificador-unico-sessao]]"",""events"":[{""params"":{""cd_interaction_detail"":""click:button-atualizar-relatorio-financeiro""},""name"":""interaction_gestao""}]}","label KPI P0: atualizar-relatorio",""
"Gestao","Vendas sellout","P2","interaction","na","nao","sim","scroll","nao","na","nao","nao","anti_padrao_scroll","anti_padrao","remover","dominio=Vendas sellout > tipo=interaction > callback=nao > revisar_pm=nao > obsoleto=nao > nav_in_app=nao > anti_padrao=sim:scroll > decisao=remover","Interacao em Relatorio de vendas e financeiro","Desliza o carrossel horizontalmente","app-rev:relatorio-de-vendas","interacao:scroll","","{""event"": {""eventCategory"": ""app-rev:relatorio-de-vendas"", ""eventAction"": ""interacao:scroll"", ""eventLabel"": """"} }","sales_report_tag","","","","P2 scroll",""
"Gestao","Vendas sellout","P2","interaction","na","nao","nao","","nao","nao","nao","nao","fora_mapa_essencial","nao_essencial","remover","dominio=Vendas sellout > tipo=interaction > callback=nao > revisar_pm=nao > obsoleto=nao > nav_in_app=nao > anti_padrao=nao > fundir_pai=nao > essencial=nao:sem match no mapa essencial > nao_essencial=sim > decisao=remover","Interacao em Relatorio de vendas e financeiro","Toca no botao identificado como ""ver-todos-os-produtos""","app-rev:relatorio-de-vendas","clique:botao","ver-todos-os-produtos","{""event"": {""eventCategory"": ""app-rev:relatorio-de-vendas"", ""eventAction"": ""clique:botao"", ""eventLabel"": ""ver-todos-os-produtos""} }","sales_report_tag","","","","hub/relatorio - PV no destino basta",""
"Gestao","Vendas sellout","P2","interaction","na","nao","nao","","nao","nao","nao","nao","fora_mapa_essencial","nao_essencial","remover","dominio=Vendas sellout > tipo=interaction > callback=nao > revisar_pm=nao > obsoleto=nao > nav_in_app=nao > anti_padrao=nao > fundir_pai=nao > essencial=nao:sem match no mapa essencial > nao_essencial=sim > decisao=remover","Interacao em Relatorio de vendas e financeiro","Toca no botao identificado como ""relatorio-financeiro""","app-rev:relatorio-de-vendas","clique:botao","relatorio-financeiro","{""event"": {""eventCategory"": ""app-rev:relatorio-de-vendas"", ""eventAction"": ""clique:botao"", ""eventLabel"": ""relatorio-financeiro""} }","sales_report_tag","","","","gestao fora mapa essencial",""
"Gestao","Vendas sellout","P2","interaction","na","nao","nao","","nao","nao","nao","nao","fora_mapa_essencial","nao_essencial","remover","dominio=Vendas sellout > tipo=interaction > callback=nao > revisar_pm=nao > obsoleto=nao > nav_in_app=nao > anti_padrao=nao > fundir_pai=nao > essencial=nao:sem match no mapa essencial > nao_essencial=sim > decisao=remover","Interacao em Relatorio de vendas e financeiro","Toca no botao identificado como ""ver-as-recomendacoes""","app-rev:relatorio-de-vendas","clique:botao","ver-as-recomendacoes","{""event"": {""eventCategory"": ""app-rev:relatorio-de-vendas"", ""eventAction"": ""clique:botao"", ""eventLabel"": ""ver-as-recomendacoes""} }","sales_report_tag","","","","hub/relatorio - PV no destino basta",""
"Gestao","Vendas sellout","P2","interaction","na","nao","nao","","nao","nao","nao","nao","fora_mapa_essencial","nao_essencial","remover","dominio=Vendas sellout > tipo=interaction > callback=nao > revisar_pm=nao > obsoleto=nao > nav_in_app=nao > anti_padrao=nao > fundir_pai=nao > essencial=nao:sem match no mapa essencial > nao_essencial=sim > decisao=remover","Interacao em Relatorio de vendas e financeiro","Toca no botao identificado como ""ver-produtos-em-promocao""","app-rev:relatorio-de-vendas","clique:botao","ver-produtos-em-promocao","{""event"": {""eventCategory"": ""app-rev:relatorio-de-vendas"", ""eventAction"": ""clique:botao"", ""eventLabel"": ""ver-produtos-em-promocao""} }","sales_report_tag","","","","hub/relatorio - PV no destino basta",""
"Gestao","Vendas sellout","P2","interaction","na","nao","nao","","nao","nao","nao","nao","fora_mapa_essencial","nao_essencial","remover","dominio=Vendas sellout > tipo=interaction > callback=nao > revisar_pm=nao > obsoleto=nao > nav_in_app=nao > anti_padrao=nao > fundir_pai=nao > essencial=nao:sem match no mapa essencial > nao_essencial=sim > decisao=remover","Interacao em Relatorio de vendas e financeiro","Toca no botao identificado como ""ver-vendas:${_getMonthTag(monthAndYear)}""","app-rev:relatorio-de-vendas","clique:botao","ver-vendas:${_getMonthTag(monthAndYear)}","{""event"": {""eventCategory"": ""app-rev:relatorio-de-vendas"", ""eventAction"": ""clique:botao"", ""eventLabel"": ""ver-vendas:${_getMonthTag(monthAndYear)}""} }","sales_report_tag","","","","hub/relatorio - PV no destino basta",""
"Gestao","Vendas sellout","P2","interaction","na","nao","nao","","nao","nao","nao","nao","fora_mapa_essencial","nao_essencial","remover","dominio=Vendas sellout > tipo=interaction > callback=nao > revisar_pm=nao > obsoleto=nao > nav_in_app=nao > anti_padrao=nao > fundir_pai=nao > essencial=nao:sem match no mapa essencial > nao_essencial=sim > decisao=remover","Interacao em Relatorio de vendas e financeiro","Toca no botao identificado como ""ver-vendas:${paymentStatus.tagText}:$salesCount:${_getMonthTag(monthAndYear)}""","app-rev:relatorio-de-vendas","clique:botao","ver-vendas:${paymentStatus.tagText}:$salesCount:${_getMonthTag(monthAndYear)}","{""event"": {""eventCategory"": ""app-rev:relatorio-de-vendas"", ""eventAction"": ""clique:botao"", ""eventLabel"": ""ver-vendas:${paymentStatus.tagText}:$salesCount:${_getMonthTag(monthAndYear)}""} }","sales_report_tag","","","","hub/relatorio - PV no destino basta",""
"Gestao","Vendas sellout","P1","interaction","na","nao","nao","","nao","p1","nao","nao","essencial_migrar","essencial_p1","migrar","dominio=Vendas sellout > tipo=interaction > callback=nao > revisar_pm=nao > obsoleto=nao > nav_in_app=nao > anti_padrao=nao > fundir_pai=nao > essencial=p1:gestao label P1: tentar-novamente > nao_essencial=nao > decisao=migrar","Interacao em Relatorio de vendas e financeiro","Toca no botao identificado como ""tentar-novamente:${_getMonthTag(monthAndYear)}""","app-rev:relatorio-de-vendas","clique:botao","tentar-novamente:${_getMonthTag(monthAndYear)}","{""event"": {""eventCategory"": ""app-rev:relatorio-de-vendas"", ""eventAction"": ""clique:botao"", ""eventLabel"": ""tentar-novamente:${_getMonthTag(monthAndYear)}""} }","sales_report_tag","interaction_gestao","click:button-tentar-novamente-${-getmonthtag(monthandyear)}","{""client_id"":""[[identificador-unico-usuario]]"",""session_id"":""[[identificador-unico-sessao]]"",""events"":[{""params"":{""cd_interaction_detail"":""click:button-tentar-novamente-${-getmonthtag(monthandyear)}""},""name"":""interaction_gestao""}]}","gestao label P1: tentar-novamente",""
"Gestao","Estoque RE","P2","interaction","sim","nao","nao","","nao","na","nao","nao","nav_duplicada","nav_duplicada","remover","dominio=Estoque RE > tipo=interaction > callback=nao > revisar_pm=nao > obsoleto=nao > nav_in_app=sim > decisao=remover","Interacao em Pronta-entrega - produtos disponiveis para venda imediata","Toca no botao identificado como ""fechar""","app-rev:gestao-estoque:modal","clique:botao","fechar","{""event"": {""eventCategory"": ""app-rev:gestao-estoque:modal"", ""eventAction"": ""clique:botao"", ""eventLabel"": ""fechar""} }","confirm_back_tag","","","","remover clique navegacao in-app; destino coberto por pageview",""
"Gestao","Estoque RE","P2","interaction","na","nao","nao","","sim","na","nao","nao","fundir_pai","fundir_pai","remover","dominio=Estoque RE > tipo=interaction > callback=nao > revisar_pm=nao > obsoleto=nao > nav_in_app=nao > anti_padrao=nao > fundir_pai=sim > decisao=remover","Interacao em Pronta-entrega - produtos disponiveis para venda imediata","Toca no botao identificado como ""continuar-editando-o-produto""","app-rev:gestao-estoque:modal","clique:botao","continuar-editando-o-produto","{""event"": {""eventCategory"": ""app-rev:gestao-estoque:modal"", ""eventAction"": ""clique:botao"", ""eventLabel"": ""continuar-editando-o-produto""} }","confirm_back_tag","","","","granularidade modal",""
"Gestao","Estoque RE","P2","interaction","na","nao","nao","","sim","na","nao","nao","fundir_pai","fundir_pai","remover","dominio=Estoque RE > tipo=interaction > callback=nao > revisar_pm=nao > obsoleto=nao > nav_in_app=nao > anti_padrao=nao > fundir_pai=sim > decisao=remover","Interacao em Pronta-entrega - produtos disponiveis para venda imediata","Toca no botao identificado como ""sair-sem-salvar-a-edicao-do-produto""","app-rev:gestao-estoque:modal","clique:botao","sair-sem-salvar-a-edicao-do-produto","{""event"": {""eventCategory"": ""app-rev:gestao-estoque:modal"", ""eventAction"": ""clique:botao"", ""eventLabel"": ""sair-sem-salvar-a-edicao-do-produto""} }","confirm_back_tag","","","","granularidade modal",""
"Gestao","Estoque RE","P0","callback","na","nao","nao","","nao","p0","nao","nao","callback_p0","essencial_p0","migrar","dominio=Estoque RE > tipo=callback > callback=sim > essencial=p0 > decisao=migrar","Interacao em Pronta-entrega - produtos disponiveis para venda imediata","Acao registrada: callback:editar-produto / $sku:erro","app-rev:gestao-estoque","callback:editar-produto","$sku:erro","{""event"": {""eventCategory"": ""app-rev:gestao-estoque"", ""eventAction"": ""callback:editar-produto"", ""eventLabel"": ""$sku:erro""} }","edit_stock_tag","callback_estoque_edit_product","","{""client_id"":""[[identificador-unico-usuario]]"",""session_id"":""[[identificador-unico-sessao]]"",""events"":[{""name"":""callback_estoque_edit_product_error"",""params"":{""cd_error_message"":""edit-product-failed"",""cd_sku"":""$sku""}}]}","callback erro",""
"Gestao","Estoque RE","P0","callback","na","nao","nao","","nao","p0","nao","nao","callback_p0","essencial_p0","migrar","dominio=Estoque RE > tipo=callback > callback=sim > essencial=p0 > decisao=migrar","Interacao em Pronta-entrega - produtos disponiveis para venda imediata","Acao registrada: callback:editar-produto / $sku:sucesso","app-rev:gestao-estoque","callback:editar-produto","$sku:sucesso","{""event"": {""eventCategory"": ""app-rev:gestao-estoque"", ""eventAction"": ""callback:editar-produto"", ""eventLabel"": ""$sku:sucesso""} }","edit_stock_tag","callback_estoque_edit_product","","{""client_id"":""[[identificador-unico-usuario]]"",""session_id"":""[[identificador-unico-sessao]]"",""events"":[{""name"":""callback_estoque_edit_product_success"",""params"":{""cd_sku"":""$sku""}}]}","callback sucesso",""
"Gestao","Estoque RE","P1","interaction","na","nao","nao","","nao","p1","nao","nao","essencial_migrar","essencial_p1","migrar","dominio=Estoque RE > tipo=interaction > callback=nao > revisar_pm=nao > obsoleto=nao > nav_in_app=nao > anti_padrao=nao > fundir_pai=nao > essencial=p1:gestao label P1: tentar-novamente > nao_essencial=nao > decisao=migrar","Interacao em Pronta-entrega - produtos disponiveis para venda imediata","Toca no botao: tentar novamente","app-rev:gestao-estoque","clique:botao","tentar-novamente","{""event"": {""eventCategory"": ""app-rev:gestao-estoque"", ""eventAction"": ""clique:botao"", ""eventLabel"": ""tentar-novamente""} }","edit_stock_tag","interaction_gestao","click:button-tentar-novamente","{""client_id"":""[[identificador-unico-usuario]]"",""session_id"":""[[identificador-unico-sessao]]"",""events"":[{""params"":{""cd_interaction_detail"":""click:button-tentar-novamente""},""name"":""interaction_gestao""}]}","gestao label P1: tentar-novamente",""
"Gestao","Estoque RE","P2","interaction","na","nao","sim","tooltip","nao","na","nao","nao","anti_padrao_tooltip","anti_padrao","remover","dominio=Estoque RE > tipo=interaction > callback=nao > revisar_pm=nao > obsoleto=nao > nav_in_app=nao > anti_padrao=sim:tooltip > decisao=remover","Interacao em Pronta-entrega - produtos disponiveis para venda imediata","Acao registrada: clique:tooltip / info-preco","app-rev:gestao-estoque","clique:tooltip","info-preco","{""event"": {""eventCategory"": ""app-rev:gestao-estoque"", ""eventAction"": ""clique:tooltip"", ""eventLabel"": ""info-preco""} }","edit_stock_tag","","","","P2 tooltip",""
"Gestao","Estoque RE","P2","interaction","na","nao","nao","","nao","nao","nao","nao","fora_mapa_essencial","nao_essencial","remover","dominio=Estoque RE > tipo=interaction > callback=nao > revisar_pm=nao > obsoleto=nao > nav_in_app=nao > anti_padrao=nao > fundir_pai=nao > essencial=nao:sem match no mapa essencial > nao_essencial=sim > decisao=remover","Interacao em Pronta-entrega - produtos disponiveis para venda imediata","Toca no botao identificado como ""$sku:$optInText""","app-rev:gestao-estoque","clique:botao","$sku:$optInText","{""event"": {""eventCategory"": ""app-rev:gestao-estoque"", ""eventAction"": ""clique:botao"", ""eventLabel"": ""$sku:$optInText""} }","edit_stock_tag","","","","gestao fora mapa essencial",""
"Gestao","Estoque RE","P2","interaction","na","nao","nao","","nao","nao","nao","nao","fora_mapa_essencial","nao_essencial","remover","dominio=Estoque RE > tipo=interaction > callback=nao > revisar_pm=nao > obsoleto=nao > nav_in_app=nao > anti_padrao=nao > fundir_pai=nao > essencial=nao:sem match no mapa essencial > nao_essencial=sim > decisao=remover","Interacao em Pronta-entrega - produtos disponiveis para venda imediata","Toca no botao identificado como ""adicionar:$sku""","app-rev:gestao-estoque","clique:botao","adicionar:$sku","{""event"": {""eventCategory"": ""app-rev:gestao-estoque"", ""eventAction"": ""clique:botao"", ""eventLabel"": ""adicionar:$sku""} }","add_product_tag","","","","gestao fora mapa essencial",""
"Gestao","Estoque RE","P2","interaction","na","nao","nao","","nao","nao","nao","nao","fora_mapa_essencial","nao_essencial","remover","dominio=Estoque RE > tipo=interaction > callback=nao > revisar_pm=nao > obsoleto=nao > nav_in_app=nao > anti_padrao=nao > fundir_pai=nao > essencial=nao:sem match no mapa essencial > nao_essencial=sim > decisao=remover","Interacao em Pronta-entrega - produtos disponiveis para venda imediata","Acao registrada: clique:icone / codigo-de-barras","app-rev:gestao-estoque","clique:icone","codigo-de-barras","{""event"": {""eventCategory"": ""app-rev:gestao-estoque"", ""eventAction"": ""clique:icone"", ""eventLabel"": ""codigo-de-barras""} }","add_product_tag","","","","icone P2 fora essencial",""
"Gestao","Estoque RE","P2","interaction","na","nao","nao","","sim","na","nao","nao","fundir_pai","fundir_pai","remover","dominio=Estoque RE > tipo=interaction > callback=nao > revisar_pm=nao > obsoleto=nao > nav_in_app=nao > anti_padrao=nao > fundir_pai=sim > decisao=remover","Interacao em Pronta-entrega - produtos disponiveis para venda imediata","Toca no botao identificado como ""nao-gerenciar-manualmente""","app-rev:gestao-estoque:modal:baixa-automatica","clique:botao","nao-gerenciar-manualmente","{""event"": {""eventCategory"": ""app-rev:gestao-estoque:modal:baixa-automatica"", ""eventAction"": ""clique:botao"", ""eventLabel"": ""nao-gerenciar-manualmente""} }","automatic_stock_modal_tag","","","","granularidade modal",""
"Gestao","Estoque RE","P2","interaction","na","nao","nao","","sim","na","nao","nao","fundir_pai","fundir_pai","remover","dominio=Estoque RE > tipo=interaction > callback=nao > revisar_pm=nao > obsoleto=nao > nav_in_app=nao > anti_padrao=nao > fundir_pai=sim > decisao=remover","Interacao em Pronta-entrega - produtos disponiveis para venda imediata","Toca no botao identificado como ""sim-retirar-automaticamente""","app-rev:gestao-estoque:modal:baixa-automatica","clique:botao","sim-retirar-automaticamente","{""event"": {""eventCategory"": ""app-rev:gestao-estoque:modal:baixa-automatica"", ""eventAction"": ""clique:botao"", ""eventLabel"": ""sim-retirar-automaticamente""} }","automatic_stock_modal_tag","","","","granularidade modal",""
"Gestao","Estoque RE","P1","interaction","na","nao","nao","","nao","p1","nao","nao","essencial_migrar","essencial_p1","migrar","dominio=Estoque RE > tipo=interaction > callback=nao > revisar_pm=nao > obsoleto=nao > nav_in_app=nao > anti_padrao=nao > fundir_pai=nao > essencial=p1:gestao label P1: adicionar-produto > nao_essencial=nao > decisao=migrar","Interacao em Pronta-entrega - produtos disponiveis para venda imediata","Toca no botao identificado como ""${brand.tag}:adicionar-produto:$quantity:$sku""","app-rev:gestao-estoque","clique:botao","${brand.tag}:adicionar-produto:$quantity:$sku","{""event"": {""eventCategory"": ""app-rev:gestao-estoque"", ""eventAction"": ""clique:botao"", ""eventLabel"": ""${brand.tag}:adicionar-produto:$quantity:$sku""} }","stock_page_tag","interaction_gestao","click:button-${brand.tag}-adicionar-produto-$quantity-$sku","{""client_id"":""[[identificador-unico-usuario]]"",""session_id"":""[[identificador-unico-sessao]]"",""events"":[{""params"":{""cd_interaction_detail"":""click:button-${brand.tag}-adicionar-produto-$quantity-$sku"",""cd_sku"":""$sku""},""name"":""interaction_gestao""}]}","gestao label P1: adicionar-produto; cd_* legado preservados em json_novo.params",""
"Gestao","Estoque RE","P2","interaction","na","nao","nao","","nao","nao","nao","nao","fora_mapa_essencial","nao_essencial","remover","dominio=Estoque RE > tipo=interaction > callback=nao > revisar_pm=nao > obsoleto=nao > nav_in_app=nao > anti_padrao=nao > fundir_pai=nao > essencial=nao:sem match no mapa essencial > nao_essencial=sim > decisao=remover","Interacao em Pronta-entrega - produtos disponiveis para venda imediata","Acao registrada: interacao:busca / ${brand.tag}:$term","app-rev:gestao-estoque","interacao:busca","${brand.tag}:$term","{""event"": {""eventCategory"": ""app-rev:gestao-estoque"", ""eventAction"": ""interacao:busca"", ""eventLabel"": ""${brand.tag}:$term""} }","stock_page_tag","","","","gestao sem match essencial",""
"Gestao","Estoque RE","P2","interaction","na","nao","nao","","nao","nao","nao","nao","fora_mapa_essencial","nao_essencial","remover","dominio=Estoque RE > tipo=interaction > callback=nao > revisar_pm=nao > obsoleto=nao > nav_in_app=nao > anti_padrao=nao > fundir_pai=nao > essencial=nao:sem match no mapa essencial > nao_essencial=sim > decisao=remover","Interacao em Pronta-entrega - produtos disponiveis para venda imediata","Toca no botao identificado como ""${brand.tag}:adicionar-novo-produto""","app-rev:gestao-estoque","clique:botao","${brand.tag}:adicionar-novo-produto","{""event"": {""eventCategory"": ""app-rev:gestao-estoque"", ""eventAction"": ""clique:botao"", ""eventLabel"": ""${brand.tag}:adicionar-novo-produto""} }","stock_page_tag","","","","gestao fora mapa essencial",""
"Gestao","Estoque RE","P2","interaction","na","nao","nao","","nao","nao","nao","nao","fora_mapa_essencial","nao_essencial","remover","dominio=Estoque RE > tipo=interaction > callback=nao > revisar_pm=nao > obsoleto=nao > nav_in_app=nao > anti_padrao=nao > fundir_pai=nao > essencial=nao:sem match no mapa essencial > nao_essencial=sim > decisao=remover","Interacao em Pronta-entrega - produtos disponiveis para venda imediata","Toca no botao identificado como ""${brand.tag}:editar-preco:$sku""","app-rev:gestao-estoque","clique:botao","${brand.tag}:editar-preco:$sku","{""event"": {""eventCategory"": ""app-rev:gestao-estoque"", ""eventAction"": ""clique:botao"", ""eventLabel"": ""${brand.tag}:editar-preco:$sku""} }","stock_page_tag","","","","gestao fora mapa essencial",""
"Gestao","Estoque RE","P2","interaction","na","nao","nao","","nao","nao","nao","nao","fora_mapa_essencial","nao_essencial","remover","dominio=Estoque RE > tipo=interaction > callback=nao > revisar_pm=nao > obsoleto=nao > nav_in_app=nao > anti_padrao=nao > fundir_pai=nao > essencial=nao:sem match no mapa essencial > nao_essencial=sim > decisao=remover","Interacao em Pronta-entrega - produtos disponiveis para venda imediata","Toca no botao identificado como ""${brand.tag}:card:$sku""","app-rev:gestao-estoque","clique:botao","${brand.tag}:card:$sku","{""event"": {""eventCategory"": ""app-rev:gestao-estoque"", ""eventAction"": ""clique:botao"", ""eventLabel"": ""${brand.tag}:card:$sku""} }","stock_page_tag","","","","gestao fora mapa essencial",""
"Gestao","Estoque RE","P2","interaction","na","nao","nao","","nao","nao","nao","nao","fora_mapa_essencial","nao_essencial","remover","dominio=Estoque RE > tipo=interaction > callback=nao > revisar_pm=nao > obsoleto=nao > nav_in_app=nao > anti_padrao=nao > fundir_pai=nao > essencial=nao:sem match no mapa essencial > nao_essencial=sim > decisao=remover","Interacao em Pronta-entrega - produtos disponiveis para venda imediata","Toca no botao identificado como ""${brand.tag}:excluir-produto:$sku""","app-rev:gestao-estoque","clique:botao","${brand.tag}:excluir-produto:$sku","{""event"": {""eventCategory"": ""app-rev:gestao-estoque"", ""eventAction"": ""clique:botao"", ""eventLabel"": ""${brand.tag}:excluir-produto:$sku""} }","stock_page_tag","","","","gestao fora mapa essencial",""
"Gestao","Estoque RE","P0","interaction","na","nao","nao","","nao","p0","nao","nao","essencial_migrar","essencial_p0","migrar","dominio=Estoque RE > tipo=interaction > callback=nao > revisar_pm=nao > obsoleto=nao > nav_in_app=nao > anti_padrao=nao > fundir_pai=nao > essencial=p0:label KPI P0: ^compartilhar > nao_essencial=nao > decisao=migrar","Interacao em Pronta-entrega - produtos disponiveis para venda imediata","Toca no botao identificado como ""compartilhar-produtos-pronta-entrega""","app-rev:gestao-estoque","clique:botao","compartilhar-produtos-pronta-entrega","{""event"": {""eventCategory"": ""app-rev:gestao-estoque"", ""eventAction"": ""clique:botao"", ""eventLabel"": ""compartilhar-produtos-pronta-entrega""} }","stock_page_tag","interaction_gestao","click:button-compartilhar-produtos-pronta-entrega","{""client_id"":""[[identificador-unico-usuario]]"",""session_id"":""[[identificador-unico-sessao]]"",""events"":[{""params"":{""cd_interaction_detail"":""click:button-compartilhar-produtos-pronta-entrega""},""name"":""interaction_gestao""}]}","label KPI P0: ^compartilhar",""
"Gestao","Estoque RE","P2","interaction","na","nao","nao","","nao","nao","nao","nao","fora_mapa_essencial","nao_essencial","remover","dominio=Estoque RE > tipo=interaction > callback=nao > revisar_pm=nao > obsoleto=nao > nav_in_app=nao > anti_padrao=nao > fundir_pai=nao > essencial=nao:sem match no mapa essencial > nao_essencial=sim > decisao=remover","Interacao em Pronta-entrega - produtos disponiveis para venda imediata","Toca no botao identificado como ""retirar-automaticamente-produtos""","app-rev:gestao-estoque","clique:botao","retirar-automaticamente-produtos","{""event"": {""eventCategory"": ""app-rev:gestao-estoque"", ""eventAction"": ""clique:botao"", ""eventLabel"": ""retirar-automaticamente-produtos""} }","stock_page_tag","","","","gestao fora mapa essencial",""
"Gestao","Estoque RE","P2","interaction","na","nao","nao","","nao","nao","nao","nao","fora_mapa_essencial","nao_essencial","remover","dominio=Estoque RE > tipo=interaction > callback=nao > revisar_pm=nao > obsoleto=nao > nav_in_app=nao > anti_padrao=nao > fundir_pai=nao > essencial=nao:sem match no mapa essencial > nao_essencial=sim > decisao=remover","Interacao em Pronta-entrega - produtos disponiveis para venda imediata","Toca no botao identificado como ""gerenciar-produtos-manualmente""","app-rev:gestao-estoque","clique:botao","gerenciar-produtos-manualmente","{""event"": {""eventCategory"": ""app-rev:gestao-estoque"", ""eventAction"": ""clique:botao"", ""eventLabel"": ""gerenciar-produtos-manualmente""} }","stock_page_tag","","","","gestao fora mapa essencial",""
"Gestao","Estoque RE","P1","interaction","na","nao","nao","","nao","p1","nao","nao","essencial_migrar","essencial_p1","migrar","dominio=Estoque RE > tipo=interaction > callback=nao > revisar_pm=nao > obsoleto=nao > nav_in_app=nao > anti_padrao=nao > fundir_pai=nao > essencial=p1:gestao label P1: tentar-novamente > nao_essencial=nao > decisao=migrar","Interacao em Pronta-entrega - produtos disponiveis para venda imediata","Toca no botao identificado como ""${brand.tag}:tentar-novamente""","app-rev:gestao-estoque","clique:botao","${brand.tag}:tentar-novamente","{""event"": {""eventCategory"": ""app-rev:gestao-estoque"", ""eventAction"": ""clique:botao"", ""eventLabel"": ""${brand.tag}:tentar-novamente""} }","stock_page_tag","interaction_gestao","click:button-${brand.tag}-tentar-novamente","{""client_id"":""[[identificador-unico-usuario]]"",""session_id"":""[[identificador-unico-sessao]]"",""events"":[{""params"":{""cd_interaction_detail"":""click:button-${brand.tag}-tentar-novamente""},""name"":""interaction_gestao""}]}","gestao label P1: tentar-novamente",""
"Gestao","Gestao do negocio","P0","interaction","na","nao","nao","","nao","p0","nao","nao","essencial_migrar","essencial_p0","migrar","dominio=Gestao do negocio > tipo=interaction > callback=nao > revisar_pm=nao > obsoleto=nao > nav_in_app=nao > anti_padrao=nao > fundir_pai=nao > essencial=p0:label KPI P0: nova-venda > nao_essencial=nao > decisao=migrar","Interacao em Pronta-entrega - produtos disponiveis para venda imediata","Toca no botao identificado como ""adicionar-nova-venda""","","clique:botao","adicionar-nova-venda","{""event"": {""eventCategory"": """", ""eventAction"": ""clique:botao"", ""eventLabel"": ""adicionar-nova-venda""} }","sellin_sellout_tag","interaction_gestao","click:button-adicionar-nova-venda","{""client_id"":""[[identificador-unico-usuario]]"",""session_id"":""[[identificador-unico-sessao]]"",""events"":[{""params"":{""cd_interaction_detail"":""click:button-adicionar-nova-venda""},""name"":""interaction_gestao""}]}","label KPI P0: nova-venda",""
"Gestao","Estoque RE","P0","interaction","na","nao","nao","","nao","p0","nao","nao","essencial_migrar","essencial_p0","migrar","dominio=Estoque RE > tipo=interaction > callback=nao > revisar_pm=nao > obsoleto=nao > nav_in_app=nao > anti_padrao=nao > fundir_pai=nao > essencial=p0:label KPI P0: pronta-entrega > nao_essencial=nao > decisao=migrar","Interacao em Pronta-entrega - produtos disponiveis para venda imediata","Toca no botao identificado como ""adicionar-produtos-pronta-entrega""","app-rev:sell-in-sell-out:pronta-entrega","clique:botao","adicionar-produtos-pronta-entrega","{""event"": {""eventCategory"": ""app-rev:sell-in-sell-out:pronta-entrega"", ""eventAction"": ""clique:botao"", ""eventLabel"": ""adicionar-produtos-pronta-entrega""} }","sellin_sellout_tag","interaction_gestao","click:button-adicionar-produtos-pronta-entrega","{""client_id"":""[[identificador-unico-usuario]]"",""session_id"":""[[identificador-unico-sessao]]"",""events"":[{""params"":{""cd_interaction_detail"":""click:button-adicionar-produtos-pronta-entrega"",""cd_qtd_selecao_total"":""${howmanytotalproductswereadded}"",""cd_qtd_selecao_parcial"":""${howmanypartialproductswereadded}"",""cd_qtd_produtos_pronta_entrega"":""${totalselectedquantity}"",""cd_qtd_produtos_pedido"":""${totalpossiblequantity}"",""cd_edicao_produtos"":""${changedquantity}""},""name"":""interaction_gestao""}]}","label KPI P0: pronta-entrega; cd_* legado preservados em json_novo.params",""
"Gestao","Gestao do negocio","P1","interaction","na","nao","nao","","nao","p1","nao","nao","essencial_migrar","essencial_p1","migrar","dominio=Gestao do negocio > tipo=interaction > callback=nao > revisar_pm=nao > obsoleto=nao > nav_in_app=nao > anti_padrao=nao > fundir_pai=nao > essencial=p1:gestao label P1: adicionar-produto > nao_essencial=nao > decisao=migrar","Interacao em Pronta-entrega - produtos disponiveis para venda imediata","Toca no botao identificado como ""adicionar-produtos-a-pronto-entrega""","","clique:botao","adicionar-produtos-a-pronto-entrega","{""event"": {""eventCategory"": """", ""eventAction"": ""clique:botao"", ""eventLabel"": ""adicionar-produtos-a-pronto-entrega""} }","sellin_sellout_tag","interaction_gestao","click:button-adicionar-produtos-a-pronto-entrega","{""client_id"":""[[identificador-unico-usuario]]"",""session_id"":""[[identificador-unico-sessao]]"",""events"":[{""params"":{""cd_interaction_detail"":""click:button-adicionar-produtos-a-pronto-entrega""},""name"":""interaction_gestao""}]}","gestao label P1: adicionar-produto",""
"Gestao","Gestao do negocio","P2","interaction","na","nao","nao","","nao","nao","nao","nao","fora_mapa_essencial","nao_essencial","remover","dominio=Gestao do negocio > tipo=interaction > callback=nao > revisar_pm=nao > obsoleto=nao > nav_in_app=nao > anti_padrao=nao > fundir_pai=nao > essencial=nao:sem match no mapa essencial > nao_essencial=sim > decisao=remover","Interacao em Pronta-entrega - produtos disponiveis para venda imediata","Toca no botao identificado como ""consultar-vendas-adicionadas""","","clique:botao","consultar-vendas-adicionadas","{""event"": {""eventCategory"": """", ""eventAction"": ""clique:botao"", ""eventLabel"": ""consultar-vendas-adicionadas""} }","sellin_sellout_tag","","","","gestao fora mapa essencial",""
"Gestao","Gestao do negocio","P2","interaction","na","nao","nao","","nao","nao","nao","nao","fora_mapa_essencial","nao_essencial","remover","dominio=Gestao do negocio > tipo=interaction > callback=nao > revisar_pm=nao > obsoleto=nao > nav_in_app=nao > anti_padrao=nao > fundir_pai=nao > essencial=nao:sem match no mapa essencial > nao_essencial=sim > decisao=remover","Interacao em Pronta-entrega - produtos disponiveis para venda imediata","Toca no botao identificado como ""conecte-suas-vendas""","","clique:botao","conecte-suas-vendas","{""event"": {""eventCategory"": """", ""eventAction"": ""clique:botao"", ""eventLabel"": ""conecte-suas-vendas""} }","sellin_sellout_tag","","","","gestao fora mapa essencial",""
"Gestao","Gestao do negocio","P2","interaction","na","nao","nao","","nao","nao","nao","nao","fora_mapa_essencial","nao_essencial","remover","dominio=Gestao do negocio > tipo=interaction > callback=nao > revisar_pm=nao > obsoleto=nao > nav_in_app=nao > anti_padrao=nao > fundir_pai=nao > essencial=nao:sem match no mapa essencial > nao_essencial=sim > decisao=remover","Interacao em Pronta-entrega - produtos disponiveis para venda imediata","Toca no botao identificado como ""detalhes-da-sua-venda-$saleId""","","clique:botao","detalhes-da-sua-venda-$saleId","{""event"": {""eventCategory"": """", ""eventAction"": ""clique:botao"", ""eventLabel"": ""detalhes-da-sua-venda-$saleId""} }","sellin_sellout_tag","","","","gestao fora mapa essencial",""
"Gestao","Gestao do negocio","P1","interaction","na","nao","nao","","nao","p1","nao","nao","essencial_migrar","essencial_p1","migrar","dominio=Gestao do negocio > tipo=interaction > callback=nao > revisar_pm=nao > obsoleto=nao > nav_in_app=nao > anti_padrao=nao > fundir_pai=nao > essencial=p1:gestao label P1: tentar-novamente > nao_essencial=nao > decisao=migrar","Interacao em Pronta-entrega - produtos disponiveis para venda imediata","Toca no botao: tentar novamente","","clique:botao","tentar-novamente","{""event"": {""eventCategory"": """", ""eventAction"": ""clique:botao"", ""eventLabel"": ""tentar-novamente""} }","sellin_sellout_tag","interaction_gestao","click:button-tentar-novamente","{""client_id"":""[[identificador-unico-usuario]]"",""session_id"":""[[identificador-unico-sessao]]"",""events"":[{""params"":{""cd_interaction_detail"":""click:button-tentar-novamente""},""name"":""interaction_gestao""}]}","gestao label P1: tentar-novamente",""
"Gestao","Gestao do negocio","P2","interaction","na","nao","nao","","nao","nao","nao","nao","fora_mapa_essencial","nao_essencial","remover","dominio=Gestao do negocio > tipo=interaction > callback=nao > revisar_pm=nao > obsoleto=nao > nav_in_app=nao > anti_padrao=nao > fundir_pai=nao > essencial=nao:sem match no mapa essencial > nao_essencial=sim > decisao=remover","Interacao em Pronta-entrega - produtos disponiveis para venda imediata","Toca no botao identificado como ""$saleId:${status.name}""","","clique:botao","$saleId:${status.name}","{""event"": {""eventCategory"": """", ""eventAction"": ""clique:botao"", ""eventLabel"": ""$saleId:${status.name}""} }","sellin_sellout_tag","","","","gestao fora mapa essencial",""
"Gestao","Estoque RE","P0","interaction","na","nao","nao","","nao","p0","nao","nao","essencial_migrar","essencial_p0","migrar","dominio=Estoque RE > tipo=interaction > callback=nao > revisar_pm=nao > obsoleto=nao > nav_in_app=nao > anti_padrao=nao > fundir_pai=nao > essencial=p0:categoria P0: sell-in-sell-out > nao_essencial=nao > decisao=migrar","Interacao em Pronta-entrega - produtos disponiveis para venda imediata","Acao registrada: view:modal / certeza-deseja-sair","app-rev:sell-in-sell-out:pronta-entrega","view:modal","certeza-deseja-sair","{""event"": {""eventCategory"": ""app-rev:sell-in-sell-out:pronta-entrega"", ""eventAction"": ""view:modal"", ""eventLabel"": ""certeza-deseja-sair""} }","sellin_sellout_tag","interaction_gestao","view:component-certeza-deseja-sair","{""client_id"":""[[identificador-unico-usuario]]"",""session_id"":""[[identificador-unico-sessao]]"",""events"":[{""params"":{""cd_interaction_detail"":""view:component-certeza-deseja-sair""},""name"":""interaction_gestao""}]}","categoria P0: sell-in-sell-out",""
"Gestao","Vendas sellout","P2","interaction","na","nao","nao","","sim","na","nao","nao","fundir_pai","fundir_pai","remover","dominio=Vendas sellout > tipo=interaction > callback=nao > revisar_pm=nao > obsoleto=nao > nav_in_app=nao > anti_padrao=nao > fundir_pai=sim > decisao=remover","Interacao em Gerenciar vendas - lista, cadastro e cobranca de vendas sellout","Interacao com botao ou card cujo rotulo vem do texto exibido na UI (marca, secao, etc.)","app-rev:gerenciar-vendas:detalhe-parcela:modal:editar-condicoes-de-pagamento","dinamico","dinamico (toAnalyticsFormat)","{""event"": {""eventCategory"": ""app-rev:gerenciar-vendas:detalhe-parcela:modal:editar-condicoes-de-pagamento"", ""eventAction"": ""dinamico"", ""eventLabel"": ""dinamico (toAnalyticsFormat)""} }","add_installment_modal_tag","","","","granularidade modal",""
"Gestao","Vendas sellout","P2","interaction","na","nao","nao","","sim","na","nao","nao","fundir_pai","fundir_pai","remover","dominio=Vendas sellout > tipo=interaction > callback=nao > revisar_pm=nao > obsoleto=nao > nav_in_app=nao > anti_padrao=nao > fundir_pai=sim > decisao=remover","Interacao em Gerenciar vendas - lista, cadastro e cobranca de vendas sellout","Acao registrada: interacao:campo / preencheu:data-do-pagamento:data-invalida:$formattedDate","app-rev:gerenciar-vendas:detalhe-parcela:modal:editar-condicoes-de-pagamento","interacao:campo","preencheu:data-do-pagamento:data-invalida:$formattedDate","{""event"": {""eventCategory"": ""app-rev:gerenciar-vendas:detalhe-parcela:modal:editar-condicoes-de-pagamento"", ""eventAction"": ""interacao:campo"", ""eventLabel"": ""preencheu:data-do-pagamento:data-invalida:$formattedDate""} }","add_installment_modal_tag","","","","granularidade modal",""
"Gestao","Vendas sellout","P2","interaction","na","nao","nao","","sim","na","nao","nao","fundir_pai","fundir_pai","remover","dominio=Vendas sellout > tipo=interaction > callback=nao > revisar_pm=nao > obsoleto=nao > nav_in_app=nao > anti_padrao=nao > fundir_pai=sim > decisao=remover","Interacao em Gerenciar vendas - lista, cadastro e cobranca de vendas sellout","Acao registrada: interacao:campo / preencheu:valor:valor-invalido:$value","app-rev:gerenciar-vendas:detalhe-parcela:modal:editar-condicoes-de-pagamento","interacao:campo","preencheu:valor:valor-invalido:$value","{""event"": {""eventCategory"": ""app-rev:gerenciar-vendas:detalhe-parcela:modal:editar-condicoes-de-pagamento"", ""eventAction"": ""interacao:campo"", ""eventLabel"": ""preencheu:valor:valor-invalido:$value""} }","add_installment_modal_tag","","","","granularidade modal",""
"Gestao","Vendas sellout","P2","interaction","na","nao","sim","show_modal","nao","na","nao","nao","anti_padrao_show_modal","anti_padrao","remover","dominio=Vendas sellout > tipo=interaction > callback=nao > revisar_pm=nao > obsoleto=nao > nav_in_app=nao > anti_padrao=sim:show_modal > decisao=remover","Interacao em Gerenciar vendas - lista, cadastro e cobranca de vendas sellout","Acao registrada: show:modal / adicionar-parcelas","app-rev:gerenciar-vendas:detalhe-parcela:modal:editar-condicoes-de-pagamento","show:modal","adicionar-parcelas","{""event"": {""eventCategory"": ""app-rev:gerenciar-vendas:detalhe-parcela:modal:editar-condicoes-de-pagamento"", ""eventAction"": ""show:modal"", ""eventLabel"": ""adicionar-parcelas""} }","add_installment_modal_tag","","","","P2 show:modal isolado",""
"Gestao","Vendas sellout","P2","interaction","na","nao","nao","","sim","na","nao","nao","fundir_pai","fundir_pai","remover","dominio=Vendas sellout > tipo=interaction > callback=nao > revisar_pm=nao > obsoleto=nao > nav_in_app=nao > anti_padrao=nao > fundir_pai=sim > decisao=remover","Interacao em Gerenciar vendas - lista, cadastro e cobranca de vendas sellout","Toca no botao identificado como ""adicionar""","app-rev:gerenciar-vendas:detalhe-parcela:modal:editar-condicoes-de-pagamento","clique:botao","adicionar","{""event"": {""eventCategory"": ""app-rev:gerenciar-vendas:detalhe-parcela:modal:editar-condicoes-de-pagamento"", ""eventAction"": ""clique:botao"", ""eventLabel"": ""adicionar""} }","add_installment_modal_tag","","","","granularidade modal",""
"Gestao","Vendas sellout","P2","interaction","na","nao","nao","","sim","na","nao","nao","fundir_pai","fundir_pai","remover","dominio=Vendas sellout > tipo=interaction > callback=nao > revisar_pm=nao > obsoleto=nao > nav_in_app=nao > anti_padrao=nao > fundir_pai=sim > decisao=remover","Interacao em Gerenciar vendas - lista, cadastro e cobranca de vendas sellout","Toca no botao identificado como ""nao-cancelar""","app-rev:modal:cancelar-modal","clique:botao","nao-cancelar","{""event"": {""eventCategory"": ""app-rev:modal:cancelar-modal"", ""eventAction"": ""clique:botao"", ""eventLabel"": ""nao-cancelar""} }","cancel_sale_tag","","","","granularidade modal",""
"Gestao","Vendas sellout","P2","interaction","na","nao","nao","","sim","na","nao","nao","fundir_pai","fundir_pai","remover","dominio=Vendas sellout > tipo=interaction > callback=nao > revisar_pm=nao > obsoleto=nao > nav_in_app=nao > anti_padrao=nao > fundir_pai=sim > decisao=remover","Interacao em Gerenciar vendas - lista, cadastro e cobranca de vendas sellout","Toca no botao identificado como ""sim-quero-cancelar""","app-rev:modal:cancelar-modal","clique:botao","sim-quero-cancelar","{""event"": {""eventCategory"": ""app-rev:modal:cancelar-modal"", ""eventAction"": ""clique:botao"", ""eventLabel"": ""sim-quero-cancelar""} }","cancel_sale_tag","","","","granularidade modal",""
"Gestao","Vendas sellout","P2","interaction","na","nao","nao","","sim","na","nao","nao","fundir_pai","fundir_pai","remover","dominio=Vendas sellout > tipo=interaction > callback=nao > revisar_pm=nao > obsoleto=nao > nav_in_app=nao > anti_padrao=nao > fundir_pai=sim > decisao=remover","Interacao em Gerenciar vendas - lista, cadastro e cobranca de vendas sellout","Toca no botao identificado como ""o-cliente-desistiu-da-venda""","app-rev:modal:cancelar-modal","clique:botao","o-cliente-desistiu-da-venda","{""event"": {""eventCategory"": ""app-rev:modal:cancelar-modal"", ""eventAction"": ""clique:botao"", ""eventLabel"": ""o-cliente-desistiu-da-venda""} }","cancel_sale_tag","","","","granularidade modal",""
"Gestao","Vendas sellout","P2","interaction","na","nao","nao","","sim","na","nao","nao","fundir_pai","fundir_pai","remover","dominio=Vendas sellout > tipo=interaction > callback=nao > revisar_pm=nao > obsoleto=nao > nav_in_app=nao > anti_padrao=nao > fundir_pai=sim > decisao=remover","Interacao em Gerenciar vendas - lista, cadastro e cobranca de vendas sellout","Toca no botao identificado como ""nao-reconheco-essa-venda""","app-rev:modal:cancelar-modal","clique:botao","nao-reconheco-essa-venda","{""event"": {""eventCategory"": ""app-rev:modal:cancelar-modal"", ""eventAction"": ""clique:botao"", ""eventLabel"": ""nao-reconheco-essa-venda""} }","cancel_sale_tag","","","","granularidade modal",""
"Gestao","Vendas sellout","P2","interaction","na","nao","nao","","sim","na","nao","nao","fundir_pai","fundir_pai","remover","dominio=Vendas sellout > tipo=interaction > callback=nao > revisar_pm=nao > obsoleto=nao > nav_in_app=nao > anti_padrao=nao > fundir_pai=sim > decisao=remover","Interacao em Gerenciar vendas - lista, cadastro e cobranca de vendas sellout","Toca no botao identificado como ""outros-motivos""","app-rev:modal:cancelar-modal","clique:botao","outros-motivos","{""event"": {""eventCategory"": ""app-rev:modal:cancelar-modal"", ""eventAction"": ""clique:botao"", ""eventLabel"": ""outros-motivos""} }","cancel_sale_tag","","","","granularidade modal",""
"Gestao","Vendas sellout","P2","interaction","na","nao","nao","","sim","na","nao","nao","fundir_pai","fundir_pai","remover","dominio=Vendas sellout > tipo=interaction > callback=nao > revisar_pm=nao > obsoleto=nao > nav_in_app=nao > anti_padrao=nao > fundir_pai=sim > decisao=remover","Interacao em Gerenciar vendas - lista, cadastro e cobranca de vendas sellout","Toca no botao identificado como ""por-falta-de-produtos-precisei-cancelar-a-venda""","app-rev:modal:cancelar-modal","clique:botao","por-falta-de-produtos-precisei-cancelar-a-venda","{""event"": {""eventCategory"": ""app-rev:modal:cancelar-modal"", ""eventAction"": ""clique:botao"", ""eventLabel"": ""por-falta-de-produtos-precisei-cancelar-a-venda""} }","cancel_sale_tag","","","","granularidade modal",""
"Gestao","Vendas sellout","P2","interaction","na","nao","nao","","sim","na","nao","nao","fundir_pai","fundir_pai","remover","dominio=Vendas sellout > tipo=interaction > callback=nao > revisar_pm=nao > obsoleto=nao > nav_in_app=nao > anti_padrao=nao > fundir_pai=sim > decisao=remover","Interacao em Gerenciar vendas - lista, cadastro e cobranca de vendas sellout","Toca no botao identificado como ""nao-concluir-a-venda""","app-rev:modal:concluir-venda","clique:botao","nao-concluir-a-venda","{""event"": {""eventCategory"": ""app-rev:modal:concluir-venda"", ""eventAction"": ""clique:botao"", ""eventLabel"": ""nao-concluir-a-venda""} }","complete_sale_tag","","","","granularidade modal",""
"Gestao","Vendas sellout","P2","interaction","na","nao","nao","","sim","na","nao","nao","fundir_pai","fundir_pai","remover","dominio=Vendas sellout > tipo=interaction > callback=nao > revisar_pm=nao > obsoleto=nao > nav_in_app=nao > anti_padrao=nao > fundir_pai=sim > decisao=remover","Interacao em Gerenciar vendas - lista, cadastro e cobranca de vendas sellout","Toca no botao identificado como ""sim-quero-concluir""","app-rev:modal:concluir-venda","clique:botao","sim-quero-concluir","{""event"": {""eventCategory"": ""app-rev:modal:concluir-venda"", ""eventAction"": ""clique:botao"", ""eventLabel"": ""sim-quero-concluir""} }","complete_sale_tag","","","","granularidade modal",""
"Gestao","Vendas sellout","P2","interaction","na","nao","nao","","nao","nao","nao","nao","fora_mapa_essencial","nao_essencial","remover","dominio=Vendas sellout > tipo=interaction > callback=nao > revisar_pm=nao > obsoleto=nao > nav_in_app=nao > anti_padrao=nao > fundir_pai=nao > essencial=nao:sem match no mapa essencial > nao_essencial=sim > decisao=remover","Interacao em Gerenciar vendas - lista, cadastro e cobranca de vendas sellout","Toca no botao identificado como ""parcelas:$quantity""","app-rev:gerenciar-vendas:$category","clique:botao","parcelas:$quantity","{""event"": {""eventCategory"": ""app-rev:gerenciar-vendas:$category"", ""eventAction"": ""clique:botao"", ""eventLabel"": ""parcelas:$quantity""} }","payment_methods_tag","","","","gestao fora mapa essencial",""
"Gestao","Vendas sellout","P2","interaction","na","nao","nao","","nao","nao","nao","nao","fora_mapa_essencial","nao_essencial","remover","dominio=Vendas sellout > tipo=interaction > callback=nao > revisar_pm=nao > obsoleto=nao > nav_in_app=nao > anti_padrao=nao > fundir_pai=nao > essencial=nao:sem match no mapa essencial > nao_essencial=sim > decisao=remover","Interacao em Gerenciar vendas - lista, cadastro e cobranca de vendas sellout","Toca no botao identificado como ""vence-a-cada-$interval-dias""","app-rev:gerenciar-vendas:$category","clique:botao","vence-a-cada-$interval-dias","{""event"": {""eventCategory"": ""app-rev:gerenciar-vendas:$category"", ""eventAction"": ""clique:botao"", ""eventLabel"": ""vence-a-cada-$interval-dias""} }","payment_methods_tag","","","","gestao fora mapa essencial",""
"Gestao","Vendas sellout","lacuna","interaction","sim","nao","nao","","nao","na","nao","sim","nav_lacuna_pageview","lacuna_pageview","remover","dominio=Vendas sellout > tipo=interaction > callback=nao > revisar_pm=nao > obsoleto=nao > nav_in_app=sim > lacuna_pageview=sim > decisao=remover","Interacao em Gerenciar vendas - lista, cadastro e cobranca de vendas sellout","Toca no botao identificado como ""ir-para-relatorio""","app-rev:gerenciar-vendas:$category","clique:botao","ir-para-relatorio","{""event"": {""eventCategory"": ""app-rev:gerenciar-vendas:$category"", ""eventAction"": ""clique:botao"", ""eventLabel"": ""ir-para-relatorio""} }","payment_methods_tag","","","","remover clique; implementar pageview em aba financeira SalesReportPage",""
"Gestao","Vendas sellout","P2","interaction","sim","nao","nao","","nao","na","nao","nao","nav_duplicada","nav_duplicada","remover","dominio=Vendas sellout > tipo=interaction > callback=nao > revisar_pm=nao > obsoleto=nao > nav_in_app=sim > decisao=remover","Interacao em Gerenciar vendas - lista, cadastro e cobranca de vendas sellout","Toca no botao: voltar","app-rev:gerenciar-vendas:$category","clique:botao","voltar","{""event"": {""eventCategory"": ""app-rev:gerenciar-vendas:$category"", ""eventAction"": ""clique:botao"", ""eventLabel"": ""voltar""} }","payment_methods_tag","","","","remover clique navegacao in-app; destino coberto por pageview",""
"Gestao","Vendas sellout","P2","interaction","na","nao","nao","","nao","nao","nao","nao","fora_mapa_essencial","nao_essencial","remover","dominio=Vendas sellout > tipo=interaction > callback=nao > revisar_pm=nao > obsoleto=nao > nav_in_app=nao > anti_padrao=nao > fundir_pai=nao > essencial=nao:sem match no mapa essencial > nao_essencial=sim > decisao=remover","Interacao em Gerenciar vendas - lista, cadastro e cobranca de vendas sellout","Toca no botao identificado como ""fechar-banner""","app-rev:gerenciar-vendas:$category","clique:botao","fechar-banner","{""event"": {""eventCategory"": ""app-rev:gerenciar-vendas:$category"", ""eventAction"": ""clique:botao"", ""eventLabel"": ""fechar-banner""} }","payment_methods_tag","","","","gestao fora mapa essencial",""
"Gestao","Vendas sellout","P2","interaction","na","nao","nao","","nao","nao","nao","nao","fora_mapa_essencial","nao_essencial","remover","dominio=Vendas sellout > tipo=interaction > callback=nao > revisar_pm=nao > obsoleto=nao > nav_in_app=nao > anti_padrao=nao > fundir_pai=nao > essencial=nao:sem match no mapa essencial > nao_essencial=sim > decisao=remover","Interacao em Gerenciar vendas - lista, cadastro e cobranca de vendas sellout","Toca no botao identificado como ""salvar-condicoes-pagamento""","app-rev:gerenciar-vendas:$category","clique:botao","salvar-condicoes-pagamento","{""event"": {""eventCategory"": ""app-rev:gerenciar-vendas:$category"", ""eventAction"": ""clique:botao"", ""eventLabel"": ""salvar-condicoes-pagamento""} }","payment_methods_tag","","","","gestao fora mapa essencial",""
"Gestao","Vendas sellout","P1","interaction","na","nao","nao","","nao","p1","nao","nao","essencial_migrar","essencial_p1","migrar","dominio=Vendas sellout > tipo=interaction > callback=nao > revisar_pm=nao > obsoleto=nao > nav_in_app=nao > anti_padrao=nao > fundir_pai=nao > essencial=p1:gestao label P1: confirmar > nao_essencial=nao > decisao=migrar","Interacao em Gerenciar vendas - lista, cadastro e cobranca de vendas sellout","Toca no botao identificado como ""$paymentStatus:confirmar:${success ? ""","app-rev:gerenciar-vendas","clique:botao","$paymentStatus:confirmar:${success ? ","{""event"": {""eventCategory"": ""app-rev:gerenciar-vendas"", ""eventAction"": ""clique:botao"", ""eventLabel"": ""$paymentStatus:confirmar:${success ? ""} }","sales_details_tag","interaction_gestao","click:button-$paymentstatus-confirmar-${success ? ","{""client_id"":""[[identificador-unico-usuario]]"",""session_id"":""[[identificador-unico-sessao]]"",""events"":[{""params"":{""cd_interaction_detail"":""click:button-$paymentstatus-confirmar-${success ? ""},""name"":""interaction_gestao""}]}","gestao label P1: confirmar",""
"Gestao","Vendas sellout","P1","interaction","na","nao","nao","","nao","p1","nao","nao","essencial_migrar","essencial_p1","migrar","dominio=Vendas sellout > tipo=interaction > callback=nao > revisar_pm=nao > obsoleto=nao > nav_in_app=nao > anti_padrao=nao > fundir_pai=nao > essencial=p1:gestao label P1: excluir-venda > nao_essencial=nao > decisao=migrar","Interacao em Gerenciar vendas - lista, cadastro e cobranca de vendas sellout","Toca no botao identificado como ""excluir-venda""","app-rev:gerenciar-vendas","clique:botao","excluir-venda","{""event"": {""eventCategory"": ""app-rev:gerenciar-vendas"", ""eventAction"": ""clique:botao"", ""eventLabel"": ""excluir-venda""} }","sales_details_tag","interaction_gestao","click:button-excluir-venda","{""client_id"":""[[identificador-unico-usuario]]"",""session_id"":""[[identificador-unico-sessao]]"",""events"":[{""params"":{""cd_interaction_detail"":""click:button-excluir-venda""},""name"":""interaction_gestao""}]}","gestao label P1: excluir-venda",""
"Gestao","Vendas sellout","P1","interaction","na","nao","nao","","nao","p1","nao","nao","essencial_migrar","essencial_p1","migrar","dominio=Vendas sellout > tipo=interaction > callback=nao > revisar_pm=nao > obsoleto=nao > nav_in_app=nao > anti_padrao=nao > fundir_pai=nao > essencial=p1:gestao label P1: adicionar-informacao > nao_essencial=nao > decisao=migrar","Interacao em Gerenciar vendas - lista, cadastro e cobranca de vendas sellout","Toca no botao identificado como ""adicionar-informacao""","app-rev:gerenciar-vendas","clique:botao","adicionar-informacao","{""event"": {""eventCategory"": ""app-rev:gerenciar-vendas"", ""eventAction"": ""clique:botao"", ""eventLabel"": ""adicionar-informacao""} }","sales_details_tag","interaction_gestao","click:button-adicionar-informacao","{""client_id"":""[[identificador-unico-usuario]]"",""session_id"":""[[identificador-unico-sessao]]"",""events"":[{""params"":{""cd_interaction_detail"":""click:button-adicionar-informacao""},""name"":""interaction_gestao""}]}","gestao label P1: adicionar-informacao",""
"Gestao","Vendas sellout","P1","interaction","na","nao","nao","","nao","p1","nao","nao","essencial_migrar","essencial_p1","migrar","dominio=Vendas sellout > tipo=interaction > callback=nao > revisar_pm=nao > obsoleto=nao > nav_in_app=nao > anti_padrao=nao > fundir_pai=nao > essencial=p1:gestao label P1: adicionar-parcela > nao_essencial=nao > decisao=migrar","Interacao em Gerenciar vendas - lista, cadastro e cobranca de vendas sellout","Toca no botao identificado como ""adicionar-parcela""","app-rev:gerenciar-vendas","clique:botao","adicionar-parcela","{""event"": {""eventCategory"": ""app-rev:gerenciar-vendas"", ""eventAction"": ""clique:botao"", ""eventLabel"": ""adicionar-parcela""} }","sales_details_tag","interaction_gestao","click:button-adicionar-parcela","{""client_id"":""[[identificador-unico-usuario]]"",""session_id"":""[[identificador-unico-sessao]]"",""events"":[{""params"":{""cd_interaction_detail"":""click:button-adicionar-parcela""},""name"":""interaction_gestao""}]}","gestao label P1: adicionar-parcela",""
"Gestao","Vendas sellout","P1","interaction","na","nao","nao","","nao","p1","nao","nao","essencial_migrar","essencial_p1","migrar","dominio=Vendas sellout > tipo=interaction > callback=nao > revisar_pm=nao > obsoleto=nao > nav_in_app=nao > anti_padrao=nao > fundir_pai=nao > essencial=p1:gestao label P1: adicionar-produto > nao_essencial=nao > decisao=migrar","Interacao em Gerenciar vendas - lista, cadastro e cobranca de vendas sellout","Toca no botao identificado como ""adicionar-produtos-ao-carrinho:$saleId""","app-rev:gerenciar-vendas","clique:botao","adicionar-produtos-ao-carrinho:$saleId","{""event"": {""eventCategory"": ""app-rev:gerenciar-vendas"", ""eventAction"": ""clique:botao"", ""eventLabel"": ""adicionar-produtos-ao-carrinho:$saleId""} }","sales_details_tag","interaction_gestao","click:button-adicionar-produtos-ao-carrinho-$saleid","{""client_id"":""[[identificador-unico-usuario]]"",""session_id"":""[[identificador-unico-sessao]]"",""events"":[{""params"":{""cd_interaction_detail"":""click:button-adicionar-produtos-ao-carrinho-$saleid"",""cd_id_venda"":""$saleId""},""name"":""interaction_gestao""}]}","gestao label P1: adicionar-produto; cd_* legado preservados em json_novo.params",""
"Gestao","Vendas sellout","P2","interaction","sim","nao","nao","","nao","na","nao","nao","nav_duplicada","nav_duplicada","remover","dominio=Vendas sellout > tipo=interaction > callback=nao > revisar_pm=nao > obsoleto=nao > nav_in_app=sim > decisao=remover","Interacao em Gerenciar vendas - lista, cadastro e cobranca de vendas sellout","Toca no botao: voltar","app-rev:gerenciar-vendas","clique:botao","voltar","{""event"": {""eventCategory"": ""app-rev:gerenciar-vendas"", ""eventAction"": ""clique:botao"", ""eventLabel"": ""voltar""} }","sales_details_tag","","","","remover clique navegacao in-app; destino coberto por pageview",""
"Gestao","Vendas sellout","P1","interaction","na","nao","nao","","nao","p1","nao","nao","essencial_migrar","essencial_p1","migrar","dominio=Vendas sellout > tipo=interaction > callback=nao > revisar_pm=nao > obsoleto=nao > nav_in_app=nao > anti_padrao=nao > fundir_pai=nao > essencial=p1:gestao label P1: alterar-parcelas > nao_essencial=nao > decisao=migrar","Interacao em Gerenciar vendas - lista, cadastro e cobranca de vendas sellout","Toca no botao identificado como ""alterar-parcelas""","app-rev:gerenciar-vendas","clique:botao","alterar-parcelas","{""event"": {""eventCategory"": ""app-rev:gerenciar-vendas"", ""eventAction"": ""clique:botao"", ""eventLabel"": ""alterar-parcelas""} }","sales_details_tag","interaction_gestao","click:button-alterar-parcelas","{""client_id"":""[[identificador-unico-usuario]]"",""session_id"":""[[identificador-unico-sessao]]"",""events"":[{""params"":{""cd_interaction_detail"":""click:button-alterar-parcelas""},""name"":""interaction_gestao""}]}","gestao label P1: alterar-parcelas",""
"Gestao","Vendas sellout","P0","interaction","na","nao","nao","","nao","p0","nao","nao","essencial_migrar","essencial_p0","migrar","dominio=Vendas sellout > tipo=interaction > callback=nao > revisar_pm=nao > obsoleto=nao > nav_in_app=nao > anti_padrao=nao > fundir_pai=nao > essencial=p0:label KPI P0: gerar-link > nao_essencial=nao > decisao=migrar","Interacao em Gerenciar vendas - lista, cadastro e cobranca de vendas sellout","Toca no botao identificado como ""gerar-link-pagamento:$saleId""","app-rev:gerenciar-vendas","clique:botao","gerar-link-pagamento:$saleId","{""event"": {""eventCategory"": ""app-rev:gerenciar-vendas"", ""eventAction"": ""clique:botao"", ""eventLabel"": ""gerar-link-pagamento:$saleId""} }","sales_details_tag","interaction_gestao","click:button-gerar-link-pagamento-$saleid","{""client_id"":""[[identificador-unico-usuario]]"",""session_id"":""[[identificador-unico-sessao]]"",""events"":[{""params"":{""cd_interaction_detail"":""click:button-gerar-link-pagamento-$saleid"",""cd_id_venda"":""$saleId""},""name"":""interaction_gestao""}]}","label KPI P0: gerar-link; cd_* legado preservados em json_novo.params",""
"Gestao","Vendas sellout","P1","interaction","na","nao","nao","","nao","p1","nao","nao","essencial_migrar","essencial_p1","migrar","dominio=Vendas sellout > tipo=interaction > callback=nao > revisar_pm=nao > obsoleto=nao > nav_in_app=nao > anti_padrao=nao > fundir_pai=nao > essencial=p1:gestao label P1: concluir-venda > nao_essencial=nao > decisao=migrar","Interacao em Gerenciar vendas - lista, cadastro e cobranca de vendas sellout","Toca no botao identificado como ""concluir-venda""","app-rev:gerenciar-vendas","clique:botao","concluir-venda","{""event"": {""eventCategory"": ""app-rev:gerenciar-vendas"", ""eventAction"": ""clique:botao"", ""eventLabel"": ""concluir-venda""} }","sales_details_tag","interaction_gestao","click:button-concluir-venda","{""client_id"":""[[identificador-unico-usuario]]"",""session_id"":""[[identificador-unico-sessao]]"",""events"":[{""params"":{""cd_interaction_detail"":""click:button-concluir-venda""},""name"":""interaction_gestao""}]}","gestao label P1: concluir-venda",""
"Gestao","Vendas sellout","P2","interaction","na","nao","nao","","nao","nao","nao","nao","fora_mapa_essencial","nao_essencial","remover","dominio=Vendas sellout > tipo=interaction > callback=nao > revisar_pm=nao > obsoleto=nao > nav_in_app=nao > anti_padrao=nao > fundir_pai=nao > essencial=nao:sem match no mapa essencial > nao_essencial=sim > decisao=remover","Interacao em Gerenciar vendas - lista, cadastro e cobranca de vendas sellout","Toca no botao identificado como ""editar-pagamento:$paymentStatus:$saleId""","app-rev:gerenciar-vendas","clique:botao","editar-pagamento:$paymentStatus:$saleId","{""event"": {""eventCategory"": ""app-rev:gerenciar-vendas"", ""eventAction"": ""clique:botao"", ""eventLabel"": ""editar-pagamento:$paymentStatus:$saleId""} }","sales_details_tag","","","","gestao fora mapa essencial",""
"Gestao","Vendas sellout","P1","interaction","na","nao","nao","","nao","p1","nao","nao","essencial_migrar","essencial_p1","migrar","dominio=Vendas sellout > tipo=interaction > callback=nao > revisar_pm=nao > obsoleto=nao > nav_in_app=nao > anti_padrao=nao > fundir_pai=nao > essencial=p1:gestao label P1: editar-produto > nao_essencial=nao > decisao=migrar","Interacao em Gerenciar vendas - lista, cadastro e cobranca de vendas sellout","Toca no botao identificado como ""editar-produtos""","app-rev:gerenciar-vendas","clique:botao","editar-produtos","{""event"": {""eventCategory"": ""app-rev:gerenciar-vendas"", ""eventAction"": ""clique:botao"", ""eventLabel"": ""editar-produtos""} }","sales_details_tag","interaction_gestao","click:button-editar-produtos","{""client_id"":""[[identificador-unico-usuario]]"",""session_id"":""[[identificador-unico-sessao]]"",""events"":[{""params"":{""cd_interaction_detail"":""click:button-editar-produtos""},""name"":""interaction_gestao""}]}","gestao label P1: editar-produto",""
"Gestao","Vendas sellout","P1","interaction","na","nao","nao","","nao","p1","nao","nao","essencial_migrar","essencial_p1","migrar","dominio=Vendas sellout > tipo=interaction > callback=nao > revisar_pm=nao > obsoleto=nao > nav_in_app=nao > anti_padrao=nao > fundir_pai=nao > essencial=p1:gestao label P1: adicionar-parcela > nao_essencial=nao > decisao=migrar","Interacao em Gerenciar vendas - lista, cadastro e cobranca de vendas sellout","Toca no botao identificado como ""adicionar-parcelamento""","app-rev:gerenciar-vendas","clique:botao","adicionar-parcelamento","{""event"": {""eventCategory"": ""app-rev:gerenciar-vendas"", ""eventAction"": ""clique:botao"", ""eventLabel"": ""adicionar-parcelamento""} }","sales_details_tag","interaction_gestao","click:button-adicionar-parcelamento","{""client_id"":""[[identificador-unico-usuario]]"",""session_id"":""[[identificador-unico-sessao]]"",""events"":[{""params"":{""cd_interaction_detail"":""click:button-adicionar-parcelamento""},""name"":""interaction_gestao""}]}","gestao label P1: adicionar-parcela",""
"Gestao","Vendas sellout","P0","interaction","na","nao","nao","","nao","p0","nao","nao","essencial_migrar","essencial_p0","migrar","dominio=Vendas sellout > tipo=interaction > callback=nao > revisar_pm=nao > obsoleto=nao > nav_in_app=nao > anti_padrao=nao > fundir_pai=nao > essencial=p0:label KPI P0: ^compartilhar > nao_essencial=nao > decisao=migrar","Interacao em Gerenciar vendas - lista, cadastro e cobranca de vendas sellout","Toca no botao identificado como ""compartilhar:$saleId""","app-rev:gerenciar-vendas","clique:botao","compartilhar:$saleId","{""event"": {""eventCategory"": ""app-rev:gerenciar-vendas"", ""eventAction"": ""clique:botao"", ""eventLabel"": ""compartilhar:$saleId""} }","sales_details_tag","interaction_gestao","click:button-compartilhar-$saleid","{""client_id"":""[[identificador-unico-usuario]]"",""session_id"":""[[identificador-unico-sessao]]"",""events"":[{""params"":{""cd_interaction_detail"":""click:button-compartilhar-$saleid"",""cd_id_venda"":""$saleId""},""name"":""interaction_gestao""}]}","label KPI P0: ^compartilhar; cd_* legado preservados em json_novo.params",""
"Gestao","Vendas sellout","P2","interaction","na","nao","sim","tooltip","nao","na","nao","nao","anti_padrao_tooltip","anti_padrao","remover","dominio=Vendas sellout > tipo=interaction > callback=nao > revisar_pm=nao > obsoleto=nao > nav_in_app=nao > anti_padrao=sim:tooltip > decisao=remover","Interacao em Gerenciar vendas - lista, cadastro e cobranca de vendas sellout","Acao registrada: clique:tooltip / info-pago-parcial","app-rev:gerenciar-vendas","clique:tooltip","info-pago-parcial","{""event"": {""eventCategory"": ""app-rev:gerenciar-vendas"", ""eventAction"": ""clique:tooltip"", ""eventLabel"": ""info-pago-parcial""} }","sales_details_tag","","","","P2 tooltip",""
"Gestao","Vendas sellout","P1","interaction","na","nao","nao","","nao","p1","nao","nao","essencial_migrar","essencial_p1","migrar","dominio=Vendas sellout > tipo=interaction > callback=nao > revisar_pm=nao > obsoleto=nao > nav_in_app=nao > anti_padrao=nao > fundir_pai=nao > essencial=p1:gestao label P1: alterar-status-pagamento > nao_essencial=nao > decisao=migrar","Interacao em Gerenciar vendas - lista, cadastro e cobranca de vendas sellout","Toca no botao identificado como ""alterar-status-pagamento:${_mapPaymentStatusToString(status)}""","app-rev:gerenciar-vendas","clique:botao","alterar-status-pagamento:${_mapPaymentStatusToString(status)}","{""event"": {""eventCategory"": ""app-rev:gerenciar-vendas"", ""eventAction"": ""clique:botao"", ""eventLabel"": ""alterar-status-pagamento:${_mapPaymentStatusToString(status)}""} }","sales_details_tag","interaction_gestao","click:button-alterar-status-pagamento-${-mappaymentstatustostring(status)}","{""client_id"":""[[identificador-unico-usuario]]"",""session_id"":""[[identificador-unico-sessao]]"",""events"":[{""params"":{""cd_interaction_detail"":""click:button-alterar-status-pagamento-${-mappaymentstatustostring(status)}""},""name"":""interaction_gestao""}]}","gestao label P1: alterar-status-pagamento",""
"Gestao","Vendas sellout","P2","interaction","na","nao","nao","","nao","nao","nao","nao","fora_mapa_essencial","nao_essencial","remover","dominio=Vendas sellout > tipo=interaction > callback=nao > revisar_pm=nao > obsoleto=nao > nav_in_app=nao > anti_padrao=nao > fundir_pai=nao > essencial=nao:sem match no mapa essencial > nao_essencial=sim > decisao=remover","Interacao em Gerenciar vendas - lista, cadastro e cobranca de vendas sellout","Interacao com botao ou card cujo rotulo vem do texto exibido na UI (marca, secao, etc.)","app-rev:gerenciar-vendas","dinamico","dinamico (toAnalyticsFormat)","{""event"": {""eventCategory"": ""app-rev:gerenciar-vendas"", ""eventAction"": ""dinamico"", ""eventLabel"": ""dinamico (toAnalyticsFormat)""} }","sales_details_tag","","","","gestao sem match essencial",""
"Gestao","Vendas sellout","P1","interaction","na","nao","nao","","nao","p1","nao","nao","essencial_migrar","essencial_p1","migrar","dominio=Vendas sellout > tipo=interaction > callback=nao > revisar_pm=nao > obsoleto=nao > nav_in_app=nao > anti_padrao=nao > fundir_pai=nao > essencial=p1:gestao label P1: tentar-novamente > nao_essencial=nao > decisao=migrar","Interacao em Gerenciar vendas - lista, cadastro e cobranca de vendas sellout","Toca no botao: tentar novamente","app-rev:gerenciar-vendas","clique:botao","tentar-novamente","{""event"": {""eventCategory"": ""app-rev:gerenciar-vendas"", ""eventAction"": ""clique:botao"", ""eventLabel"": ""tentar-novamente""} }","sales_details_tag","interaction_gestao","click:button-tentar-novamente","{""client_id"":""[[identificador-unico-usuario]]"",""session_id"":""[[identificador-unico-sessao]]"",""events"":[{""params"":{""cd_interaction_detail"":""click:button-tentar-novamente""},""name"":""interaction_gestao""}]}","gestao label P1: tentar-novamente",""
"Gestao","Vendas sellout","P0","callback","na","nao","nao","","nao","p0","nao","nao","callback_p0","essencial_p0","migrar","dominio=Vendas sellout > tipo=callback > callback=sim > essencial=p0 > decisao=migrar","Interacao em Gerenciar vendas - lista, cadastro e cobranca de vendas sellout","Acao registrada: callback:auto_save_sale / erro","app-rev:gerenciar-vendas","callback:auto_save_sale","erro","{""event"": {""eventCategory"": ""app-rev:gerenciar-vendas"", ""eventAction"": ""callback:auto_save_sale"", ""eventLabel"": ""erro""} }","add_sale_tag","callback_vendas_auto_save_sale","","{""client_id"":""[[identificador-unico-usuario]]"",""session_id"":""[[identificador-unico-sessao]]"",""events"":[{""name"":""callback_vendas_auto_save_sale_error"",""params"":{""cd_error_message"":""auto-save-failed""}}]}","callback erro",""
"Gestao","Vendas sellout","P0","callback","na","nao","nao","","nao","p0","nao","nao","callback_p0","essencial_p0","migrar","dominio=Vendas sellout > tipo=callback > callback=sim > essencial=p0 > decisao=migrar","Interacao em Gerenciar vendas - lista, cadastro e cobranca de vendas sellout","Acao registrada: callback:auto_save_sale / sucesso","app-rev:gerenciar-vendas","callback:auto_save_sale","sucesso","{""event"": {""eventCategory"": ""app-rev:gerenciar-vendas"", ""eventAction"": ""callback:auto_save_sale"", ""eventLabel"": ""sucesso""} }","add_sale_tag","callback_vendas_auto_save_sale","","{""client_id"":""[[identificador-unico-usuario]]"",""session_id"":""[[identificador-unico-sessao]]"",""events"":[{""name"":""callback_vendas_auto_save_sale_success"",""params"":{}}]}","callback sucesso",""
"Gestao","Vendas sellout","P0","callback","na","nao","nao","","nao","p0","nao","nao","callback_p0","essencial_p0","migrar","dominio=Vendas sellout > tipo=callback > callback=sim > essencial=p0 > decisao=migrar","Interacao em Gerenciar vendas - lista, cadastro e cobranca de vendas sellout","Acao registrada: callback:alterar-data / sucesso","app-rev:gerenciar-vendas","callback:alterar-data","sucesso","{""event"": {""eventCategory"": ""app-rev:gerenciar-vendas"", ""eventAction"": ""callback:alterar-data"", ""eventLabel"": ""sucesso""} }","add_sale_tag","callback_vendas_change_date","","{""client_id"":""[[identificador-unico-usuario]]"",""session_id"":""[[identificador-unico-sessao]]"",""events"":[{""name"":""callback_vendas_change_date_success"",""params"":{}}]}","callback sucesso",""
"Gestao","Vendas sellout","P1","interaction","na","nao","nao","","nao","p1","nao","nao","essencial_migrar","essencial_p1","migrar","dominio=Vendas sellout > tipo=interaction > callback=nao > revisar_pm=nao > obsoleto=nao > nav_in_app=nao > anti_padrao=nao > fundir_pai=nao > essencial=p1:gestao label P1: alterar-cliente > nao_essencial=nao > decisao=migrar","Interacao em Gerenciar vendas - lista, cadastro e cobranca de vendas sellout","Toca no botao identificado como ""alterar-cliente""","app-rev:gerenciar-vendas","clique:botao","alterar-cliente","{""event"": {""eventCategory"": ""app-rev:gerenciar-vendas"", ""eventAction"": ""clique:botao"", ""eventLabel"": ""alterar-cliente""} }","add_sale_tag","interaction_gestao","click:button-alterar-cliente","{""client_id"":""[[identificador-unico-usuario]]"",""session_id"":""[[identificador-unico-sessao]]"",""events"":[{""params"":{""cd_interaction_detail"":""click:button-alterar-cliente""},""name"":""interaction_gestao""}]}","gestao label P1: alterar-cliente",""
"Gestao","Vendas sellout","P0","interaction","na","nao","nao","","nao","p0","nao","nao","essencial_migrar","essencial_p0","migrar","dominio=Vendas sellout > tipo=interaction > callback=nao > revisar_pm=nao > obsoleto=nao > nav_in_app=nao > anti_padrao=nao > fundir_pai=nao > essencial=p0:label KPI P0: cobranca > nao_essencial=nao > decisao=migrar","Interacao em Gerenciar vendas - lista, cadastro e cobranca de vendas sellout","Toca no botao identificado como ""criar-novo-link-de-cobranca""","app-rev:gerenciar-vendas","clique:botao","criar-novo-link-de-cobranca","{""event"": {""eventCategory"": ""app-rev:gerenciar-vendas"", ""eventAction"": ""clique:botao"", ""eventLabel"": ""criar-novo-link-de-cobranca""} }","add_sale_tag","interaction_gestao","click:button-criar-novo-link-de-cobranca","{""client_id"":""[[identificador-unico-usuario]]"",""session_id"":""[[identificador-unico-sessao]]"",""events"":[{""params"":{""cd_interaction_detail"":""click:button-criar-novo-link-de-cobranca""},""name"":""interaction_gestao""}]}","label KPI P0: cobranca",""
"Gestao","Vendas sellout","P2","interaction","na","nao","nao","","nao","nao","nao","nao","fora_mapa_essencial","nao_essencial","remover","dominio=Vendas sellout > tipo=interaction > callback=nao > revisar_pm=nao > obsoleto=nao > nav_in_app=nao > anti_padrao=nao > fundir_pai=nao > essencial=nao:sem match no mapa essencial > nao_essencial=sim > decisao=remover","Interacao em Gerenciar vendas - lista, cadastro e cobranca de vendas sellout","Toca no botao identificado como ""editar:$sku""","app-rev:gerenciar-vendas","clique:botao","editar:$sku","{""event"": {""eventCategory"": ""app-rev:gerenciar-vendas"", ""eventAction"": ""clique:botao"", ""eventLabel"": ""editar:$sku""} }","add_sale_tag","","","","gestao fora mapa essencial",""
"Gestao","Vendas sellout","P2","interaction","na","nao","nao","","nao","nao","nao","nao","fora_mapa_essencial","nao_essencial","remover","dominio=Vendas sellout > tipo=interaction > callback=nao > revisar_pm=nao > obsoleto=nao > nav_in_app=nao > anti_padrao=nao > fundir_pai=nao > essencial=nao:sem match no mapa essencial > nao_essencial=sim > decisao=remover","Interacao em Gerenciar vendas - lista, cadastro e cobranca de vendas sellout","Toca no botao identificado como ""editar-valor""","app-rev:gerenciar-vendas","clique:botao","editar-valor","{""event"": {""eventCategory"": ""app-rev:gerenciar-vendas"", ""eventAction"": ""clique:botao"", ""eventLabel"": ""editar-valor""} }","add_sale_tag","","","","gestao fora mapa essencial",""
"Gestao","Vendas sellout","P0","callback","na","nao","nao","","nao","p0","nao","nao","callback_p0","essencial_p0","migrar","dominio=Vendas sellout > tipo=callback > callback=sim > essencial=p0 > decisao=migrar","Interacao em Gerenciar vendas - lista, cadastro e cobranca de vendas sellout","Acao registrada: callback:nova-venda / sucesso","app-rev:gerenciar-vendas","callback:nova-venda","sucesso","{""event"": {""eventCategory"": ""app-rev:gerenciar-vendas"", ""eventAction"": ""callback:nova-venda"", ""eventLabel"": ""sucesso""} }","add_sale_tag","callback_vendas_create_sale","","{""client_id"":""[[identificador-unico-usuario]]"",""session_id"":""[[identificador-unico-sessao]]"",""events"":[{""name"":""callback_vendas_create_sale_success"",""params"":{}}]}","callback sucesso",""
"Gestao","Vendas sellout","P2","interaction","na","nao","nao","","nao","nao","nao","nao","fora_mapa_essencial","nao_essencial","remover","dominio=Vendas sellout > tipo=interaction > callback=nao > revisar_pm=nao > obsoleto=nao > nav_in_app=nao > anti_padrao=nao > fundir_pai=nao > essencial=nao:sem match no mapa essencial > nao_essencial=sim > decisao=remover","Interacao em Gerenciar vendas - lista, cadastro e cobranca de vendas sellout","Toca no botao identificado como ""excluir:$sku""","app-rev:gerenciar-vendas","clique:botao","excluir:$sku","{""event"": {""eventCategory"": ""app-rev:gerenciar-vendas"", ""eventAction"": ""clique:botao"", ""eventLabel"": ""excluir:$sku""} }","add_sale_tag","","","","gestao fora mapa essencial",""
"Gestao","Vendas sellout","P0","interaction","na","nao","nao","","nao","p0","nao","nao","essencial_migrar","essencial_p0","migrar","dominio=Vendas sellout > tipo=interaction > callback=nao > revisar_pm=nao > obsoleto=nao > nav_in_app=nao > anti_padrao=nao > fundir_pai=nao > essencial=p0:label KPI P0: salvar-venda > nao_essencial=nao > decisao=migrar","Interacao em Gerenciar vendas - lista, cadastro e cobranca de vendas sellout","Toca no botao identificado como ""salvar-venda""","app-rev:gerenciar-vendas","clique:botao","salvar-venda","{""event"": {""eventCategory"": ""app-rev:gerenciar-vendas"", ""eventAction"": ""clique:botao"", ""eventLabel"": ""salvar-venda""} }","add_sale_tag","interaction_gestao","click:button-salvar-venda","{""client_id"":""[[identificador-unico-usuario]]"",""session_id"":""[[identificador-unico-sessao]]"",""events"":[{""params"":{""cd_interaction_detail"":""click:button-salvar-venda""},""name"":""interaction_gestao""}]}","label KPI P0: salvar-venda",""
"Gestao","Vendas sellout","P1","interaction","na","nao","nao","","nao","p1","nao","nao","essencial_migrar","essencial_p1","migrar","dominio=Vendas sellout > tipo=interaction > callback=nao > revisar_pm=nao > obsoleto=nao > nav_in_app=nao > anti_padrao=nao > fundir_pai=nao > essencial=p1:gestao label P1: selecionar-cliente > nao_essencial=nao > decisao=migrar","Interacao em Gerenciar vendas - lista, cadastro e cobranca de vendas sellout","Toca no botao identificado como ""selecionar-cliente""","app-rev:gerenciar-vendas","clique:botao","selecionar-cliente","{""event"": {""eventCategory"": ""app-rev:gerenciar-vendas"", ""eventAction"": ""clique:botao"", ""eventLabel"": ""selecionar-cliente""} }","add_sale_tag","interaction_gestao","click:button-selecionar-cliente","{""client_id"":""[[identificador-unico-usuario]]"",""session_id"":""[[identificador-unico-sessao]]"",""events"":[{""params"":{""cd_interaction_detail"":""click:button-selecionar-cliente""},""name"":""interaction_gestao""}]}","gestao label P1: selecionar-cliente",""
"Gestao","Vendas sellout","P1","interaction","na","nao","nao","","nao","p1","nao","nao","essencial_migrar","essencial_p1","migrar","dominio=Vendas sellout > tipo=interaction > callback=nao > revisar_pm=nao > obsoleto=nao > nav_in_app=nao > anti_padrao=nao > fundir_pai=nao > essencial=p1:gestao label P1: selecionar-produto > nao_essencial=nao > decisao=migrar","Interacao em Gerenciar vendas - lista, cadastro e cobranca de vendas sellout","Toca no botao identificado como ""selecionar-produto""","app-rev:gerenciar-vendas","clique:botao","selecionar-produto","{""event"": {""eventCategory"": ""app-rev:gerenciar-vendas"", ""eventAction"": ""clique:botao"", ""eventLabel"": ""selecionar-produto""} }","add_sale_tag","interaction_gestao","click:button-selecionar-produto","{""client_id"":""[[identificador-unico-usuario]]"",""session_id"":""[[identificador-unico-sessao]]"",""events"":[{""params"":{""cd_interaction_detail"":""click:button-selecionar-produto""},""name"":""interaction_gestao""}]}","gestao label P1: selecionar-produto",""
"Gestao","Vendas sellout","P1","interaction","na","nao","nao","","nao","p1","nao","nao","essencial_migrar","essencial_p1","migrar","dominio=Vendas sellout > tipo=interaction > callback=nao > revisar_pm=nao > obsoleto=nao > nav_in_app=nao > anti_padrao=nao > fundir_pai=nao > essencial=p1:gestao label P1: tentar-novamente > nao_essencial=nao > decisao=migrar","Interacao em Gerenciar vendas - lista, cadastro e cobranca de vendas sellout","Toca no botao: tentar novamente","app-rev:gerenciar-vendas","clique:botao","tentar-novamente","{""event"": {""eventCategory"": ""app-rev:gerenciar-vendas"", ""eventAction"": ""clique:botao"", ""eventLabel"": ""tentar-novamente""} }","add_sale_tag","interaction_gestao","click:button-tentar-novamente","{""client_id"":""[[identificador-unico-usuario]]"",""session_id"":""[[identificador-unico-sessao]]"",""events"":[{""params"":{""cd_interaction_detail"":""click:button-tentar-novamente""},""name"":""interaction_gestao""}]}","gestao label P1: tentar-novamente",""
"Gestao","Vendas sellout","P2","interaction","na","nao","nao","","nao","nao","nao","nao","fora_mapa_essencial","nao_essencial","remover","dominio=Vendas sellout > tipo=interaction > callback=nao > revisar_pm=nao > obsoleto=nao > nav_in_app=nao > anti_padrao=nao > fundir_pai=nao > essencial=nao:sem match no mapa essencial > nao_essencial=sim > decisao=remover","Interacao em Gerenciar vendas - lista, cadastro e cobranca de vendas sellout","Toca no botao identificado como ""alterar-data""","app-rev:gerenciar-vendas","clique:botao","alterar-data","{""event"": {""eventCategory"": ""app-rev:gerenciar-vendas"", ""eventAction"": ""clique:botao"", ""eventLabel"": ""alterar-data""} }","add_sale_tag","","","","gestao fora mapa essencial",""
"Gestao","Vendas sellout","P2","interaction","na","nao","nao","","nao","nao","nao","nao","fora_mapa_essencial","nao_essencial","remover","dominio=Vendas sellout > tipo=interaction > callback=nao > revisar_pm=nao > obsoleto=nao > nav_in_app=nao > anti_padrao=nao > fundir_pai=nao > essencial=nao:sem match no mapa essencial > nao_essencial=sim > decisao=remover","Interacao em Gerenciar vendas - lista, cadastro e cobranca de vendas sellout","Toca no botao identificado como ""cliente-nao-pagou""","app-rev:gerenciar-vendas","clique:botao","cliente-nao-pagou","{""event"": {""eventCategory"": ""app-rev:gerenciar-vendas"", ""eventAction"": ""clique:botao"", ""eventLabel"": ""cliente-nao-pagou""} }","add_sale_tag","","","","gestao fora mapa essencial",""
"Gestao","Vendas sellout","P2","interaction","na","nao","nao","","nao","nao","nao","nao","fora_mapa_essencial","nao_essencial","remover","dominio=Vendas sellout > tipo=interaction > callback=nao > revisar_pm=nao > obsoleto=nao > nav_in_app=nao > anti_padrao=nao > fundir_pai=nao > essencial=nao:sem match no mapa essencial > nao_essencial=sim > decisao=remover","Interacao em Gerenciar vendas - lista, cadastro e cobranca de vendas sellout","Acao na tela: press confirm quit","app-rev:gerenciar-vendas:confirmar-sair","clique:botao","","{""event"": {""eventCategory"": ""app-rev:gerenciar-vendas:confirmar-sair"", ""eventAction"": ""clique:botao"", ""eventLabel"": """"} }","confirm_quit_survey_tag","","","","gestao fora mapa essencial",""
"Gestao","Vendas sellout","P2","interaction","na","nao","nao","","nao","nao","nao","nao","fora_mapa_essencial","nao_essencial","remover","dominio=Vendas sellout > tipo=interaction > callback=nao > revisar_pm=nao > obsoleto=nao > nav_in_app=nao > anti_padrao=nao > fundir_pai=nao > essencial=nao:sem match no mapa essencial > nao_essencial=sim > decisao=remover","Interacao em Gerenciar vendas - lista, cadastro e cobranca de vendas sellout","Toca no botao identificado como ""continuar-editando""","app-rev:gerenciar-vendas:confirmar-sair","clique:botao","continuar-editando","{""event"": {""eventCategory"": ""app-rev:gerenciar-vendas:confirmar-sair"", ""eventAction"": ""clique:botao"", ""eventLabel"": ""continuar-editando""} }","confirm_quit_survey_tag","","","","gestao fora mapa essencial",""
"Gestao","Vendas sellout","P0","interaction","na","nao","nao","","nao","p0","nao","nao","essencial_migrar","essencial_p0","migrar","dominio=Vendas sellout > tipo=interaction > callback=nao > revisar_pm=nao > obsoleto=nao > nav_in_app=nao > anti_padrao=nao > fundir_pai=nao > essencial=p0:label KPI P0: nova-venda > nao_essencial=nao > decisao=migrar","Interacao em Gerenciar vendas - lista, cadastro e cobranca de vendas sellout","Toca no botao identificado como ""adicionar-nova-venda""","app-rev:gerenciar-vendas:venda-adicionada","clique:botao","adicionar-nova-venda","{""event"": {""eventCategory"": ""app-rev:gerenciar-vendas:venda-adicionada"", ""eventAction"": ""clique:botao"", ""eventLabel"": ""adicionar-nova-venda""} }","sale_added_page_tag","interaction_gestao","click:button-adicionar-nova-venda","{""client_id"":""[[identificador-unico-usuario]]"",""session_id"":""[[identificador-unico-sessao]]"",""events"":[{""params"":{""cd_interaction_detail"":""click:button-adicionar-nova-venda""},""name"":""interaction_gestao""}]}","label KPI P0: nova-venda",""
"Gestao","Vendas sellout","P0","interaction","na","nao","nao","","nao","p0","nao","nao","essencial_migrar","essencial_p0","migrar","dominio=Vendas sellout > tipo=interaction > callback=nao > revisar_pm=nao > obsoleto=nao > nav_in_app=nao > anti_padrao=nao > fundir_pai=nao > essencial=p0:categoria P0: gerenciar-vendas:venda-adicionada > nao_essencial=nao > decisao=migrar","Interacao em Gerenciar vendas - lista, cadastro e cobranca de vendas sellout","Toca no botao identificado como ""adicionar-parcelas-e-datas""","app-rev:gerenciar-vendas:venda-adicionada","clique:botao","adicionar-parcelas-e-datas","{""event"": {""eventCategory"": ""app-rev:gerenciar-vendas:venda-adicionada"", ""eventAction"": ""clique:botao"", ""eventLabel"": ""adicionar-parcelas-e-datas""} }","sale_added_page_tag","interaction_gestao","click:button-adicionar-parcelas-e-datas","{""client_id"":""[[identificador-unico-usuario]]"",""session_id"":""[[identificador-unico-sessao]]"",""events"":[{""params"":{""cd_interaction_detail"":""click:button-adicionar-parcelas-e-datas""},""name"":""interaction_gestao""}]}","categoria P0: gerenciar-vendas:venda-adicionada",""
"Gestao","Vendas sellout","P0","interaction","na","nao","nao","","nao","p0","nao","nao","essencial_migrar","essencial_p0","migrar","dominio=Vendas sellout > tipo=interaction > callback=nao > revisar_pm=nao > obsoleto=nao > nav_in_app=nao > anti_padrao=nao > fundir_pai=nao > essencial=p0:label KPI P0: gerar-link > nao_essencial=nao > decisao=migrar","Interacao em Gerenciar vendas - lista, cadastro e cobranca de vendas sellout","Toca no botao identificado como ""gerar-link-de-pagamento""","app-rev:gerenciar-vendas:venda-adicionada","clique:botao","gerar-link-de-pagamento","{""event"": {""eventCategory"": ""app-rev:gerenciar-vendas:venda-adicionada"", ""eventAction"": ""clique:botao"", ""eventLabel"": ""gerar-link-de-pagamento""} }","sale_added_page_tag","interaction_gestao","click:button-gerar-link-de-pagamento","{""client_id"":""[[identificador-unico-usuario]]"",""session_id"":""[[identificador-unico-sessao]]"",""events"":[{""params"":{""cd_interaction_detail"":""click:button-gerar-link-de-pagamento""},""name"":""interaction_gestao""}]}","label KPI P0: gerar-link",""
"Gestao","Vendas sellout","P0","interaction","na","nao","nao","","nao","p0","nao","nao","essencial_migrar","essencial_p0","migrar","dominio=Vendas sellout > tipo=interaction > callback=nao > revisar_pm=nao > obsoleto=nao > nav_in_app=nao > anti_padrao=nao > fundir_pai=nao > essencial=p0:categoria P0: gerenciar-vendas:venda-adicionada > nao_essencial=nao > decisao=migrar","Interacao em Gerenciar vendas - lista, cadastro e cobranca de vendas sellout","Toca no botao identificado como ""sair""","app-rev:gerenciar-vendas:venda-adicionada","clique:botao","sair","{""event"": {""eventCategory"": ""app-rev:gerenciar-vendas:venda-adicionada"", ""eventAction"": ""clique:botao"", ""eventLabel"": ""sair""} }","sale_added_page_tag","interaction_gestao","click:button-sair","{""client_id"":""[[identificador-unico-usuario]]"",""session_id"":""[[identificador-unico-sessao]]"",""events"":[{""params"":{""cd_interaction_detail"":""click:button-sair""},""name"":""interaction_gestao""}]}","categoria P0: gerenciar-vendas:venda-adicionada",""
"Gestao","Vendas sellout","P0","interaction","na","nao","nao","","nao","p0","nao","nao","essencial_migrar","essencial_p0","migrar","dominio=Vendas sellout > tipo=interaction > callback=nao > revisar_pm=nao > obsoleto=nao > nav_in_app=nao > anti_padrao=nao > fundir_pai=nao > essencial=p0:label KPI P0: cobranca > nao_essencial=nao > decisao=migrar","Interacao em Gerenciar vendas - lista, cadastro e cobranca de vendas sellout","Toca no botao identificado como ""criar-novo-link-de-cobranca""","app-rev:gerenciar-vendas","clique:botao","criar-novo-link-de-cobranca","{""event"": {""eventCategory"": ""app-rev:gerenciar-vendas"", ""eventAction"": ""clique:botao"", ""eventLabel"": ""criar-novo-link-de-cobranca""} }","sale_added_tag","interaction_gestao","click:button-criar-novo-link-de-cobranca","{""client_id"":""[[identificador-unico-usuario]]"",""session_id"":""[[identificador-unico-sessao]]"",""events"":[{""params"":{""cd_interaction_detail"":""click:button-criar-novo-link-de-cobranca""},""name"":""interaction_gestao""}]}","label KPI P0: cobranca",""
"Gestao","Carteira de clientes","P0","interaction","na","nao","nao","","nao","p0","nao","nao","essencial_migrar","essencial_p0","migrar","dominio=Carteira de clientes > tipo=interaction > callback=nao > revisar_pm=nao > obsoleto=nao > nav_in_app=nao > anti_padrao=nao > fundir_pai=nao > essencial=p0:categoria P0: gestao:organizar-vendas > nao_essencial=nao > decisao=migrar","Interacao em Gerenciar vendas - lista, cadastro e cobranca de vendas sellout","Toca no botao identificado como ""importar-contatos""","app-rev:gestao:organizar-vendas:adicionar-cliente","clique:botao","importar-contatos","{""event"": {""eventCategory"": ""app-rev:gestao:organizar-vendas:adicionar-cliente"", ""eventAction"": ""clique:botao"", ""eventLabel"": ""importar-contatos""} }","add_customer_tag","interaction_gestao","click:button-importar-contatos","{""client_id"":""[[identificador-unico-usuario]]"",""session_id"":""[[identificador-unico-sessao]]"",""events"":[{""params"":{""cd_interaction_detail"":""click:button-importar-contatos""},""name"":""interaction_gestao""}]}","categoria P0: gestao:organizar-vendas",""
"Gestao","Carteira de clientes","P0","interaction","na","nao","nao","","nao","p0","nao","nao","essencial_migrar","essencial_p0","migrar","dominio=Carteira de clientes > tipo=interaction > callback=nao > revisar_pm=nao > obsoleto=nao > nav_in_app=nao > anti_padrao=nao > fundir_pai=nao > essencial=p0:categoria P0: gestao:organizar-vendas > nao_essencial=nao > decisao=migrar","Interacao em Gerenciar vendas - lista, cadastro e cobranca de vendas sellout","Toca no botao identificado como ""informacao-telefone""","app-rev:gestao:organizar-vendas:adicionar-cliente","clique:botao","informacao-telefone","{""event"": {""eventCategory"": ""app-rev:gestao:organizar-vendas:adicionar-cliente"", ""eventAction"": ""clique:botao"", ""eventLabel"": ""informacao-telefone""} }","add_customer_tag","interaction_gestao","click:button-informacao-telefone","{""client_id"":""[[identificador-unico-usuario]]"",""session_id"":""[[identificador-unico-sessao]]"",""events"":[{""params"":{""cd_interaction_detail"":""click:button-informacao-telefone""},""name"":""interaction_gestao""}]}","categoria P0: gestao:organizar-vendas",""
"Gestao","Vendas sellout","P0","interaction","na","nao","nao","","nao","p0","nao","nao","essencial_migrar","essencial_p0","migrar","dominio=Vendas sellout > tipo=interaction > callback=nao > revisar_pm=nao > obsoleto=nao > nav_in_app=nao > anti_padrao=nao > fundir_pai=nao > essencial=p0:label KPI P0: salvar-venda > nao_essencial=nao > decisao=migrar","Interacao em Gerenciar vendas - lista, cadastro e cobranca de vendas sellout","Toca no botao identificado como ""salvar-venda-rapida""","app-rev:gerenciar-vendas:adicionar-venda-rapida:adicionar-produto","clique:botao","salvar-venda-rapida","{""event"": {""eventCategory"": ""app-rev:gerenciar-vendas:adicionar-venda-rapida:adicionar-produto"", ""eventAction"": ""clique:botao"", ""eventLabel"": ""salvar-venda-rapida""} }","quick_sale_tag","interaction_gestao","click:button-salvar-venda-rapida","{""client_id"":""[[identificador-unico-usuario]]"",""session_id"":""[[identificador-unico-sessao]]"",""events"":[{""params"":{""cd_interaction_detail"":""click:button-salvar-venda-rapida""},""name"":""interaction_gestao""}]}","label KPI P0: salvar-venda",""
"Gestao","Vendas sellout","P1","interaction","na","nao","nao","","nao","p1","nao","nao","essencial_migrar","essencial_p1","migrar","dominio=Vendas sellout > tipo=interaction > callback=nao > revisar_pm=nao > obsoleto=nao > nav_in_app=nao > anti_padrao=nao > fundir_pai=nao > essencial=p1:gestao label P1: venda-rapida > nao_essencial=nao > decisao=migrar","Interacao em Gerenciar vendas - lista, cadastro e cobranca de vendas sellout","Acao registrada: click:toast / venda-rapida-adicionada:complementar-venda","app-rev:gerenciar-vendas:adicionar-venda-rapida:adicionar-produto","click:toast","venda-rapida-adicionada:complementar-venda","{""event"": {""eventCategory"": ""app-rev:gerenciar-vendas:adicionar-venda-rapida:adicionar-produto"", ""eventAction"": ""click:toast"", ""eventLabel"": ""venda-rapida-adicionada:complementar-venda""} }","quick_sale_tag","interaction_gestao","click:button-venda-rapida-adicionada","{""client_id"":""[[identificador-unico-usuario]]"",""session_id"":""[[identificador-unico-sessao]]"",""events"":[{""params"":{""cd_interaction_detail"":""click:button-venda-rapida-adicionada""},""name"":""interaction_gestao""}]}","gestao label P1: venda-rapida",""
"Gestao","Vendas sellout","P1","interaction","na","nao","nao","","nao","p1","nao","nao","essencial_migrar","essencial_p1","migrar","dominio=Vendas sellout > tipo=interaction > callback=nao > revisar_pm=nao > obsoleto=nao > nav_in_app=nao > anti_padrao=nao > fundir_pai=nao > essencial=p1:gestao label P1: venda-rapida > nao_essencial=nao > decisao=migrar","Interacao em Gerenciar vendas - lista, cadastro e cobranca de vendas sellout","Acao registrada: view:toast / venda-rapida-adicionada","app-rev:gerenciar-vendas:adicionar-venda-rapida:adicionar-produto","view:toast","venda-rapida-adicionada","{""event"": {""eventCategory"": ""app-rev:gerenciar-vendas:adicionar-venda-rapida:adicionar-produto"", ""eventAction"": ""view:toast"", ""eventLabel"": ""venda-rapida-adicionada""} }","quick_sale_tag","interaction_gestao","click:button-venda-rapida-adicionada","{""client_id"":""[[identificador-unico-usuario]]"",""session_id"":""[[identificador-unico-sessao]]"",""events"":[{""params"":{""cd_interaction_detail"":""click:button-venda-rapida-adicionada""},""name"":""interaction_gestao""}]}","gestao label P1: venda-rapida",""
"Gestao","Vendas sellout","P0","interaction","na","nao","nao","","nao","p0","nao","nao","essencial_migrar","essencial_p0","migrar","dominio=Vendas sellout > tipo=interaction > callback=nao > revisar_pm=nao > obsoleto=nao > nav_in_app=nao > anti_padrao=nao > fundir_pai=nao > essencial=p0:categoria P0: gerenciar-vendas-selecionar-produtos > nao_essencial=nao > decisao=migrar","Interacao em Gerenciar vendas - lista, cadastro e cobranca de vendas sellout","Toca no botao: tentar novamente","app-rev:gerenciar-vendas-selecionar-produtos","clique:botao","tentar-novamente","{""event"": {""eventCategory"": ""app-rev:gerenciar-vendas-selecionar-produtos"", ""eventAction"": ""clique:botao"", ""eventLabel"": ""tentar-novamente""} }","generic_products_tag","interaction_gestao","click:button-tentar-novamente","{""client_id"":""[[identificador-unico-usuario]]"",""session_id"":""[[identificador-unico-sessao]]"",""events"":[{""params"":{""cd_interaction_detail"":""click:button-tentar-novamente""},""name"":""interaction_gestao""}]}","categoria P0: gerenciar-vendas-selecionar-produtos",""
"Gestao","Vendas sellout","P2","interaction","sim","nao","nao","","nao","na","nao","nao","nav_duplicada","nav_duplicada","remover","dominio=Vendas sellout > tipo=interaction > callback=nao > revisar_pm=nao > obsoleto=nao > nav_in_app=sim > decisao=remover","Interacao em Gerenciar vendas - lista, cadastro e cobranca de vendas sellout","Toca no botao identificado como ""voltar-para-a-venda""","app-rev:gerenciar-vendas-selecionar-produtos","clique:botao","voltar-para-a-venda","{""event"": {""eventCategory"": ""app-rev:gerenciar-vendas-selecionar-produtos"", ""eventAction"": ""clique:botao"", ""eventLabel"": ""voltar-para-a-venda""} }","generic_products_tag","","","","remover clique navegacao in-app; destino coberto por pageview",""
"Gestao","Vendas sellout","P2","interaction","sim","nao","nao","","nao","na","nao","nao","nav_duplicada","nav_duplicada","remover","dominio=Vendas sellout > tipo=interaction > callback=nao > revisar_pm=nao > obsoleto=nao > nav_in_app=sim > decisao=remover","Interacao em Gerenciar vendas - lista, cadastro e cobranca de vendas sellout","Toca no botao identificado como ""fechar""","app-rev:gerenciar-vendas-selecionar-produtos","clique:botao","fechar","{""event"": {""eventCategory"": ""app-rev:gerenciar-vendas-selecionar-produtos"", ""eventAction"": ""clique:botao"", ""eventLabel"": ""fechar""} }","generic_products_tag","","","","remover clique navegacao in-app; destino coberto por pageview",""
"Gestao","Vendas sellout","P0","interaction","na","nao","nao","","nao","p0","nao","nao","essencial_migrar","essencial_p0","migrar","dominio=Vendas sellout > tipo=interaction > callback=nao > revisar_pm=nao > obsoleto=nao > nav_in_app=nao > anti_padrao=nao > fundir_pai=nao > essencial=p0:categoria P0: gerenciar-vendas-selecionar-produtos > nao_essencial=nao > decisao=migrar","Interacao em Gerenciar vendas - lista, cadastro e cobranca de vendas sellout","Toca no botao identificado como ""confirmar-selecao-produto""","app-rev:gerenciar-vendas-selecionar-produtos","clique:botao","confirmar-selecao-produto","{""event"": {""eventCategory"": ""app-rev:gerenciar-vendas-selecionar-produtos"", ""eventAction"": ""clique:botao"", ""eventLabel"": ""confirmar-selecao-produto""} }","generic_products_tag","interaction_gestao","click:button-confirmar-selecao-produto","{""client_id"":""[[identificador-unico-usuario]]"",""session_id"":""[[identificador-unico-sessao]]"",""events"":[{""params"":{""cd_interaction_detail"":""click:button-confirmar-selecao-produto""},""name"":""interaction_gestao""}]}","categoria P0: gerenciar-vendas-selecionar-produtos",""
"Gestao","Vendas sellout","P0","interaction","na","nao","nao","","nao","p0","nao","nao","essencial_migrar","essencial_p0","migrar","dominio=Vendas sellout > tipo=interaction > callback=nao > revisar_pm=nao > obsoleto=nao > nav_in_app=nao > anti_padrao=nao > fundir_pai=nao > essencial=p0:categoria P0: gerenciar-vendas-selecionar-produtos > nao_essencial=nao > decisao=migrar","Interacao em Gerenciar vendas - lista, cadastro e cobranca de vendas sellout","Toca no botao identificado como ""outras-marcas-$parsedName""","app-rev:gerenciar-vendas-selecionar-produtos","clique:botao","outras-marcas-$parsedName","{""event"": {""eventCategory"": ""app-rev:gerenciar-vendas-selecionar-produtos"", ""eventAction"": ""clique:botao"", ""eventLabel"": ""outras-marcas-$parsedName""} }","generic_products_tag","interaction_gestao","click:button-outras-marcas-$parsedname","{""client_id"":""[[identificador-unico-usuario]]"",""session_id"":""[[identificador-unico-sessao]]"",""events"":[{""params"":{""cd_interaction_detail"":""click:button-outras-marcas-$parsedname""},""name"":""interaction_gestao""}]}","categoria P0: gerenciar-vendas-selecionar-produtos",""
"Gestao","Vendas sellout","P1","interaction","na","nao","nao","","nao","p1","nao","nao","essencial_migrar","essencial_p1","migrar","dominio=Vendas sellout > tipo=interaction > callback=nao > revisar_pm=nao > obsoleto=nao > nav_in_app=nao > anti_padrao=nao > fundir_pai=nao > essencial=p1:gestao label P1: tentar-novamente > nao_essencial=nao > decisao=migrar","Interacao em Gerenciar vendas - lista, cadastro e cobranca de vendas sellout","Toca no botao: tentar novamente","app-rev:gerenciar-vendas","clique:botao","tentar-novamente","{""event"": {""eventCategory"": ""app-rev:gerenciar-vendas"", ""eventAction"": ""clique:botao"", ""eventLabel"": ""tentar-novamente""} }","product_search_tag","interaction_gestao","click:button-tentar-novamente","{""client_id"":""[[identificador-unico-usuario]]"",""session_id"":""[[identificador-unico-sessao]]"",""events"":[{""params"":{""cd_interaction_detail"":""click:button-tentar-novamente""},""name"":""interaction_gestao""}]}","gestao label P1: tentar-novamente",""
"Gestao","Vendas sellout","P1","interaction","na","nao","nao","","nao","p1","nao","nao","essencial_migrar","essencial_p1","migrar","dominio=Vendas sellout > tipo=interaction > callback=nao > revisar_pm=nao > obsoleto=nao > nav_in_app=nao > anti_padrao=nao > fundir_pai=nao > essencial=p1:gestao label P1: adicionar-produto > nao_essencial=nao > decisao=migrar","Interacao em Gerenciar vendas - lista, cadastro e cobranca de vendas sellout","Toca no botao identificado como ""adicionar-produto-a-venda""","app-rev:gerenciar-vendas","clique:botao","adicionar-produto-a-venda","{""event"": {""eventCategory"": ""app-rev:gerenciar-vendas"", ""eventAction"": ""clique:botao"", ""eventLabel"": ""adicionar-produto-a-venda""} }","product_search_tag","interaction_gestao","click:button-adicionar-produto-a-venda","{""client_id"":""[[identificador-unico-usuario]]"",""session_id"":""[[identificador-unico-sessao]]"",""events"":[{""params"":{""cd_interaction_detail"":""click:button-adicionar-produto-a-venda""},""name"":""interaction_gestao""}]}","gestao label P1: adicionar-produto",""
"Gestao","Vendas sellout","P2","interaction","sim","nao","nao","","nao","na","nao","nao","nav_duplicada","nav_duplicada","remover","dominio=Vendas sellout > tipo=interaction > callback=nao > revisar_pm=nao > obsoleto=nao > nav_in_app=sim > decisao=remover","Interacao em Gerenciar vendas - lista, cadastro e cobranca de vendas sellout","Toca no botao identificado como ""voltar-para-a-venda""","app-rev:gerenciar-vendas","clique:botao","voltar-para-a-venda","{""event"": {""eventCategory"": ""app-rev:gerenciar-vendas"", ""eventAction"": ""clique:botao"", ""eventLabel"": ""voltar-para-a-venda""} }","product_search_tag","","","","remover clique navegacao in-app; destino coberto por pageview",""
"Gestao","Vendas sellout","P2","interaction","na","nao","nao","","nao","nao","nao","nao","fora_mapa_essencial","nao_essencial","remover","dominio=Vendas sellout > tipo=interaction > callback=nao > revisar_pm=nao > obsoleto=nao > nav_in_app=nao > anti_padrao=nao > fundir_pai=nao > essencial=nao:sem match no mapa essencial > nao_essencial=sim > decisao=remover","Interacao em Gerenciar vendas - lista, cadastro e cobranca de vendas sellout","Acao registrada: clique:icone / codigo-de-barras","app-rev:gerenciar-vendas","clique:icone","codigo-de-barras","{""event"": {""eventCategory"": ""app-rev:gerenciar-vendas"", ""eventAction"": ""clique:icone"", ""eventLabel"": ""codigo-de-barras""} }","product_search_tag","","","","icone P2 fora essencial",""
"Gestao","Vendas sellout","P2","interaction","na","nao","nao","","nao","nao","nao","nao","fora_mapa_essencial","nao_essencial","remover","dominio=Vendas sellout > tipo=interaction > callback=nao > revisar_pm=nao > obsoleto=nao > nav_in_app=nao > anti_padrao=nao > fundir_pai=nao > essencial=nao:sem match no mapa essencial > nao_essencial=sim > decisao=remover","Interacao em Gerenciar vendas - lista, cadastro e cobranca de vendas sellout","Toca no botao identificado como ""$sku:adicionar""","app-rev:gerenciar-vendas","clique:botao","$sku:adicionar","{""event"": {""eventCategory"": ""app-rev:gerenciar-vendas"", ""eventAction"": ""clique:botao"", ""eventLabel"": ""$sku:adicionar""} }","product_search_tag","","","","gestao fora mapa essencial",""
"Gestao","Vendas sellout","P2","interaction","na","nao","nao","","nao","nao","nao","nao","fora_mapa_essencial","nao_essencial","remover","dominio=Vendas sellout > tipo=interaction > callback=nao > revisar_pm=nao > obsoleto=nao > nav_in_app=nao > anti_padrao=nao > fundir_pai=nao > essencial=nao:sem match no mapa essencial > nao_essencial=sim > decisao=remover","Interacao em Gerenciar vendas - lista, cadastro e cobranca de vendas sellout","Toca no botao identificado como ""selecionar-busca-produto""","app-rev:gerenciar-vendas","clique:botao","selecionar-busca-produto","{""event"": {""eventCategory"": ""app-rev:gerenciar-vendas"", ""eventAction"": ""clique:botao"", ""eventLabel"": ""selecionar-busca-produto""} }","product_search_tag","","","","gestao fora mapa essencial",""
"Gestao","Vendas sellout","P2","interaction","na","nao","nao","","nao","nao","nao","nao","fora_mapa_essencial","nao_essencial","remover","dominio=Vendas sellout > tipo=interaction > callback=nao > revisar_pm=nao > obsoleto=nao > nav_in_app=nao > anti_padrao=nao > fundir_pai=nao > essencial=nao:sem match no mapa essencial > nao_essencial=sim > decisao=remover","Interacao em Gerenciar vendas - lista, cadastro e cobranca de vendas sellout","Toca no botao identificado como ""outras-marcas-$parsedName""","app-rev:gerenciar-vendas","clique:botao","outras-marcas-$parsedName","{""event"": {""eventCategory"": ""app-rev:gerenciar-vendas"", ""eventAction"": ""clique:botao"", ""eventLabel"": ""outras-marcas-$parsedName""} }","product_search_tag","","","","gestao fora mapa essencial",""
"Gestao","Carteira de clientes","P0","interaction","na","nao","nao","","nao","p0","nao","nao","essencial_migrar","essencial_p0","migrar","dominio=Carteira de clientes > tipo=interaction > callback=nao > revisar_pm=nao > obsoleto=nao > nav_in_app=nao > anti_padrao=nao > fundir_pai=nao > essencial=p0:categoria P0: gerenciar-vendas:cobrar > nao_essencial=nao > decisao=migrar","Interacao em Gerenciar vendas - lista, cadastro e cobranca de vendas sellout","Toca no botao identificado como ""cobrar-todos-valores-nao-pagos""","app-rev:gerenciar-vendas:cobrar-cliente","clique:botao","cobrar-todos-valores-nao-pagos","{""event"": {""eventCategory"": ""app-rev:gerenciar-vendas:cobrar-cliente"", ""eventAction"": ""clique:botao"", ""eventLabel"": ""cobrar-todos-valores-nao-pagos""} }","charge_customer_tag","interaction_gestao","click:button-cobrar-todos-valores-nao-pagos","{""client_id"":""[[identificador-unico-usuario]]"",""session_id"":""[[identificador-unico-sessao]]"",""events"":[{""params"":{""cd_interaction_detail"":""click:button-cobrar-todos-valores-nao-pagos""},""name"":""interaction_gestao""}]}","categoria P0: gerenciar-vendas:cobrar",""
"Gestao","Carteira de clientes","P0","interaction","na","nao","nao","","nao","p0","nao","nao","essencial_migrar","essencial_p0","migrar","dominio=Carteira de clientes > tipo=interaction > callback=nao > revisar_pm=nao > obsoleto=nao > nav_in_app=nao > anti_padrao=nao > fundir_pai=nao > essencial=p0:categoria P0: gerenciar-vendas:cobrar > nao_essencial=nao > decisao=migrar","Interacao em Gerenciar vendas - lista, cadastro e cobranca de vendas sellout","Toca no botao identificado como ""cobrar-parcela-individual""","app-rev:gerenciar-vendas:cobrar-cliente","clique:botao","cobrar-parcela-individual","{""event"": {""eventCategory"": ""app-rev:gerenciar-vendas:cobrar-cliente"", ""eventAction"": ""clique:botao"", ""eventLabel"": ""cobrar-parcela-individual""} }","charge_customer_tag","interaction_gestao","click:button-cobrar-parcela-individual","{""client_id"":""[[identificador-unico-usuario]]"",""session_id"":""[[identificador-unico-sessao]]"",""events"":[{""params"":{""cd_interaction_detail"":""click:button-cobrar-parcela-individual""},""name"":""interaction_gestao""}]}","categoria P0: gerenciar-vendas:cobrar",""
"Gestao","Carteira de clientes","P2","interaction","sim","nao","nao","","nao","na","nao","nao","nav_duplicada","nav_duplicada","remover","dominio=Carteira de clientes > tipo=interaction > callback=nao > revisar_pm=nao > obsoleto=nao > nav_in_app=sim > decisao=remover","Interacao em Gerenciar vendas - lista, cadastro e cobranca de vendas sellout","Toca no botao: voltar","app-rev:gerenciar-vendas:cobrar-cliente","clique:botao","voltar","{""event"": {""eventCategory"": ""app-rev:gerenciar-vendas:cobrar-cliente"", ""eventAction"": ""clique:botao"", ""eventLabel"": ""voltar""} }","charge_customer_tag","","","","remover clique navegacao in-app; destino coberto por pageview",""
"Gestao","Carteira de clientes","P0","interaction","na","nao","nao","","nao","p0","nao","nao","essencial_migrar","essencial_p0","migrar","dominio=Carteira de clientes > tipo=interaction > callback=nao > revisar_pm=nao > obsoleto=nao > nav_in_app=nao > anti_padrao=nao > fundir_pai=nao > essencial=p0:categoria P0: gerenciar-vendas:cobrar > nao_essencial=nao > decisao=migrar","Interacao em Gerenciar vendas - lista, cadastro e cobranca de vendas sellout","Toca no botao identificado como ""habilitar-link-pagamento""","app-rev:gerenciar-vendas:cobrar-cliente","clique:botao","habilitar-link-pagamento","{""event"": {""eventCategory"": ""app-rev:gerenciar-vendas:cobrar-cliente"", ""eventAction"": ""clique:botao"", ""eventLabel"": ""habilitar-link-pagamento""} }","charge_customer_tag","interaction_gestao","click:button-habilitar-link-pagamento","{""client_id"":""[[identificador-unico-usuario]]"",""session_id"":""[[identificador-unico-sessao]]"",""events"":[{""params"":{""cd_interaction_detail"":""click:button-habilitar-link-pagamento""},""name"":""interaction_gestao""}]}","categoria P0: gerenciar-vendas:cobrar",""
"Gestao","Carteira de clientes","P0","interaction","na","nao","nao","","nao","p0","nao","nao","essencial_migrar","essencial_p0","migrar","dominio=Carteira de clientes > tipo=interaction > callback=nao > revisar_pm=nao > obsoleto=nao > nav_in_app=nao > anti_padrao=nao > fundir_pai=nao > essencial=p0:label KPI P0: ^compartilhar > nao_essencial=nao > decisao=migrar","Interacao em Gerenciar vendas - lista, cadastro e cobranca de vendas sellout","Toca no botao identificado como ""compartilhar-lembrete""","app-rev:gerenciar-vendas:cobrar-cliente","clique:botao","compartilhar-lembrete","{""event"": {""eventCategory"": ""app-rev:gerenciar-vendas:cobrar-cliente"", ""eventAction"": ""clique:botao"", ""eventLabel"": ""compartilhar-lembrete""} }","charge_customer_tag","interaction_gestao","click:button-compartilhar-lembrete","{""client_id"":""[[identificador-unico-usuario]]"",""session_id"":""[[identificador-unico-sessao]]"",""events"":[{""params"":{""cd_interaction_detail"":""click:button-compartilhar-lembrete""},""name"":""interaction_gestao""}]}","label KPI P0: ^compartilhar",""
"Gestao","Carteira de clientes","P0","interaction","na","nao","nao","","nao","p0","nao","nao","essencial_migrar","essencial_p0","migrar","dominio=Carteira de clientes > tipo=interaction > callback=nao > revisar_pm=nao > obsoleto=nao > nav_in_app=nao > anti_padrao=nao > fundir_pai=nao > essencial=p0:categoria P0: gerenciar-vendas:cobrar > nao_essencial=nao > decisao=migrar","Interacao em Gerenciar vendas - lista, cadastro e cobranca de vendas sellout","Toca no botao identificado como ""selecionar-data-lembrete""","app-rev:gerenciar-vendas:cobrar-cliente","clique:botao","selecionar-data-lembrete","{""event"": {""eventCategory"": ""app-rev:gerenciar-vendas:cobrar-cliente"", ""eventAction"": ""clique:botao"", ""eventLabel"": ""selecionar-data-lembrete""} }","charge_customer_tag","interaction_gestao","click:button-selecionar-data-lembrete","{""client_id"":""[[identificador-unico-usuario]]"",""session_id"":""[[identificador-unico-sessao]]"",""events"":[{""params"":{""cd_interaction_detail"":""click:button-selecionar-data-lembrete""},""name"":""interaction_gestao""}]}","categoria P0: gerenciar-vendas:cobrar",""
"Gestao","Carteira de clientes","P0","interaction","na","nao","nao","","nao","p0","nao","nao","essencial_migrar","essencial_p0","migrar","dominio=Carteira de clientes > tipo=interaction > callback=nao > revisar_pm=nao > obsoleto=nao > nav_in_app=nao > anti_padrao=nao > fundir_pai=nao > essencial=p0:label KPI P0: cobranca > nao_essencial=nao > decisao=migrar","Interacao em Gerenciar vendas - lista, cadastro e cobranca de vendas sellout","Toca no botao identificado como ""selecionar-valor-cobranca""","app-rev:gerenciar-vendas:cobrar-cliente","clique:botao","selecionar-valor-cobranca","{""event"": {""eventCategory"": ""app-rev:gerenciar-vendas:cobrar-cliente"", ""eventAction"": ""clique:botao"", ""eventLabel"": ""selecionar-valor-cobranca""} }","charge_customer_tag","interaction_gestao","click:button-selecionar-valor-cobranca","{""client_id"":""[[identificador-unico-usuario]]"",""session_id"":""[[identificador-unico-sessao]]"",""events"":[{""params"":{""cd_interaction_detail"":""click:button-selecionar-valor-cobranca""},""name"":""interaction_gestao""}]}","label KPI P0: cobranca",""
"Gestao","Carteira de clientes","P0","interaction","na","nao","nao","","nao","p0","nao","nao","essencial_migrar","essencial_p0","migrar","dominio=Carteira de clientes > tipo=interaction > callback=nao > revisar_pm=nao > obsoleto=nao > nav_in_app=nao > anti_padrao=nao > fundir_pai=nao > essencial=p0:categoria P0: gerenciar-vendas:cobrar > nao_essencial=nao > decisao=migrar","Interacao em Gerenciar vendas - lista, cadastro e cobranca de vendas sellout","Toca no botao identificado como ""exibir-todas-as-parcelas""","app-rev:gerenciar-vendas:cobrar-cliente","clique:botao","exibir-todas-as-parcelas","{""event"": {""eventCategory"": ""app-rev:gerenciar-vendas:cobrar-cliente"", ""eventAction"": ""clique:botao"", ""eventLabel"": ""exibir-todas-as-parcelas""} }","charge_customer_tag","interaction_gestao","click:button-exibir-todas-as-parcelas","{""client_id"":""[[identificador-unico-usuario]]"",""session_id"":""[[identificador-unico-sessao]]"",""events"":[{""params"":{""cd_interaction_detail"":""click:button-exibir-todas-as-parcelas""},""name"":""interaction_gestao""}]}","categoria P0: gerenciar-vendas:cobrar",""
"Gestao","Carteira de clientes","P0","interaction","na","nao","nao","","nao","p0","nao","nao","essencial_migrar","essencial_p0","migrar","dominio=Carteira de clientes > tipo=interaction > callback=nao > revisar_pm=nao > obsoleto=nao > nav_in_app=nao > anti_padrao=nao > fundir_pai=nao > essencial=p0:categoria P0: gerenciar-vendas:cobrar > nao_essencial=nao > decisao=migrar","Interacao em Gerenciar vendas - lista, cadastro e cobranca de vendas sellout","Toca no botao identificado como ""visualizar-previa-lembrete""","app-rev:gerenciar-vendas:cobrar-cliente","clique:botao","visualizar-previa-lembrete","{""event"": {""eventCategory"": ""app-rev:gerenciar-vendas:cobrar-cliente"", ""eventAction"": ""clique:botao"", ""eventLabel"": ""visualizar-previa-lembrete""} }","charge_customer_tag","interaction_gestao","click:button-visualizar-previa-lembrete","{""client_id"":""[[identificador-unico-usuario]]"",""session_id"":""[[identificador-unico-sessao]]"",""events"":[{""params"":{""cd_interaction_detail"":""click:button-visualizar-previa-lembrete""},""name"":""interaction_gestao""}]}","categoria P0: gerenciar-vendas:cobrar",""
"Gestao","Carteira de clientes","P0","interaction","na","nao","nao","","nao","p0","nao","nao","essencial_migrar","essencial_p0","migrar","dominio=Carteira de clientes > tipo=interaction > callback=nao > revisar_pm=nao > obsoleto=nao > nav_in_app=nao > anti_padrao=nao > fundir_pai=nao > essencial=p0:categoria P0: gerenciar-vendas:cobrar > nao_essencial=nao > decisao=migrar","Interacao em Gerenciar vendas - lista, cadastro e cobranca de vendas sellout","Toca no botao identificado como ""visualizar-tooltip""","app-rev:gerenciar-vendas:cobrar-cliente","clique:botao","visualizar-tooltip","{""event"": {""eventCategory"": ""app-rev:gerenciar-vendas:cobrar-cliente"", ""eventAction"": ""clique:botao"", ""eventLabel"": ""visualizar-tooltip""} }","charge_customer_tag","interaction_gestao","click:button-visualizar-tooltip","{""client_id"":""[[identificador-unico-usuario]]"",""session_id"":""[[identificador-unico-sessao]]"",""events"":[{""params"":{""cd_interaction_detail"":""click:button-visualizar-tooltip""},""name"":""interaction_gestao""}]}","categoria P0: gerenciar-vendas:cobrar",""
"Gestao","Vendas sellout","P2","interaction","sim","nao","nao","","nao","na","nao","nao","nav_duplicada","nav_duplicada","remover","dominio=Vendas sellout > tipo=interaction > callback=nao > revisar_pm=nao > obsoleto=nao > nav_in_app=sim > decisao=remover","Interacao em Gerenciar vendas - lista, cadastro e cobranca de vendas sellout","Toca no botao: voltar","app-rev:gerenciar-vendas:opcoes-cobranca","clique:botao","voltar","{""event"": {""eventCategory"": ""app-rev:gerenciar-vendas:opcoes-cobranca"", ""eventAction"": ""clique:botao"", ""eventLabel"": ""voltar""} }","charge_options_tag","","","","remover clique navegacao in-app; destino coberto por pageview",""
"Gestao","Vendas sellout","P2","interaction","na","nao","nao","","nao","nao","nao","nao","fora_mapa_essencial","nao_essencial","remover","dominio=Vendas sellout > tipo=interaction > callback=nao > revisar_pm=nao > obsoleto=nao > nav_in_app=nao > anti_padrao=nao > fundir_pai=nao > essencial=nao:sem match no mapa essencial > nao_essencial=sim > decisao=remover","Interacao em Gerenciar vendas - lista, cadastro e cobranca de vendas sellout","Toca no botao identificado como ""cobrar-com-link""","app-rev:gerenciar-vendas:opcoes-cobranca","clique:botao","cobrar-com-link","{""event"": {""eventCategory"": ""app-rev:gerenciar-vendas:opcoes-cobranca"", ""eventAction"": ""clique:botao"", ""eventLabel"": ""cobrar-com-link""} }","charge_options_tag","","","","gestao fora mapa essencial",""
"Gestao","Vendas sellout","P2","interaction","na","nao","nao","","nao","nao","nao","nao","fora_mapa_essencial","nao_essencial","remover","dominio=Vendas sellout > tipo=interaction > callback=nao > revisar_pm=nao > obsoleto=nao > nav_in_app=nao > anti_padrao=nao > fundir_pai=nao > essencial=nao:sem match no mapa essencial > nao_essencial=sim > decisao=remover","Interacao em Gerenciar vendas - lista, cadastro e cobranca de vendas sellout","Toca no botao identificado como ""cobrar-com-lembrete""","app-rev:gerenciar-vendas:opcoes-cobranca","clique:botao","cobrar-com-lembrete","{""event"": {""eventCategory"": ""app-rev:gerenciar-vendas:opcoes-cobranca"", ""eventAction"": ""clique:botao"", ""eventLabel"": ""cobrar-com-lembrete""} }","charge_options_tag","","","","gestao fora mapa essencial",""
"Gestao","Vendas sellout","P2","interaction","sim","nao","nao","","nao","na","nao","nao","nav_duplicada","nav_duplicada","remover","dominio=Vendas sellout > tipo=interaction > callback=nao > revisar_pm=nao > obsoleto=nao > nav_in_app=sim > decisao=remover","Interacao em Gerenciar vendas - lista, cadastro e cobranca de vendas sellout","Toca no botao identificado como ""fechar""","app-rev:gerenciar-vendas:modal:parcelas-a-receber","clique:botao","fechar","{""event"": {""eventCategory"": ""app-rev:gerenciar-vendas:modal:parcelas-a-receber"", ""eventAction"": ""clique:botao"", ""eventLabel"": ""fechar""} }","payment_link_modal_tag","","","","remover clique navegacao in-app; destino coberto por pageview",""
"Gestao","Vendas sellout","P2","interaction","na","nao","nao","","sim","na","nao","nao","fundir_pai","fundir_pai","remover","dominio=Vendas sellout > tipo=interaction > callback=nao > revisar_pm=nao > obsoleto=nao > nav_in_app=nao > anti_padrao=nao > fundir_pai=sim > decisao=remover","Interacao em Gerenciar vendas - lista, cadastro e cobranca de vendas sellout","Toca no botao identificado como ""selecionar-parcela-$installment""","app-rev:gerenciar-vendas:modal:parcelas-a-receber","clique:botao","selecionar-parcela-$installment","{""event"": {""eventCategory"": ""app-rev:gerenciar-vendas:modal:parcelas-a-receber"", ""eventAction"": ""clique:botao"", ""eventLabel"": ""selecionar-parcela-$installment""} }","payment_link_modal_tag","","","","granularidade modal",""
"Gestao","Vendas sellout","P2","interaction","na","nao","nao","","sim","na","nao","nao","fundir_pai","fundir_pai","remover","dominio=Vendas sellout > tipo=interaction > callback=nao > revisar_pm=nao > obsoleto=nao > nav_in_app=nao > anti_padrao=nao > fundir_pai=sim > decisao=remover","Interacao em Gerenciar vendas - lista, cadastro e cobranca de vendas sellout","Toca no botao identificado como ""enviar-cobranca""","app-rev:gerenciar-vendas:modal:parcelas-a-receber","clique:botao","enviar-cobranca","{""event"": {""eventCategory"": ""app-rev:gerenciar-vendas:modal:parcelas-a-receber"", ""eventAction"": ""clique:botao"", ""eventLabel"": ""enviar-cobranca""} }","payment_link_modal_tag","","","","granularidade modal",""
"Gestao","Vendas sellout","P2","interaction","sim","nao","nao","","nao","na","nao","nao","nav_duplicada","nav_duplicada","remover","dominio=Vendas sellout > tipo=interaction > callback=nao > revisar_pm=nao > obsoleto=nao > nav_in_app=sim > decisao=remover","Interacao em Gerenciar vendas - lista, cadastro e cobranca de vendas sellout","Toca no botao: voltar","app-rev:gerenciar-vendas:enviar-lembrete","clique:botao","voltar","{""event"": {""eventCategory"": ""app-rev:gerenciar-vendas:enviar-lembrete"", ""eventAction"": ""clique:botao"", ""eventLabel"": ""voltar""} }","send_reminder_tag","","","","remover clique navegacao in-app; destino coberto por pageview",""
"Gestao","Vendas sellout","P1","interaction","na","nao","nao","","nao","p1","nao","nao","essencial_migrar","essencial_p1","migrar","dominio=Vendas sellout > tipo=interaction > callback=nao > revisar_pm=nao > obsoleto=nao > nav_in_app=nao > anti_padrao=nao > fundir_pai=nao > essencial=p1:gestao label P1: enviar-lembrete > nao_essencial=nao > decisao=migrar","Interacao em Gerenciar vendas - lista, cadastro e cobranca de vendas sellout","Toca no botao identificado como ""enviar-lembrete""","app-rev:gerenciar-vendas:enviar-lembrete","clique:botao","enviar-lembrete","{""event"": {""eventCategory"": ""app-rev:gerenciar-vendas:enviar-lembrete"", ""eventAction"": ""clique:botao"", ""eventLabel"": ""enviar-lembrete""} }","send_reminder_tag","interaction_gestao","click:button-enviar-lembrete","{""client_id"":""[[identificador-unico-usuario]]"",""session_id"":""[[identificador-unico-sessao]]"",""events"":[{""params"":{""cd_interaction_detail"":""click:button-enviar-lembrete""},""name"":""interaction_gestao""}]}","gestao label P1: enviar-lembrete",""
"Gestao","Vendas sellout","P2","interaction","na","nao","nao","","nao","nao","nao","nao","fora_mapa_essencial","nao_essencial","remover","dominio=Vendas sellout > tipo=interaction > callback=nao > revisar_pm=nao > obsoleto=nao > nav_in_app=nao > anti_padrao=nao > fundir_pai=nao > essencial=nao:sem match no mapa essencial > nao_essencial=sim > decisao=remover","Interacao em Gerenciar vendas - lista, cadastro e cobranca de vendas sellout","Toca no botao identificado como ""selecionar-data-lembrete""","app-rev:gerenciar-vendas:enviar-lembrete","clique:botao","selecionar-data-lembrete","{""event"": {""eventCategory"": ""app-rev:gerenciar-vendas:enviar-lembrete"", ""eventAction"": ""clique:botao"", ""eventLabel"": ""selecionar-data-lembrete""} }","send_reminder_tag","","","","gestao fora mapa essencial",""
"Gestao","Vendas sellout","P2","interaction","na","nao","nao","","nao","nao","nao","nao","fora_mapa_essencial","nao_essencial","remover","dominio=Vendas sellout > tipo=interaction > callback=nao > revisar_pm=nao > obsoleto=nao > nav_in_app=nao > anti_padrao=nao > fundir_pai=nao > essencial=nao:sem match no mapa essencial > nao_essencial=sim > decisao=remover","Interacao em Gerenciar vendas - lista, cadastro e cobranca de vendas sellout","Toca no botao identificado como ""visualizar-previa-lembrete""","app-rev:gerenciar-vendas:enviar-lembrete","clique:botao","visualizar-previa-lembrete","{""event"": {""eventCategory"": ""app-rev:gerenciar-vendas:enviar-lembrete"", ""eventAction"": ""clique:botao"", ""eventLabel"": ""visualizar-previa-lembrete""} }","send_reminder_tag","","","","gestao fora mapa essencial",""
"Gestao","Vendas sellout","P2","interaction","na","nao","nao","","nao","nao","nao","nao","fora_mapa_essencial","nao_essencial","remover","dominio=Vendas sellout > tipo=interaction > callback=nao > revisar_pm=nao > obsoleto=nao > nav_in_app=nao > anti_padrao=nao > fundir_pai=nao > essencial=nao:sem match no mapa essencial > nao_essencial=sim > decisao=remover","Interacao em Gerenciar vendas - lista, cadastro e cobranca de vendas sellout","Toca no botao identificado como ""visualizar-tooltip""","app-rev:gerenciar-vendas:enviar-lembrete","clique:botao","visualizar-tooltip","{""event"": {""eventCategory"": ""app-rev:gerenciar-vendas:enviar-lembrete"", ""eventAction"": ""clique:botao"", ""eventLabel"": ""visualizar-tooltip""} }","send_reminder_tag","","","","gestao fora mapa essencial",""
"Gestao","Vendas sellout","P0","interaction","na","nao","nao","","nao","p0","nao","nao","essencial_migrar","essencial_p0","migrar","dominio=Vendas sellout > tipo=interaction > callback=nao > revisar_pm=nao > obsoleto=nao > nav_in_app=nao > anti_padrao=nao > fundir_pai=nao > essencial=p0:categoria P0: gerenciar-vendas:cobrar > nao_essencial=nao > decisao=migrar","Interacao em Gerenciar vendas - lista, cadastro e cobranca de vendas sellout","Acao registrada: interacao:campo / preencheu:valor-acima-do-total","app-rev:gerenciar-vendas:cobrar-cliente-pagamento","interacao:campo","preencheu:valor-acima-do-total","{""event"": {""eventCategory"": ""app-rev:gerenciar-vendas:cobrar-cliente-pagamento"", ""eventAction"": ""interacao:campo"", ""eventLabel"": ""preencheu:valor-acima-do-total""} }","payments_link_tag","interaction_gestao","input:field-preencheu:valor-acima-do-total","{""client_id"":""[[identificador-unico-usuario]]"",""session_id"":""[[identificador-unico-sessao]]"",""events"":[{""params"":{""cd_interaction_detail"":""input:field-preencheu:valor-acima-do-total""},""name"":""interaction_gestao""}]}","categoria P0: gerenciar-vendas:cobrar",""
"Gestao","Vendas sellout","P0","interaction","na","nao","nao","","nao","p0","nao","nao","essencial_migrar","essencial_p0","migrar","dominio=Vendas sellout > tipo=interaction > callback=nao > revisar_pm=nao > obsoleto=nao > nav_in_app=nao > anti_padrao=nao > fundir_pai=nao > essencial=p0:categoria P0: gerenciar-vendas:cobrar > nao_essencial=nao > decisao=migrar","Interacao em Gerenciar vendas - lista, cadastro e cobranca de vendas sellout","Toca no botao identificado como ""copiar-pix""","app-rev:gerenciar-vendas:cobrar-cliente-pagamento","clique:botao","copiar-pix","{""event"": {""eventCategory"": ""app-rev:gerenciar-vendas:cobrar-cliente-pagamento"", ""eventAction"": ""clique:botao"", ""eventLabel"": ""copiar-pix""} }","payments_link_tag","interaction_gestao","click:button-copiar-pix","{""client_id"":""[[identificador-unico-usuario]]"",""session_id"":""[[identificador-unico-sessao]]"",""events"":[{""params"":{""cd_interaction_detail"":""click:button-copiar-pix""},""name"":""interaction_gestao""}]}","categoria P0: gerenciar-vendas:cobrar",""
"Gestao","Vendas sellout","P0","interaction","na","nao","nao","","nao","p0","nao","nao","essencial_migrar","essencial_p0","migrar","dominio=Vendas sellout > tipo=interaction > callback=nao > revisar_pm=nao > obsoleto=nao > nav_in_app=nao > anti_padrao=nao > fundir_pai=nao > essencial=p0:label KPI P0: gerar-link > nao_essencial=nao > decisao=migrar","Interacao em Gerenciar vendas - lista, cadastro e cobranca de vendas sellout","Toca no botao identificado como ""gerar-link:customizado""","app-rev:gerenciar-vendas:cobrar-cliente-pagamento","clique:botao","gerar-link:customizado","{""event"": {""eventCategory"": ""app-rev:gerenciar-vendas:cobrar-cliente-pagamento"", ""eventAction"": ""clique:botao"", ""eventLabel"": ""gerar-link:customizado""} }","payments_link_tag","interaction_gestao","click:button-gerar-link-customizado","{""client_id"":""[[identificador-unico-usuario]]"",""session_id"":""[[identificador-unico-sessao]]"",""events"":[{""params"":{""cd_interaction_detail"":""click:button-gerar-link-customizado""},""name"":""interaction_gestao""}]}","label KPI P0: gerar-link",""
"Gestao","Vendas sellout","P0","interaction","na","nao","nao","","nao","p0","nao","nao","essencial_migrar","essencial_p0","migrar","dominio=Vendas sellout > tipo=interaction > callback=nao > revisar_pm=nao > obsoleto=nao > nav_in_app=nao > anti_padrao=nao > fundir_pai=nao > essencial=p0:label KPI P0: gerar-link > nao_essencial=nao > decisao=migrar","Interacao em Gerenciar vendas - lista, cadastro e cobranca de vendas sellout","Toca no botao identificado como ""gerar-link""","app-rev:gerenciar-vendas:cobrar-cliente-pagamento","clique:botao","gerar-link","{""event"": {""eventCategory"": ""app-rev:gerenciar-vendas:cobrar-cliente-pagamento"", ""eventAction"": ""clique:botao"", ""eventLabel"": ""gerar-link""} }","payments_link_tag","interaction_gestao","click:button-gerar-link","{""client_id"":""[[identificador-unico-usuario]]"",""session_id"":""[[identificador-unico-sessao]]"",""events"":[{""params"":{""cd_interaction_detail"":""click:button-gerar-link""},""name"":""interaction_gestao""}]}","label KPI P0: gerar-link",""
"Gestao","Vendas sellout","P0","interaction","na","nao","nao","","nao","p0","nao","nao","essencial_migrar","essencial_p0","migrar","dominio=Vendas sellout > tipo=interaction > callback=nao > revisar_pm=nao > obsoleto=nao > nav_in_app=nao > anti_padrao=nao > fundir_pai=nao > essencial=p0:categoria P0: gerenciar-vendas:cobrar > nao_essencial=nao > decisao=migrar","Interacao em Gerenciar vendas - lista, cadastro e cobranca de vendas sellout","Toca no botao identificado como ""enviar-mensagem-pix""","app-rev:gerenciar-vendas:cobrar-cliente-pagamento","clique:botao","enviar-mensagem-pix","{""event"": {""eventCategory"": ""app-rev:gerenciar-vendas:cobrar-cliente-pagamento"", ""eventAction"": ""clique:botao"", ""eventLabel"": ""enviar-mensagem-pix""} }","payments_link_tag","interaction_gestao","click:button-enviar-mensagem-pix","{""client_id"":""[[identificador-unico-usuario]]"",""session_id"":""[[identificador-unico-sessao]]"",""events"":[{""params"":{""cd_interaction_detail"":""click:button-enviar-mensagem-pix""},""name"":""interaction_gestao""}]}","categoria P0: gerenciar-vendas:cobrar",""
"Gestao","Carteira de clientes","P2","interaction","na","nao","nao","","nao","nao","nao","nao","fora_mapa_essencial","nao_essencial","remover","dominio=Carteira de clientes > tipo=interaction > callback=nao > revisar_pm=nao > obsoleto=nao > nav_in_app=nao > anti_padrao=nao > fundir_pai=nao > essencial=nao:sem match no mapa essencial > nao_essencial=sim > decisao=remover","Interacao em Gerenciar vendas - lista, cadastro e cobranca de vendas sellout","Acao registrada: clique:icone / voltar","app-rev:gerenciar-clientes:recebimentos","clique:icone","voltar","{""event"": {""eventCategory"": ""app-rev:gerenciar-clientes:recebimentos"", ""eventAction"": ""clique:icone"", ""eventLabel"": ""voltar""} }","manage_receipts_tag","","","","icone P2 fora essencial",""
"Gestao","Carteira de clientes","P2","interaction","na","nao","nao","","sim","na","nao","nao","fundir_pai","nao_essencial","remover","dominio=Carteira de clientes > tipo=interaction > callback=nao > revisar_pm=nao > obsoleto=nao > nav_in_app=nao > anti_padrao=nao > fundir_pai=sim > decisao=remover","Interacao em Gerenciar vendas - lista, cadastro e cobranca de vendas sellout","Toca no botao identificado como ""adicionar-venda""","app-rev:gerenciar-clientes:recebimentos","clique:botao","adicionar-venda","{""event"": {""eventCategory"": ""app-rev:gerenciar-clientes:recebimentos"", ""eventAction"": ""clique:botao"", ""eventLabel"": ""adicionar-venda""} }","manage_receipts_tag","","","","recebimentos fora mapa essencial",""
"Gestao","Carteira de clientes","P2","interaction","na","nao","nao","","sim","na","nao","nao","fundir_pai","nao_essencial","remover","dominio=Carteira de clientes > tipo=interaction > callback=nao > revisar_pm=nao > obsoleto=nao > nav_in_app=nao > anti_padrao=nao > fundir_pai=sim > decisao=remover","Interacao em Gerenciar vendas - lista, cadastro e cobranca de vendas sellout","Toca no botao identificado como ""pesquisa-in-app""","app-rev:gerenciar-clientes:recebimentos","clique:botao","pesquisa-in-app","{""event"": {""eventCategory"": ""app-rev:gerenciar-clientes:recebimentos"", ""eventAction"": ""clique:botao"", ""eventLabel"": ""pesquisa-in-app""} }","manage_receipts_tag","","","","recebimentos fora mapa essencial",""
"Gestao","Carteira de clientes","P2","interaction","na","nao","nao","","sim","na","nao","nao","fundir_pai","nao_essencial","remover","dominio=Carteira de clientes > tipo=interaction > callback=nao > revisar_pm=nao > obsoleto=nao > nav_in_app=nao > anti_padrao=nao > fundir_pai=sim > decisao=remover","Interacao em Gerenciar vendas - lista, cadastro e cobranca de vendas sellout","Toca no botao identificado como ""filtro:${filter.toAnalyticsFormat()}""","app-rev:gerenciar-clientes:recebimentos","clique:botao","filtro:${filter.toAnalyticsFormat()}","{""event"": {""eventCategory"": ""app-rev:gerenciar-clientes:recebimentos"", ""eventAction"": ""clique:botao"", ""eventLabel"": ""filtro:${filter.toAnalyticsFormat()}""} }","manage_receipts_tag","","","","recebimentos fora mapa essencial",""
"Gestao","Carteira de clientes","P2","interaction","na","nao","nao","","sim","na","nao","nao","fundir_pai","nao_essencial","remover","dominio=Carteira de clientes > tipo=interaction > callback=nao > revisar_pm=nao > obsoleto=nao > nav_in_app=nao > anti_padrao=nao > fundir_pai=sim > decisao=remover","Interacao em Gerenciar vendas - lista, cadastro e cobranca de vendas sellout","Toca no botao identificado como ""view-tooltip""","app-rev:gerenciar-clientes:recebimentos","clique:botao","view-tooltip","{""event"": {""eventCategory"": ""app-rev:gerenciar-clientes:recebimentos"", ""eventAction"": ""clique:botao"", ""eventLabel"": ""view-tooltip""} }","manage_receipts_tag","","","","recebimentos fora mapa essencial",""
"Gestao","Carteira de clientes","P2","interaction","na","nao","nao","","sim","na","nao","nao","fundir_pai","nao_essencial","remover","dominio=Carteira de clientes > tipo=interaction > callback=nao > revisar_pm=nao > obsoleto=nao > nav_in_app=nao > anti_padrao=nao > fundir_pai=sim > decisao=remover","Interacao em Gerenciar vendas - lista, cadastro e cobranca de vendas sellout","Toca no botao identificado como ""consultar-detalhes""","app-rev:gerenciar-clientes:recebimentos","clique:botao","consultar-detalhes","{""event"": {""eventCategory"": ""app-rev:gerenciar-clientes:recebimentos"", ""eventAction"": ""clique:botao"", ""eventLabel"": ""consultar-detalhes""} }","manage_receipts_tag","","","","recebimentos fora mapa essencial",""
"Gestao","Carteira de clientes","P2","interaction","na","nao","nao","","sim","na","nao","nao","fundir_pai","nao_essencial","remover","dominio=Carteira de clientes > tipo=interaction > callback=nao > revisar_pm=nao > obsoleto=nao > nav_in_app=nao > anti_padrao=nao > fundir_pai=sim > decisao=remover","Interacao em Gerenciar vendas - lista, cadastro e cobranca de vendas sellout","Toca no botao identificado como ""enviar-lembrete""","app-rev:gerenciar-clientes:recebimentos","clique:botao","enviar-lembrete","{""event"": {""eventCategory"": ""app-rev:gerenciar-clientes:recebimentos"", ""eventAction"": ""clique:botao"", ""eventLabel"": ""enviar-lembrete""} }","manage_receipts_tag","","","","recebimentos fora mapa essencial",""
"Gestao","Carteira de clientes","P2","interaction","na","nao","nao","","nao","nao","nao","nao","fora_mapa_essencial","nao_essencial","remover","dominio=Carteira de clientes > tipo=interaction > callback=nao > revisar_pm=nao > obsoleto=nao > nav_in_app=nao > anti_padrao=nao > fundir_pai=nao > essencial=nao:sem match no mapa essencial > nao_essencial=sim > decisao=remover","Interacao em Gerenciar vendas - lista, cadastro e cobranca de vendas sellout","Acao registrada: clique:icone / parcela-alvo:fechar","app-rev:gerenciar-clientes:recebimentos","clique:icone","parcela-alvo:fechar","{""event"": {""eventCategory"": ""app-rev:gerenciar-clientes:recebimentos"", ""eventAction"": ""clique:icone"", ""eventLabel"": ""parcela-alvo:fechar""} }","manage_receipts_tag","","","","icone P2 fora essencial",""
"Gestao","Carteira de clientes","P2","interaction","na","nao","nao","","sim","na","nao","nao","fundir_pai","nao_essencial","remover","dominio=Carteira de clientes > tipo=interaction > callback=nao > revisar_pm=nao > obsoleto=nao > nav_in_app=nao > anti_padrao=nao > fundir_pai=sim > decisao=remover","Interacao em Gerenciar vendas - lista, cadastro e cobranca de vendas sellout","Toca no botao identificado como ""parcela-alvo:enviar-lembrete""","app-rev:gerenciar-clientes:recebimentos","clique:botao","parcela-alvo:enviar-lembrete","{""event"": {""eventCategory"": ""app-rev:gerenciar-clientes:recebimentos"", ""eventAction"": ""clique:botao"", ""eventLabel"": ""parcela-alvo:enviar-lembrete""} }","manage_receipts_tag","","","","recebimentos fora mapa essencial",""
"Gestao","Carteira de clientes","P2","interaction","na","nao","nao","","nao","nao","nao","nao","fora_mapa_essencial","nao_essencial","remover","dominio=Carteira de clientes > tipo=interaction > callback=nao > revisar_pm=nao > obsoleto=nao > nav_in_app=nao > anti_padrao=nao > fundir_pai=nao > essencial=nao:sem match no mapa essencial > nao_essencial=sim > decisao=remover","Interacao em Gerenciar vendas - lista, cadastro e cobranca de vendas sellout","Acao registrada: clique:icone / parcela-alvo:fechar-pesquisa","app-rev:gerenciar-clientes:recebimentos","clique:icone","parcela-alvo:fechar-pesquisa","{""event"": {""eventCategory"": ""app-rev:gerenciar-clientes:recebimentos"", ""eventAction"": ""clique:icone"", ""eventLabel"": ""parcela-alvo:fechar-pesquisa""} }","manage_receipts_tag","","","","icone P2 fora essencial",""
"Gestao","Carteira de clientes","P2","interaction","na","nao","nao","","sim","na","nao","nao","fundir_pai","nao_essencial","remover","dominio=Carteira de clientes > tipo=interaction > callback=nao > revisar_pm=nao > obsoleto=nao > nav_in_app=nao > anti_padrao=nao > fundir_pai=sim > decisao=remover","Interacao em Gerenciar vendas - lista, cadastro e cobranca de vendas sellout","Toca no botao identificado como ""parcela-alvo:abrir-pesquisa""","app-rev:gerenciar-clientes:recebimentos","clique:botao","parcela-alvo:abrir-pesquisa","{""event"": {""eventCategory"": ""app-rev:gerenciar-clientes:recebimentos"", ""eventAction"": ""clique:botao"", ""eventLabel"": ""parcela-alvo:abrir-pesquisa""} }","manage_receipts_tag","","","","recebimentos fora mapa essencial",""
"Gestao","Carteira de clientes","P2","interaction","na","nao","sim","widget","nao","na","nao","nao","anti_padrao_widget","anti_padrao","remover","dominio=Carteira de clientes > tipo=interaction > callback=nao > revisar_pm=nao > obsoleto=nao > nav_in_app=nao > anti_padrao=sim:widget > decisao=remover","Interacao em Gerenciar vendas - lista, cadastro e cobranca de vendas sellout","Acao registrada: visualizacao:widget / parcela-alvo:widget","app-rev:gerenciar-clientes:recebimentos","visualizacao:widget","parcela-alvo:widget","{""event"": {""eventCategory"": ""app-rev:gerenciar-clientes:recebimentos"", ""eventAction"": ""visualizacao:widget"", ""eventLabel"": ""parcela-alvo:widget""} }","manage_receipts_tag","","","","P2 granularidade widget",""
"Gestao","Carteira de clientes","P2","interaction","na","nao","nao","","sim","na","nao","nao","fundir_pai","nao_essencial","remover","dominio=Carteira de clientes > tipo=interaction > callback=nao > revisar_pm=nao > obsoleto=nao > nav_in_app=nao > anti_padrao=nao > fundir_pai=sim > decisao=remover","Interacao em Gerenciar vendas - lista, cadastro e cobranca de vendas sellout","Toca no botao: tentar novamente","app-rev:gerenciar-clientes:recebimentos","clique:botao","tentar-novamente","{""event"": {""eventCategory"": ""app-rev:gerenciar-clientes:recebimentos"", ""eventAction"": ""clique:botao"", ""eventLabel"": ""tentar-novamente""} }","manage_receipts_tag","","","","recebimentos fora mapa essencial",""
"Gestao","Vendas sellout","P2","interaction","na","nao","nao","","nao","nao","nao","nao","fora_mapa_essencial","nao_essencial","remover","dominio=Vendas sellout > tipo=interaction > callback=nao > revisar_pm=nao > obsoleto=nao > nav_in_app=nao > anti_padrao=nao > fundir_pai=nao > essencial=nao:sem match no mapa essencial > nao_essencial=sim > decisao=remover","Interacao em Gerenciar vendas - lista, cadastro e cobranca de vendas sellout","Toca no botao identificado como ""aplicar-filtros""","app-rev:gerenciar-vendas","clique:botao","aplicar-filtros","{""event"": {""eventCategory"": ""app-rev:gerenciar-vendas"", ""eventAction"": ""clique:botao"", ""eventLabel"": ""aplicar-filtros""} }","filter_sale_tag","","","","gestao fora mapa essencial",""
"Gestao","Vendas sellout","P2","interaction","na","nao","nao","","nao","nao","nao","nao","fora_mapa_essencial","nao_essencial","remover","dominio=Vendas sellout > tipo=interaction > callback=nao > revisar_pm=nao > obsoleto=nao > nav_in_app=nao > anti_padrao=nao > fundir_pai=nao > essencial=nao:sem match no mapa essencial > nao_essencial=sim > decisao=remover","Interacao em Gerenciar vendas - lista, cadastro e cobranca de vendas sellout","Acao registrada: clique:icone / fechar","app-rev:gerenciar-vendas","clique:icone","fechar","{""event"": {""eventCategory"": ""app-rev:gerenciar-vendas"", ""eventAction"": ""clique:icone"", ""eventLabel"": ""fechar""} }","filter_sale_tag","","","","icone P2 fora essencial",""
"Gestao","Vendas sellout","P2","interaction","na","nao","nao","","nao","nao","nao","nao","fora_mapa_essencial","nao_essencial","remover","dominio=Vendas sellout > tipo=interaction > callback=nao > revisar_pm=nao > obsoleto=nao > nav_in_app=nao > anti_padrao=nao > fundir_pai=nao > essencial=nao:sem match no mapa essencial > nao_essencial=sim > decisao=remover","Interacao em Gerenciar vendas - lista, cadastro e cobranca de vendas sellout","Toca no botao identificado como ""remover-filtros""","app-rev:gerenciar-vendas","clique:botao","remover-filtros","{""event"": {""eventCategory"": ""app-rev:gerenciar-vendas"", ""eventAction"": ""clique:botao"", ""eventLabel"": ""remover-filtros""} }","filter_sale_tag","","","","gestao fora mapa essencial",""
"Gestao","Vendas sellout","P2","interaction","na","nao","nao","","nao","nao","nao","nao","fora_mapa_essencial","nao_essencial","remover","dominio=Vendas sellout > tipo=interaction > callback=nao > revisar_pm=nao > obsoleto=nao > nav_in_app=nao > anti_padrao=nao > fundir_pai=nao > essencial=nao:sem match no mapa essencial > nao_essencial=sim > decisao=remover","Interacao em Gerenciar vendas - lista, cadastro e cobranca de vendas sellout","Toca no botao identificado como ""finalizar""","app-rev:gerenciar-vendas","clique:botao","finalizar","{""event"": {""eventCategory"": ""app-rev:gerenciar-vendas"", ""eventAction"": ""clique:botao"", ""eventLabel"": ""finalizar""} }","know_how_tag","","","","gestao fora mapa essencial",""
"Gestao","Vendas sellout","P2","interaction","na","nao","nao","","nao","nao","nao","nao","fora_mapa_essencial","nao_essencial","remover","dominio=Vendas sellout > tipo=interaction > callback=nao > revisar_pm=nao > obsoleto=nao > nav_in_app=nao > anti_padrao=nao > fundir_pai=nao > essencial=nao:sem match no mapa essencial > nao_essencial=sim > decisao=remover","Interacao em Gerenciar vendas - lista, cadastro e cobranca de vendas sellout","Toca no botao identificado como ""proximo""","app-rev:gerenciar-vendas","clique:botao","proximo","{""event"": {""eventCategory"": ""app-rev:gerenciar-vendas"", ""eventAction"": ""clique:botao"", ""eventLabel"": ""proximo""} }","know_how_tag","","","","gestao fora mapa essencial",""
"Gestao","Vendas sellout","P2","interaction","na","nao","nao","","nao","nao","nao","nao","fora_mapa_essencial","nao_essencial","remover","dominio=Vendas sellout > tipo=interaction > callback=nao > revisar_pm=nao > obsoleto=nao > nav_in_app=nao > anti_padrao=nao > fundir_pai=nao > essencial=nao:sem match no mapa essencial > nao_essencial=sim > decisao=remover","Interacao em Gerenciar vendas - lista, cadastro e cobranca de vendas sellout","Toca no botao identificado como ""anterior""","app-rev:gerenciar-vendas","clique:botao","anterior","{""event"": {""eventCategory"": ""app-rev:gerenciar-vendas"", ""eventAction"": ""clique:botao"", ""eventLabel"": ""anterior""} }","know_how_tag","","","","gestao fora mapa essencial",""
"Gestao","Vendas sellout","P2","interaction","na","nao","nao","","nao","nao","nao","nao","fora_mapa_essencial","nao_essencial","remover","dominio=Vendas sellout > tipo=interaction > callback=nao > revisar_pm=nao > obsoleto=nao > nav_in_app=nao > anti_padrao=nao > fundir_pai=nao > essencial=nao:sem match no mapa essencial > nao_essencial=sim > decisao=remover","Interacao em Gerenciar vendas - lista, cadastro e cobranca de vendas sellout","Toca no botao identificado como ""pular""","app-rev:gerenciar-vendas","clique:botao","pular","{""event"": {""eventCategory"": ""app-rev:gerenciar-vendas"", ""eventAction"": ""clique:botao"", ""eventLabel"": ""pular""} }","know_how_tag","","","","gestao fora mapa essencial",""
"Gestao","Vendas sellout","P2","interaction","na","nao","sim","video","nao","na","nao","nao","anti_padrao_video","anti_padrao","remover","dominio=Vendas sellout > tipo=interaction > callback=nao > revisar_pm=nao > obsoleto=nao > nav_in_app=nao > anti_padrao=sim:video > decisao=remover","Interacao em Gerenciar vendas - lista, cadastro e cobranca de vendas sellout","Acao registrada: video:youtube / termino-tutorial-video-link-pagamento","app-rev:gerenciar-vendas","video:youtube","termino-tutorial-video-link-pagamento","{""event"": {""eventCategory"": ""app-rev:gerenciar-vendas"", ""eventAction"": ""video:youtube"", ""eventLabel"": ""termino-tutorial-video-link-pagamento""} }","learn_how_to_generate_charges_tag","","","","P2 video embed",""
"Gestao","Vendas sellout","P2","interaction","na","nao","sim","video","nao","na","nao","nao","anti_padrao_video","anti_padrao","remover","dominio=Vendas sellout > tipo=interaction > callback=nao > revisar_pm=nao > obsoleto=nao > nav_in_app=nao > anti_padrao=sim:video > decisao=remover","Interacao em Gerenciar vendas - lista, cadastro e cobranca de vendas sellout","Acao registrada: video:youtube / pausa-tutorial-video-link-pagamento","app-rev:gerenciar-vendas","video:youtube","pausa-tutorial-video-link-pagamento","{""event"": {""eventCategory"": ""app-rev:gerenciar-vendas"", ""eventAction"": ""video:youtube"", ""eventLabel"": ""pausa-tutorial-video-link-pagamento""} }","learn_how_to_generate_charges_tag","","","","P2 video embed",""
"Gestao","Vendas sellout","P2","interaction","na","nao","nao","","nao","nao","nao","nao","fora_mapa_essencial","nao_essencial","remover","dominio=Vendas sellout > tipo=interaction > callback=nao > revisar_pm=nao > obsoleto=nao > nav_in_app=nao > anti_padrao=nao > fundir_pai=nao > essencial=nao:sem match no mapa essencial > nao_essencial=sim > decisao=remover","Interacao em Gerenciar vendas - lista, cadastro e cobranca de vendas sellout","Toca no botao identificado como ""finalizar""","app-rev:gerenciar-vendas","clique:botao","finalizar","{""event"": {""eventCategory"": ""app-rev:gerenciar-vendas"", ""eventAction"": ""clique:botao"", ""eventLabel"": ""finalizar""} }","learn_how_to_generate_charges_tag","","","","gestao fora mapa essencial",""
"Gestao","Vendas sellout","P2","interaction","na","nao","nao","","nao","nao","nao","nao","fora_mapa_essencial","nao_essencial","remover","dominio=Vendas sellout > tipo=interaction > callback=nao > revisar_pm=nao > obsoleto=nao > nav_in_app=nao > anti_padrao=nao > fundir_pai=nao > essencial=nao:sem match no mapa essencial > nao_essencial=sim > decisao=remover","Interacao em Gerenciar vendas - lista, cadastro e cobranca de vendas sellout","Toca no botao identificado como ""proximo""","app-rev:gerenciar-vendas","clique:botao","proximo","{""event"": {""eventCategory"": ""app-rev:gerenciar-vendas"", ""eventAction"": ""clique:botao"", ""eventLabel"": ""proximo""} }","learn_how_to_generate_charges_tag","","","","gestao fora mapa essencial",""
"Gestao","Vendas sellout","P2","interaction","na","nao","nao","","nao","nao","nao","nao","fora_mapa_essencial","nao_essencial","remover","dominio=Vendas sellout > tipo=interaction > callback=nao > revisar_pm=nao > obsoleto=nao > nav_in_app=nao > anti_padrao=nao > fundir_pai=nao > essencial=nao:sem match no mapa essencial > nao_essencial=sim > decisao=remover","Interacao em Gerenciar vendas - lista, cadastro e cobranca de vendas sellout","Toca no botao identificado como ""anterior""","app-rev:gerenciar-vendas","clique:botao","anterior","{""event"": {""eventCategory"": ""app-rev:gerenciar-vendas"", ""eventAction"": ""clique:botao"", ""eventLabel"": ""anterior""} }","learn_how_to_generate_charges_tag","","","","gestao fora mapa essencial",""
"Gestao","Vendas sellout","P2","interaction","na","nao","nao","","nao","nao","nao","nao","fora_mapa_essencial","nao_essencial","remover","dominio=Vendas sellout > tipo=interaction > callback=nao > revisar_pm=nao > obsoleto=nao > nav_in_app=nao > anti_padrao=nao > fundir_pai=nao > essencial=nao:sem match no mapa essencial > nao_essencial=sim > decisao=remover","Interacao em Gerenciar vendas - lista, cadastro e cobranca de vendas sellout","Toca no botao identificado como ""pular""","app-rev:gerenciar-vendas","clique:botao","pular","{""event"": {""eventCategory"": ""app-rev:gerenciar-vendas"", ""eventAction"": ""clique:botao"", ""eventLabel"": ""pular""} }","learn_how_to_generate_charges_tag","","","","gestao fora mapa essencial",""
"Gestao","Vendas sellout","P2","interaction","na","nao","sim","video","nao","na","nao","nao","anti_padrao_video","anti_padrao","remover","dominio=Vendas sellout > tipo=interaction > callback=nao > revisar_pm=nao > obsoleto=nao > nav_in_app=nao > anti_padrao=sim:video > decisao=remover","Interacao em Gerenciar vendas - lista, cadastro e cobranca de vendas sellout","Acao registrada: video:youtube / start-tutorial-video-link-pagamento","app-rev:gerenciar-vendas","video:youtube","start-tutorial-video-link-pagamento","{""event"": {""eventCategory"": ""app-rev:gerenciar-vendas"", ""eventAction"": ""video:youtube"", ""eventLabel"": ""start-tutorial-video-link-pagamento""} }","learn_how_to_generate_charges_tag","","","","P2 video embed",""
"Gestao","Vendas sellout","P0","interaction","na","nao","nao","","nao","p0","nao","nao","essencial_migrar","essencial_p0","migrar","dominio=Vendas sellout > tipo=interaction > callback=nao > revisar_pm=nao > obsoleto=nao > nav_in_app=nao > anti_padrao=nao > fundir_pai=nao > essencial=p0:label KPI P0: salvar-venda > nao_essencial=nao > decisao=migrar","Interacao em Gerenciar vendas - lista, cadastro e cobranca de vendas sellout","Acao registrada: conversion / salvar-vendas:${Intl.pluralLogic(
            salesCount,
            one: ","$eventCategory:conversion","conversion","salvar-vendas:${Intl.pluralLogic(
            salesCount,
            one: ","{""event"": {""eventCategory"": ""$eventCategory:conversion"", ""eventAction"": ""conversion"", ""eventLabel"": ""salvar-vendas:${Intl.pluralLogic(
            salesCount,
            one: ""} }","organize_sales_tag","interaction_gestao","click:button-salvar-vendas","{""client_id"":""[[identificador-unico-usuario]]"",""session_id"":""[[identificador-unico-sessao]]"",""events"":[{""params"":{""cd_interaction_detail"":""click:button-salvar-vendas""},""name"":""interaction_gestao""}]}","label KPI P0: salvar-venda",""
"Gestao","Vendas sellout","P0","interaction","na","nao","nao","","nao","p0","nao","nao","essencial_migrar","essencial_p0","migrar","dominio=Vendas sellout > tipo=interaction > callback=nao > revisar_pm=nao > obsoleto=nao > nav_in_app=nao > anti_padrao=nao > fundir_pai=nao > essencial=p0:label KPI P0: nova-venda > nao_essencial=nao > decisao=migrar","Interacao em Gerenciar vendas - lista, cadastro e cobranca de vendas sellout","Toca no botao identificado como ""adicionar-nova-venda""","app-rev:gestao:organizar-vendas","clique:botao","adicionar-nova-venda","{""event"": {""eventCategory"": ""app-rev:gestao:organizar-vendas"", ""eventAction"": ""clique:botao"", ""eventLabel"": ""adicionar-nova-venda""} }","organize_sales_tag","interaction_gestao","click:button-adicionar-nova-venda","{""client_id"":""[[identificador-unico-usuario]]"",""session_id"":""[[identificador-unico-sessao]]"",""events"":[{""params"":{""cd_interaction_detail"":""click:button-adicionar-nova-venda""},""name"":""interaction_gestao""}]}","label KPI P0: nova-venda",""
"Gestao","Vendas sellout","P0","interaction","na","nao","nao","","nao","p0","nao","nao","essencial_migrar","essencial_p0","migrar","dominio=Vendas sellout > tipo=interaction > callback=nao > revisar_pm=nao > obsoleto=nao > nav_in_app=nao > anti_padrao=nao > fundir_pai=nao > essencial=p0:categoria P0: gestao:organizar-vendas > nao_essencial=nao > decisao=migrar","Interacao em Gerenciar vendas - lista, cadastro e cobranca de vendas sellout","Toca no botao identificado como ""alterar-cliente""","app-rev:gestao:organizar-vendas","clique:botao","alterar-cliente","{""event"": {""eventCategory"": ""app-rev:gestao:organizar-vendas"", ""eventAction"": ""clique:botao"", ""eventLabel"": ""alterar-cliente""} }","organize_sales_tag","interaction_gestao","click:button-alterar-cliente","{""client_id"":""[[identificador-unico-usuario]]"",""session_id"":""[[identificador-unico-sessao]]"",""events"":[{""params"":{""cd_interaction_detail"":""click:button-alterar-cliente""},""name"":""interaction_gestao""}]}","categoria P0: gestao:organizar-vendas",""
"Gestao","Vendas sellout","P0","interaction","na","nao","nao","","nao","p0","nao","nao","essencial_migrar","essencial_p0","migrar","dominio=Vendas sellout > tipo=interaction > callback=nao > revisar_pm=nao > obsoleto=nao > nav_in_app=nao > anti_padrao=nao > fundir_pai=nao > essencial=p0:categoria P0: gestao:organizar-vendas > nao_essencial=nao > decisao=migrar","Interacao em Gerenciar vendas - lista, cadastro e cobranca de vendas sellout","Toca no botao identificado como ""alterar-data""","app-rev:gestao:organizar-vendas","clique:botao","alterar-data","{""event"": {""eventCategory"": ""app-rev:gestao:organizar-vendas"", ""eventAction"": ""clique:botao"", ""eventLabel"": ""alterar-data""} }","organize_sales_tag","interaction_gestao","click:button-alterar-data","{""client_id"":""[[identificador-unico-usuario]]"",""session_id"":""[[identificador-unico-sessao]]"",""events"":[{""params"":{""cd_interaction_detail"":""click:button-alterar-data""},""name"":""interaction_gestao""}]}","categoria P0: gestao:organizar-vendas",""
"Gestao","Vendas sellout","P0","interaction","na","nao","nao","","nao","p0","nao","nao","essencial_migrar","essencial_p0","migrar","dominio=Vendas sellout > tipo=interaction > callback=nao > revisar_pm=nao > obsoleto=nao > nav_in_app=nao > anti_padrao=nao > fundir_pai=nao > essencial=p0:categoria P0: gestao:organizar-vendas > nao_essencial=nao > decisao=migrar","Interacao em Gerenciar vendas - lista, cadastro e cobranca de vendas sellout","Toca no botao identificado como ""remover-produto""","app-rev:gestao:organizar-vendas","clique:botao","remover-produto","{""event"": {""eventCategory"": ""app-rev:gestao:organizar-vendas"", ""eventAction"": ""clique:botao"", ""eventLabel"": ""remover-produto""} }","organize_sales_tag","interaction_gestao","click:button-remover-produto","{""client_id"":""[[identificador-unico-usuario]]"",""session_id"":""[[identificador-unico-sessao]]"",""events"":[{""params"":{""cd_interaction_detail"":""click:button-remover-produto""},""name"":""interaction_gestao""}]}","categoria P0: gestao:organizar-vendas",""
"Gestao","Vendas sellout","P0","interaction","na","nao","nao","","nao","p0","nao","nao","essencial_migrar","essencial_p0","migrar","dominio=Vendas sellout > tipo=interaction > callback=nao > revisar_pm=nao > obsoleto=nao > nav_in_app=nao > anti_padrao=nao > fundir_pai=nao > essencial=p0:categoria P0: gestao:organizar-vendas > nao_essencial=nao > decisao=migrar","Interacao em Gerenciar vendas - lista, cadastro e cobranca de vendas sellout","Toca no botao identificado como ""remover-venda""","app-rev:gestao:organizar-vendas","clique:botao","remover-venda","{""event"": {""eventCategory"": ""app-rev:gestao:organizar-vendas"", ""eventAction"": ""clique:botao"", ""eventLabel"": ""remover-venda""} }","organize_sales_tag","interaction_gestao","click:button-remover-venda","{""client_id"":""[[identificador-unico-usuario]]"",""session_id"":""[[identificador-unico-sessao]]"",""events"":[{""params"":{""cd_interaction_detail"":""click:button-remover-venda""},""name"":""interaction_gestao""}]}","categoria P0: gestao:organizar-vendas",""
"Gestao","Vendas sellout","P0","interaction","na","nao","nao","","nao","p0","nao","nao","essencial_migrar","essencial_p0","migrar","dominio=Vendas sellout > tipo=interaction > callback=nao > revisar_pm=nao > obsoleto=nao > nav_in_app=nao > anti_padrao=nao > fundir_pai=nao > essencial=p0:label KPI P0: salvar-venda > nao_essencial=nao > decisao=migrar","Interacao em Gerenciar vendas - lista, cadastro e cobranca de vendas sellout","Toca no botao identificado como ""salvar-vendas""","app-rev:gestao:organizar-vendas","clique:botao","salvar-vendas","{""event"": {""eventCategory"": ""app-rev:gestao:organizar-vendas"", ""eventAction"": ""clique:botao"", ""eventLabel"": ""salvar-vendas""} }","organize_sales_tag","interaction_gestao","click:button-salvar-vendas","{""client_id"":""[[identificador-unico-usuario]]"",""session_id"":""[[identificador-unico-sessao]]"",""events"":[{""params"":{""cd_interaction_detail"":""click:button-salvar-vendas""},""name"":""interaction_gestao""}]}","label KPI P0: salvar-venda",""
"Gestao","Vendas sellout","P0","interaction","na","nao","nao","","nao","p0","nao","nao","essencial_migrar","essencial_p0","migrar","dominio=Vendas sellout > tipo=interaction > callback=nao > revisar_pm=nao > obsoleto=nao > nav_in_app=nao > anti_padrao=nao > fundir_pai=nao > essencial=p0:categoria P0: gestao:organizar-vendas > nao_essencial=nao > decisao=migrar","Interacao em Gerenciar vendas - lista, cadastro e cobranca de vendas sellout","Toca no botao identificado como ""selecionar-cliente""","app-rev:gestao:organizar-vendas","clique:botao","selecionar-cliente","{""event"": {""eventCategory"": ""app-rev:gestao:organizar-vendas"", ""eventAction"": ""clique:botao"", ""eventLabel"": ""selecionar-cliente""} }","organize_sales_tag","interaction_gestao","click:button-selecionar-cliente","{""client_id"":""[[identificador-unico-usuario]]"",""session_id"":""[[identificador-unico-sessao]]"",""events"":[{""params"":{""cd_interaction_detail"":""click:button-selecionar-cliente""},""name"":""interaction_gestao""}]}","categoria P0: gestao:organizar-vendas",""
"Gestao","Vendas sellout","P0","interaction","na","nao","nao","","nao","p0","nao","nao","essencial_migrar","essencial_p0","migrar","dominio=Vendas sellout > tipo=interaction > callback=nao > revisar_pm=nao > obsoleto=nao > nav_in_app=nao > anti_padrao=nao > fundir_pai=nao > essencial=p0:categoria P0: gestao:organizar-vendas > nao_essencial=nao > decisao=migrar","Interacao em Gerenciar vendas - lista, cadastro e cobranca de vendas sellout","Toca no botao identificado como ""selecionar-produto""","app-rev:gestao:organizar-vendas","clique:botao","selecionar-produto","{""event"": {""eventCategory"": ""app-rev:gestao:organizar-vendas"", ""eventAction"": ""clique:botao"", ""eventLabel"": ""selecionar-produto""} }","organize_sales_tag","interaction_gestao","click:button-selecionar-produto","{""client_id"":""[[identificador-unico-usuario]]"",""session_id"":""[[identificador-unico-sessao]]"",""events"":[{""params"":{""cd_interaction_detail"":""click:button-selecionar-produto""},""name"":""interaction_gestao""}]}","categoria P0: gestao:organizar-vendas",""
"Gestao","Vendas sellout","P2","interaction","na","nao","nao","","nao","nao","nao","nao","fora_mapa_essencial","nao_essencial","remover","dominio=Vendas sellout > tipo=interaction > callback=nao > revisar_pm=nao > obsoleto=nao > nav_in_app=nao > anti_padrao=nao > fundir_pai=nao > essencial=nao:sem match no mapa essencial > nao_essencial=sim > decisao=remover","Interacao em Gerenciar vendas - lista, cadastro e cobranca de vendas sellout","Toca no botao identificado como ""ver-gestao-vendas""","app-rev:vendas-recebidas","clique:botao","ver-gestao-vendas","{""event"": {""eventCategory"": ""app-rev:vendas-recebidas"", ""eventAction"": ""clique:botao"", ""eventLabel"": ""ver-gestao-vendas""} }","received_sales_tag","","","","gestao fora mapa essencial",""
"Gestao","Vendas sellout","P1","interaction","na","nao","nao","","nao","p1","nao","nao","essencial_migrar","essencial_p1","migrar","dominio=Vendas sellout > tipo=interaction > callback=nao > revisar_pm=nao > obsoleto=nao > nav_in_app=nao > anti_padrao=nao > fundir_pai=nao > essencial=p1:gestao label P1: adicionar-produto > nao_essencial=nao > decisao=migrar","Interacao em Gerenciar vendas - lista, cadastro e cobranca de vendas sellout","Toca no botao identificado como ""adicionar-produtos-ao-carrinho:$saleId""","app-rev:vendas-recebidas","clique:botao","adicionar-produtos-ao-carrinho:$saleId","{""event"": {""eventCategory"": ""app-rev:vendas-recebidas"", ""eventAction"": ""clique:botao"", ""eventLabel"": ""adicionar-produtos-ao-carrinho:$saleId""} }","received_sales_tag","interaction_gestao","click:button-adicionar-produtos-ao-carrinho-$saleid","{""client_id"":""[[identificador-unico-usuario]]"",""session_id"":""[[identificador-unico-sessao]]"",""events"":[{""params"":{""cd_interaction_detail"":""click:button-adicionar-produtos-ao-carrinho-$saleid"",""cd_id_venda"":""$saleId""},""name"":""interaction_gestao""}]}","gestao label P1: adicionar-produto; cd_* legado preservados em json_novo.params",""
"Gestao","Vendas sellout","P1","interaction","na","nao","nao","","nao","p1","nao","nao","essencial_migrar","essencial_p1","migrar","dominio=Vendas sellout > tipo=interaction > callback=nao > revisar_pm=nao > obsoleto=nao > nav_in_app=nao > anti_padrao=nao > fundir_pai=nao > essencial=p1:gestao label P1: tentar-novamente > nao_essencial=nao > decisao=migrar","Interacao em Gerenciar vendas - lista, cadastro e cobranca de vendas sellout","Toca no botao: tentar novamente","app-rev:vendas-recebidas","clique:botao","tentar-novamente","{""event"": {""eventCategory"": ""app-rev:vendas-recebidas"", ""eventAction"": ""clique:botao"", ""eventLabel"": ""tentar-novamente""} }","received_sales_tag","interaction_gestao","click:button-tentar-novamente","{""client_id"":""[[identificador-unico-usuario]]"",""session_id"":""[[identificador-unico-sessao]]"",""events"":[{""params"":{""cd_interaction_detail"":""click:button-tentar-novamente""},""name"":""interaction_gestao""}]}","gestao label P1: tentar-novamente",""
"Gestao","Vendas sellout","P0","interaction","na","nao","nao","","nao","p0","nao","nao","essencial_migrar","essencial_p0","migrar","dominio=Vendas sellout > tipo=interaction > callback=nao > revisar_pm=nao > obsoleto=nao > nav_in_app=nao > anti_padrao=nao > fundir_pai=nao > essencial=p0:label KPI P0: nova-venda > nao_essencial=nao > decisao=migrar","Interacao em Gerenciar vendas - lista, cadastro e cobranca de vendas sellout","Toca no botao identificado como ""adicionar-nova-venda:nenhuma-venda""","","clique:botao","adicionar-nova-venda:nenhuma-venda","{""event"": {""eventCategory"": """", ""eventAction"": ""clique:botao"", ""eventLabel"": ""adicionar-nova-venda:nenhuma-venda""} }","sales_tag","interaction_gestao","click:button-adicionar-nova-venda-nenhuma-venda","{""client_id"":""[[identificador-unico-usuario]]"",""session_id"":""[[identificador-unico-sessao]]"",""events"":[{""params"":{""cd_interaction_detail"":""click:button-adicionar-nova-venda-nenhuma-venda""},""name"":""interaction_gestao""}]}","label KPI P0: nova-venda",""
"Gestao","Vendas sellout","P0","interaction","na","nao","nao","","nao","p0","nao","nao","essencial_migrar","essencial_p0","migrar","dominio=Vendas sellout > tipo=interaction > callback=nao > revisar_pm=nao > obsoleto=nao > nav_in_app=nao > anti_padrao=nao > fundir_pai=nao > essencial=p0:label KPI P0: nova-venda > nao_essencial=nao > decisao=migrar","Interacao em Gerenciar vendas - lista, cadastro e cobranca de vendas sellout","Toca no botao identificado como ""adicionar-nova-venda:total-vendas""","","clique:botao","adicionar-nova-venda:total-vendas","{""event"": {""eventCategory"": """", ""eventAction"": ""clique:botao"", ""eventLabel"": ""adicionar-nova-venda:total-vendas""} }","sales_tag","interaction_gestao","click:button-adicionar-nova-venda-total-vendas","{""client_id"":""[[identificador-unico-usuario]]"",""session_id"":""[[identificador-unico-sessao]]"",""events"":[{""params"":{""cd_interaction_detail"":""click:button-adicionar-nova-venda-total-vendas""},""name"":""interaction_gestao""}]}","label KPI P0: nova-venda",""
"Gestao","Vendas sellout","P0","interaction","na","nao","nao","","nao","p0","nao","nao","essencial_migrar","essencial_p0","migrar","dominio=Vendas sellout > tipo=interaction > callback=nao > revisar_pm=nao > obsoleto=nao > nav_in_app=nao > anti_padrao=nao > fundir_pai=nao > essencial=p0:label KPI P0: cobrar-cliente > nao_essencial=nao > decisao=migrar","Interacao em Gerenciar vendas - lista, cadastro e cobranca de vendas sellout","Toca no botao identificado como ""cobrar-cliente:$saleId""","","clique:botao","cobrar-cliente:$saleId","{""event"": {""eventCategory"": """", ""eventAction"": ""clique:botao"", ""eventLabel"": ""cobrar-cliente:$saleId""} }","sales_tag","interaction_gestao","click:button-cobrar-cliente-$saleid","{""client_id"":""[[identificador-unico-usuario]]"",""session_id"":""[[identificador-unico-sessao]]"",""events"":[{""params"":{""cd_interaction_detail"":""click:button-cobrar-cliente-$saleid"",""cd_id_venda"":""$saleId""},""name"":""interaction_gestao""}]}","label KPI P0: cobrar-cliente; cd_* legado preservados em json_novo.params",""
"Gestao","Vendas sellout","P1","interaction","na","nao","nao","","nao","p1","nao","nao","essencial_migrar","essencial_p1","migrar","dominio=Vendas sellout > tipo=interaction > callback=nao > revisar_pm=nao > obsoleto=nao > nav_in_app=nao > anti_padrao=nao > fundir_pai=nao > essencial=p1:gestao label P1: editar-venda > nao_essencial=nao > decisao=migrar","Interacao em Gerenciar vendas - lista, cadastro e cobranca de vendas sellout","Toca no botao identificado como ""editar-venda:$saleId""","","clique:botao","editar-venda:$saleId","{""event"": {""eventCategory"": """", ""eventAction"": ""clique:botao"", ""eventLabel"": ""editar-venda:$saleId""} }","sales_tag","interaction_gestao","click:button-editar-venda-$saleid","{""client_id"":""[[identificador-unico-usuario]]"",""session_id"":""[[identificador-unico-sessao]]"",""events"":[{""params"":{""cd_interaction_detail"":""click:button-editar-venda-$saleid"",""cd_id_venda"":""$saleId""},""name"":""interaction_gestao""}]}","gestao label P1: editar-venda; cd_* legado preservados em json_novo.params",""
"Gestao","Vendas sellout","P2","interaction","na","nao","nao","","nao","nao","nao","nao","fora_mapa_essencial","nao_essencial","remover","dominio=Vendas sellout > tipo=interaction > callback=nao > revisar_pm=nao > obsoleto=nao > nav_in_app=nao > anti_padrao=nao > fundir_pai=nao > essencial=nao:sem match no mapa essencial > nao_essencial=sim > decisao=remover","Interacao em Gerenciar vendas - lista, cadastro e cobranca de vendas sellout","Acao registrada: clique:icone / filtrar","","clique:icone","filtrar","{""event"": {""eventCategory"": """", ""eventAction"": ""clique:icone"", ""eventLabel"": ""filtrar""} }","sales_tag","","","","icone P2 fora essencial",""
"Gestao","Vendas sellout","P2","interaction","na","nao","sim","filtro","nao","na","nao","nao","anti_padrao_filtro","anti_padrao","remover","dominio=Vendas sellout > tipo=interaction > callback=nao > revisar_pm=nao > obsoleto=nao > nav_in_app=nao > anti_padrao=sim:filtro > decisao=remover","Interacao em Gerenciar vendas - lista, cadastro e cobranca de vendas sellout","Acao registrada: interacao:filtro / vendas-filtradas-por-${status.toTag}","","interacao:filtro","vendas-filtradas-por-${status.toTag}","{""event"": {""eventCategory"": """", ""eventAction"": ""interacao:filtro"", ""eventLabel"": ""vendas-filtradas-por-${status.toTag}""} }","sales_tag","","","","P2 filtro",""
"Gestao","Vendas sellout","P2","interaction","na","nao","nao","","nao","nao","nao","nao","fora_mapa_essencial","nao_essencial","remover","dominio=Vendas sellout > tipo=interaction > callback=nao > revisar_pm=nao > obsoleto=nao > nav_in_app=nao > anti_padrao=nao > fundir_pai=nao > essencial=nao:sem match no mapa essencial > nao_essencial=sim > decisao=remover","Interacao em Gerenciar vendas - lista, cadastro e cobranca de vendas sellout","Toca no botao identificado como ""onboarding-cobra-cliente-novo""","","clique:botao","onboarding-cobra-cliente-novo","{""event"": {""eventCategory"": """", ""eventAction"": ""clique:botao"", ""eventLabel"": ""onboarding-cobra-cliente-novo""} }","sales_tag","","","","gestao fora mapa essencial",""
"Gestao","Vendas sellout","P2","interaction","na","nao","nao","","nao","nao","nao","nao","fora_mapa_essencial","nao_essencial","remover","dominio=Vendas sellout > tipo=interaction > callback=nao > revisar_pm=nao > obsoleto=nao > nav_in_app=nao > anti_padrao=nao > fundir_pai=nao > essencial=nao:sem match no mapa essencial > nao_essencial=sim > decisao=remover","Interacao em Gerenciar vendas - lista, cadastro e cobranca de vendas sellout","Toca no botao identificado como ""saiba-como""","","clique:botao","saiba-como","{""event"": {""eventCategory"": """", ""eventAction"": ""clique:botao"", ""eventLabel"": ""saiba-como""} }","sales_tag","","","","gestao fora mapa essencial",""
"Gestao","Vendas sellout","P2","interaction","na","nao","sim","tooltip","nao","na","nao","nao","anti_padrao_tooltip","anti_padrao","remover","dominio=Vendas sellout > tipo=interaction > callback=nao > revisar_pm=nao > obsoleto=nao > nav_in_app=nao > anti_padrao=sim:tooltip > decisao=remover","Interacao em Gerenciar vendas - lista, cadastro e cobranca de vendas sellout","Acao registrada: clique:tooltip / info-total-vendas","","clique:tooltip","info-total-vendas","{""event"": {""eventCategory"": """", ""eventAction"": ""clique:tooltip"", ""eventLabel"": ""info-total-vendas""} }","sales_tag","","","","P2 tooltip",""
"Gestao","Vendas sellout","P2","interaction","na","nao","nao","","nao","nao","nao","nao","fora_mapa_essencial","nao_essencial","remover","dominio=Vendas sellout > tipo=interaction > callback=nao > revisar_pm=nao > obsoleto=nao > nav_in_app=nao > anti_padrao=nao > fundir_pai=nao > essencial=nao:sem match no mapa essencial > nao_essencial=sim > decisao=remover","Interacao em Gerenciar vendas - lista, cadastro e cobranca de vendas sellout","Toca no botao identificado como ""lembrete-recebimento-venda""","","clique:botao","lembrete-recebimento-venda","{""event"": {""eventCategory"": """", ""eventAction"": ""clique:botao"", ""eventLabel"": ""lembrete-recebimento-venda""} }","sales_tag","","","","gestao fora mapa essencial",""
"Gestao","Vendas sellout","P1","interaction","na","nao","nao","","nao","p1","nao","nao","essencial_migrar","essencial_p1","migrar","dominio=Vendas sellout > tipo=interaction > callback=nao > revisar_pm=nao > obsoleto=nao > nav_in_app=nao > anti_padrao=nao > fundir_pai=nao > essencial=p1:gestao label P1: alterar-status-pagamento > nao_essencial=nao > decisao=migrar","Interacao em Gerenciar vendas - lista, cadastro e cobranca de vendas sellout","Toca no botao identificado como ""alterar-status-pagamento:${_mapPaymentStatusToString(status)}""","","clique:botao","alterar-status-pagamento:${_mapPaymentStatusToString(status)}","{""event"": {""eventCategory"": """", ""eventAction"": ""clique:botao"", ""eventLabel"": ""alterar-status-pagamento:${_mapPaymentStatusToString(status)}""} }","sales_tag","interaction_gestao","click:button-alterar-status-pagamento-${-mappaymentstatustostring(status)}","{""client_id"":""[[identificador-unico-usuario]]"",""session_id"":""[[identificador-unico-sessao]]"",""events"":[{""params"":{""cd_interaction_detail"":""click:button-alterar-status-pagamento-${-mappaymentstatustostring(status)}""},""name"":""interaction_gestao""}]}","gestao label P1: alterar-status-pagamento",""
"Gestao","Vendas sellout","P2","interaction","na","nao","sim","filtro","nao","na","nao","nao","anti_padrao_filtro","anti_padrao","remover","dominio=Vendas sellout > tipo=interaction > callback=nao > revisar_pm=nao > obsoleto=nao > nav_in_app=nao > anti_padrao=sim:filtro > decisao=remover","Interacao em Gerenciar vendas - lista, cadastro e cobranca de vendas sellout","Acao registrada: interacao:filtro / vendas-filtradas-por-cliente","","interacao:filtro","vendas-filtradas-por-cliente","{""event"": {""eventCategory"": """", ""eventAction"": ""interacao:filtro"", ""eventLabel"": ""vendas-filtradas-por-cliente""} }","sales_tag","","","","P2 filtro",""
"Gestao","Vendas sellout","P1","interaction","na","nao","nao","","nao","p1","nao","nao","essencial_migrar","essencial_p1","migrar","dominio=Vendas sellout > tipo=interaction > callback=nao > revisar_pm=nao > obsoleto=nao > nav_in_app=nao > anti_padrao=nao > fundir_pai=nao > essencial=p1:gestao label P1: tentar-novamente > nao_essencial=nao > decisao=migrar","Interacao em Gerenciar vendas - lista, cadastro e cobranca de vendas sellout","Toca no botao: tentar novamente","","clique:botao","tentar-novamente","{""event"": {""eventCategory"": """", ""eventAction"": ""clique:botao"", ""eventLabel"": ""tentar-novamente""} }","sales_tag","interaction_gestao","click:button-tentar-novamente","{""client_id"":""[[identificador-unico-usuario]]"",""session_id"":""[[identificador-unico-sessao]]"",""events"":[{""params"":{""cd_interaction_detail"":""click:button-tentar-novamente""},""name"":""interaction_gestao""}]}","gestao label P1: tentar-novamente",""
"Gestao","Vendas sellout","P2","interaction","na","nao","nao","","nao","nao","nao","nao","fora_mapa_essencial","nao_essencial","remover","dominio=Vendas sellout > tipo=interaction > callback=nao > revisar_pm=nao > obsoleto=nao > nav_in_app=nao > anti_padrao=nao > fundir_pai=nao > essencial=nao:sem match no mapa essencial > nao_essencial=sim > decisao=remover","Interacao em Gerenciar vendas - lista, cadastro e cobranca de vendas sellout","A revendedora ve o componente ""lembrete-recebimento-venda"" na tela","","view:componente","lembrete-recebimento-venda","{""event"": {""eventCategory"": """", ""eventAction"": ""view:componente"", ""eventLabel"": ""lembrete-recebimento-venda""} }","sales_tag","","","","gestao sem match essencial",""
"Gestao","Vendas sellout","P2","interaction","na","nao","nao","","sim","na","nao","nao","fundir_pai","fundir_pai","remover","dominio=Vendas sellout > tipo=interaction > callback=nao > revisar_pm=nao > obsoleto=nao > nav_in_app=nao > anti_padrao=nao > fundir_pai=sim > decisao=remover","Interacao em Gerenciar vendas - lista, cadastro e cobranca de vendas sellout","Toca no botao identificado como ""sim-quero-excluir""","app-rev:gestao:organizar-vendas:modal-excluir-venda","clique:botao","sim-quero-excluir","{""event"": {""eventCategory"": ""app-rev:gestao:organizar-vendas:modal-excluir-venda"", ""eventAction"": ""clique:botao"", ""eventLabel"": ""sim-quero-excluir""} }","confirm_delete_sale_tag","","","","granularidade modal",""
"Gestao","Vendas sellout","P2","interaction","na","nao","nao","","sim","na","nao","nao","fundir_pai","fundir_pai","remover","dominio=Vendas sellout > tipo=interaction > callback=nao > revisar_pm=nao > obsoleto=nao > nav_in_app=nao > anti_padrao=nao > fundir_pai=sim > decisao=remover","Interacao em Gerenciar vendas - lista, cadastro e cobranca de vendas sellout","Toca no botao identificado como ""nao-excluir-venda""","app-rev:gestao:organizar-vendas:modal-excluir-venda","clique:botao","nao-excluir-venda","{""event"": {""eventCategory"": ""app-rev:gestao:organizar-vendas:modal-excluir-venda"", ""eventAction"": ""clique:botao"", ""eventLabel"": ""nao-excluir-venda""} }","confirm_delete_sale_tag","","","","granularidade modal",""
"Gestao","Carteira de clientes","P0","interaction","na","nao","nao","","nao","p0","nao","nao","essencial_migrar","essencial_p0","migrar","dominio=Carteira de clientes > tipo=interaction > callback=nao > revisar_pm=nao > obsoleto=nao > nav_in_app=nao > anti_padrao=nao > fundir_pai=nao > essencial=p0:categoria P0: gestao:organizar-vendas > nao_essencial=nao > decisao=migrar","Interacao em Gerenciar vendas - lista, cadastro e cobranca de vendas sellout","Toca no botao identificado como ""adicionar""","app-rev:gestao:organizar-vendas:selecionar-cliente","clique:botao","adicionar","{""event"": {""eventCategory"": ""app-rev:gestao:organizar-vendas:selecionar-cliente"", ""eventAction"": ""clique:botao"", ""eventLabel"": ""adicionar""} }","select_customer_tag","interaction_gestao","click:button-adicionar","{""client_id"":""[[identificador-unico-usuario]]"",""session_id"":""[[identificador-unico-sessao]]"",""events"":[{""params"":{""cd_interaction_detail"":""click:button-adicionar""},""name"":""interaction_gestao""}]}","categoria P0: gestao:organizar-vendas",""
"Gestao","Carteira de clientes","P0","interaction","na","nao","nao","","nao","p0","nao","nao","essencial_migrar","essencial_p0","migrar","dominio=Carteira de clientes > tipo=interaction > callback=nao > revisar_pm=nao > obsoleto=nao > nav_in_app=nao > anti_padrao=nao > fundir_pai=nao > essencial=p0:label KPI P0: adicionar-cliente > nao_essencial=nao > decisao=migrar","Interacao em Gerenciar vendas - lista, cadastro e cobranca de vendas sellout","Toca no botao identificado como ""adicionar-cliente""","app-rev:gestao:organizar-vendas:selecionar-cliente","clique:botao","adicionar-cliente","{""event"": {""eventCategory"": ""app-rev:gestao:organizar-vendas:selecionar-cliente"", ""eventAction"": ""clique:botao"", ""eventLabel"": ""adicionar-cliente""} }","select_customer_tag","interaction_gestao","click:button-adicionar-cliente","{""client_id"":""[[identificador-unico-usuario]]"",""session_id"":""[[identificador-unico-sessao]]"",""events"":[{""params"":{""cd_interaction_detail"":""click:button-adicionar-cliente""},""name"":""interaction_gestao""}]}","label KPI P0: adicionar-cliente",""
"Gestao","Carteira de clientes","P0","interaction","na","nao","nao","","nao","p0","nao","nao","essencial_migrar","essencial_p0","migrar","dominio=Carteira de clientes > tipo=interaction > callback=nao > revisar_pm=nao > obsoleto=nao > nav_in_app=nao > anti_padrao=nao > fundir_pai=nao > essencial=p0:categoria P0: gestao:organizar-vendas > nao_essencial=nao > decisao=migrar","Interacao em Gerenciar vendas - lista, cadastro e cobranca de vendas sellout","Toca no botao identificado como ""salvar-selecao""","app-rev:gestao:organizar-vendas:selecionar-cliente","clique:botao","salvar-selecao","{""event"": {""eventCategory"": ""app-rev:gestao:organizar-vendas:selecionar-cliente"", ""eventAction"": ""clique:botao"", ""eventLabel"": ""salvar-selecao""} }","select_customer_tag","interaction_gestao","click:button-salvar-selecao","{""client_id"":""[[identificador-unico-usuario]]"",""session_id"":""[[identificador-unico-sessao]]"",""events"":[{""params"":{""cd_interaction_detail"":""click:button-salvar-selecao""},""name"":""interaction_gestao""}]}","categoria P0: gestao:organizar-vendas",""
"Gestao","Carteira de clientes","P0","interaction","na","nao","nao","","nao","p0","nao","nao","essencial_migrar","essencial_p0","migrar","dominio=Carteira de clientes > tipo=interaction > callback=nao > revisar_pm=nao > obsoleto=nao > nav_in_app=nao > anti_padrao=nao > fundir_pai=nao > essencial=p0:categoria P0: gestao:organizar-vendas > nao_essencial=nao > decisao=migrar","Interacao em Gerenciar vendas - lista, cadastro e cobranca de vendas sellout","Toca no botao: tentar novamente","app-rev:gestao:organizar-vendas:selecionar-cliente","clique:botao","tentar-novamente","{""event"": {""eventCategory"": ""app-rev:gestao:organizar-vendas:selecionar-cliente"", ""eventAction"": ""clique:botao"", ""eventLabel"": ""tentar-novamente""} }","select_customer_tag","interaction_gestao","click:button-tentar-novamente","{""client_id"":""[[identificador-unico-usuario]]"",""session_id"":""[[identificador-unico-sessao]]"",""events"":[{""params"":{""cd_interaction_detail"":""click:button-tentar-novamente""},""name"":""interaction_gestao""}]}","categoria P0: gestao:organizar-vendas",""
"Gestao","Carteira de clientes","P0","screen_view","na","nao","nao","","nao","p0","nao","nao","pageview_ok","pageview_ok","manter","dominio=Carteira de clientes > tipo=screen_view > callback=nao > revisar_pm=nao > obsoleto=nao > nav_in_app=nao > anti_padrao=nao > fundir_pai=nao > pageview=essencial > essencial=p0 > decisao=manter","Visualizacao de Gerenciar vendas - lista, cadastro e cobranca de vendas sellout","A tela e registrada no analytics (visualizacao de pagina)","","","","{""screen_view"": {""screen_name"": ""/app-rev/gerenciar-vendas/nova-venda/clientes""} }","select_customer_tag","screen_view","","{""client_id"":""[[identificador-unico-usuario]]"",""session_id"":""[[identificador-unico-sessao]]"",""events"":[{""name"":""screen_view"",""params"":{""screen_name"":""/app-rev/gerenciar-vendas/nova-venda/clientes"",""cd_page_title"":""Gerenciar vendas - lista, cadastro e cobranca de vendas sellout""}}]}","screen_view ja no padrao GA4 - EVENTOS_ESSENCIAIS_CT","/app-rev/gerenciar-vendas/nova-venda/clientes"
"Gestao","Carteira de clientes","P0","interaction","na","nao","nao","","nao","p0","nao","nao","essencial_migrar","essencial_p0","migrar","dominio=Carteira de clientes > tipo=interaction > callback=nao > revisar_pm=nao > obsoleto=nao > nav_in_app=nao > anti_padrao=nao > fundir_pai=nao > essencial=p0:categoria P0: gestao:organizar-vendas > nao_essencial=nao > decisao=migrar","Interacao em Gerenciar vendas - lista, cadastro e cobranca de vendas sellout","Acao registrada: caixa-de-texto-busca-cliente / buscar-nome-cliente","app-rev:gestao:organizar-vendas:selecionar-cliente","caixa-de-texto-busca-cliente","buscar-nome-cliente","{""event"": {""eventCategory"": ""app-rev:gestao:organizar-vendas:selecionar-cliente"", ""eventAction"": ""caixa-de-texto-busca-cliente"", ""eventLabel"": ""buscar-nome-cliente""} }","select_customer_tag","interaction_gestao","click:button-buscar-nome-cliente","{""client_id"":""[[identificador-unico-usuario]]"",""session_id"":""[[identificador-unico-sessao]]"",""events"":[{""params"":{""cd_interaction_detail"":""click:button-buscar-nome-cliente""},""name"":""interaction_gestao""}]}","categoria P0: gestao:organizar-vendas",""
"Gestao","Carteira de clientes","P0","interaction","na","nao","nao","","nao","p0","nao","nao","essencial_migrar","essencial_p0","migrar","dominio=Carteira de clientes > tipo=interaction > callback=nao > revisar_pm=nao > obsoleto=nao > nav_in_app=nao > anti_padrao=nao > fundir_pai=nao > essencial=p0:categoria P0: gestao:organizar-vendas > nao_essencial=nao > decisao=migrar","Interacao em Gerenciar vendas - lista, cadastro e cobranca de vendas sellout","Toca no botao identificado como ""selecionar-cliente-cadastrado""","app-rev:gestao:organizar-vendas:selecionar-cliente","clique:botao","selecionar-cliente-cadastrado","{""event"": {""eventCategory"": ""app-rev:gestao:organizar-vendas:selecionar-cliente"", ""eventAction"": ""clique:botao"", ""eventLabel"": ""selecionar-cliente-cadastrado""} }","select_customer_tag","interaction_gestao","click:button-selecionar-cliente-cadastrado","{""client_id"":""[[identificador-unico-usuario]]"",""session_id"":""[[identificador-unico-sessao]]"",""events"":[{""params"":{""cd_interaction_detail"":""click:button-selecionar-cliente-cadastrado""},""name"":""interaction_gestao""}]}","categoria P0: gestao:organizar-vendas",""
"Inicio","Trafego Home","P1","interaction","na","nao","nao","","nao","p1","nao","nao","dinamico_toanalyticsformat","dinamico_label_variavel","migrar","dominio=Trafego Home > tipo=interaction > callback=nao > revisar_pm=nao > obsoleto=nao > nav_in_app=nao > anti_padrao=nao > fundir_pai=nao > essencial=nao:sem match no mapa essencial > nao_essencial=nao > decisao=migrar","Interacao em Home (aba Inicio) - tela inicial com atalhos, catalogos e banners","Na Home, no carrossel de catalogos: compartilha catalogo ou toca Ver mais","app-rev:home","dinamico","dinamico (toAnalyticsFormat)","{""event"": {""eventCategory"": ""app-rev:home"", ""eventAction"": ""dinamico"", ""eventLabel"": ""dinamico (toAnalyticsFormat)""} }","home_catalogs_section_tag","interaction_inicio","click:card-${formatterhelper.toanalyticsformat(buttonlabel)}","{""client_id"":""[[identificador-unico-usuario]]"",""session_id"":""[[identificador-unico-sessao]]"",""events"":[{""name"":""interaction_inicio"",""params"":{""cd_interaction_detail"":""click:card-${formatterhelper.toanalyticsformat(buttonlabel)}""}}]}","Label runtime via FormatterHelper.toAnalyticsFormat - nao traduzir dinamico para dynamic",""
"Menu","Perfil e configuracao MLD","P0","interaction","na","nao","nao","","nao","p0","nao","nao","essencial_migrar","essencial_p0","migrar","dominio=Perfil e configuracao MLD > tipo=interaction > callback=nao > revisar_pm=nao > obsoleto=nao > nav_in_app=nao > anti_padrao=nao > fundir_pai=nao > essencial=p0:menu/MLD essencial > nao_essencial=nao > decisao=migrar","Interacao em Tela ou modal do app (rota / (ver edit_slug_tag))","Toca no botao identificado como ""cancelar""","app-rev:configuracao:editar-link","clique:botao","cancelar","{""event"": {""eventCategory"": ""app-rev:configuracao:editar-link"", ""eventAction"": ""clique:botao"", ""eventLabel"": ""cancelar""} }","edit_slug_tag","interaction_menu","click:button-cancelar","{""client_id"":""[[identificador-unico-usuario]]"",""session_id"":""[[identificador-unico-sessao]]"",""events"":[{""params"":{""cd_interaction_detail"":""click:button-cancelar""},""name"":""interaction_menu""}]}","menu/MLD essencial",""
"Menu","Perfil e configuracao MLD","P0","interaction","na","nao","nao","","nao","p0","nao","nao","essencial_migrar","essencial_p0","migrar","dominio=Perfil e configuracao MLD > tipo=interaction > callback=nao > revisar_pm=nao > obsoleto=nao > nav_in_app=nao > anti_padrao=nao > fundir_pai=nao > essencial=p0:menu/MLD essencial > nao_essencial=nao > decisao=migrar","Interacao em Tela ou modal do app (rota / (ver edit_slug_tag))","Toca no botao identificado como ""salvar""","app-rev:configuracao:editar-link","clique:botao","salvar","{""event"": {""eventCategory"": ""app-rev:configuracao:editar-link"", ""eventAction"": ""clique:botao"", ""eventLabel"": ""salvar""} }","edit_slug_tag","interaction_menu","click:button-salvar","{""client_id"":""[[identificador-unico-usuario]]"",""session_id"":""[[identificador-unico-sessao]]"",""events"":[{""params"":{""cd_interaction_detail"":""click:button-salvar""},""name"":""interaction_menu""}]}","menu/MLD essencial",""
"Menu","Perfil e configuracao MLD","P1","interaction","na","nao","nao","","nao","p1","nao","nao","essencial_migrar","essencial_p1","migrar","dominio=Perfil e configuracao MLD > tipo=interaction > callback=nao > revisar_pm=nao > obsoleto=nao > nav_in_app=nao > anti_padrao=nao > fundir_pai=nao > essencial=nao:sem match no mapa essencial > nao_essencial=nao > decisao=migrar","Interacao em Tela ou modal do app (rota / (ver edit_slug_tag))","Acao registrada: interacao:campo / preencheu:link-da-loja","app-rev:configuracao:editar-link","interacao:campo","preencheu:link-da-loja","{""event"": {""eventCategory"": ""app-rev:configuracao:editar-link"", ""eventAction"": ""interacao:campo"", ""eventLabel"": ""preencheu:link-da-loja""} }","edit_slug_tag","interaction_menu","input:field-preencheu:link-da-loja","{""client_id"":""[[identificador-unico-usuario]]"",""session_id"":""[[identificador-unico-sessao]]"",""events"":[{""params"":{""cd_interaction_detail"":""input:field-preencheu:link-da-loja""},""name"":""interaction_menu""}]}","sem match no mapa essencial",""
"Menu","Divulgacao MLD","P0","interaction","na","nao","nao","","nao","p0","nao","nao","essencial_migrar","essencial_p0","migrar","dominio=Divulgacao MLD > tipo=interaction > callback=nao > revisar_pm=nao > obsoleto=nao > nav_in_app=nao > anti_padrao=nao > fundir_pai=nao > essencial=p0:menu/MLD essencial > nao_essencial=nao > decisao=migrar","Interacao em Catalogo fisico - escolhe se quer receber catalogo impresso em casa","Na tela Catalogo Fisico, altera preferencia de receber catalogo impresso","app-rev:divulgacao:catalogo-fisico","clique:botao","$optOut:$brand","{""event"": {""eventCategory"": ""app-rev:divulgacao:catalogo-fisico"", ""eventAction"": ""clique:botao"", ""eventLabel"": ""$optOut:$brand""} }","opt_out_tag","interaction_menu","click:button-$optout-$brand","{""client_id"":""[[identificador-unico-usuario]]"",""session_id"":""[[identificador-unico-sessao]]"",""events"":[{""params"":{""cd_interaction_detail"":""click:button-$optout-$brand"",""cd_brand"":""$brand""},""name"":""interaction_menu""}]}","menu/MLD essencial; cd_* legado preservados em json_novo.params",""
"Menu","Menu e atalhos","P0","interaction","na","nao","nao","","nao","p0","nao","nao","essencial_migrar","essencial_p0","migrar","dominio=Menu e atalhos > tipo=interaction > callback=nao > revisar_pm=nao > obsoleto=nao > nav_in_app=nao > anti_padrao=nao > fundir_pai=nao > essencial=p0:label KPI P0: ^divulgar > nao_essencial=nao > decisao=migrar","Interacao em Menu - lista de atalhos para jornadas (conta, gestao, dia a dia)","No Menu > Dia a dia, vai para aba Divulgar","app-rev:menu","clique:secao","divulgar","{""event"": {""eventCategory"": ""app-rev:menu"", ""eventAction"": ""clique:secao"", ""eventLabel"": ""divulgar""} }","menu_page_tag","interaction_menu","share:mld-button-divulgar","{""client_id"":""[[identificador-unico-usuario]]"",""session_id"":""[[identificador-unico-sessao]]"",""events"":[{""params"":{""cd_interaction_detail"":""share:mld-button-divulgar""},""name"":""interaction_menu""}]}","label KPI P0: ^divulgar",""
"Menu","Menu e atalhos","P0","interaction","na","nao","nao","","nao","p0","nao","nao","essencial_migrar","essencial_p0","migrar","dominio=Menu e atalhos > tipo=interaction > callback=nao > revisar_pm=nao > obsoleto=nao > nav_in_app=nao > anti_padrao=nao > fundir_pai=nao > essencial=p0:menu/MLD essencial > nao_essencial=nao > decisao=migrar","Interacao em Menu - lista de atalhos para jornadas (conta, gestao, dia a dia)","No Menu, entra na jornada de catalogo fisico (receber ou nao catalogo impresso)","app-rev:menu","clique:secao","opt-out-catalogo-fisico","{""event"": {""eventCategory"": ""app-rev:menu"", ""eventAction"": ""clique:secao"", ""eventLabel"": ""opt-out-catalogo-fisico""} }","menu_page_tag","interaction_menu","click:section-opt-out-catalogo-fisico","{""client_id"":""[[identificador-unico-usuario]]"",""session_id"":""[[identificador-unico-sessao]]"",""events"":[{""params"":{""cd_interaction_detail"":""click:section-opt-out-catalogo-fisico""},""name"":""interaction_menu""}]}","menu/MLD essencial",""
"Menu","Menu e atalhos","P0","interaction","na","nao","nao","","nao","p0","nao","nao","essencial_migrar","essencial_p0","migrar","dominio=Menu e atalhos > tipo=interaction > callback=nao > revisar_pm=nao > obsoleto=nao > nav_in_app=nao > anti_padrao=nao > fundir_pai=nao > essencial=p0:menu/MLD essencial > nao_essencial=nao > decisao=migrar","Interacao em Menu - lista de atalhos para jornadas (conta, gestao, dia a dia)","No Menu > Conta, abre configuracao da Minha Loja Digital","app-rev:menu","clique:secao","minha-loja-digital","{""event"": {""eventCategory"": ""app-rev:menu"", ""eventAction"": ""clique:secao"", ""eventLabel"": ""minha-loja-digital""} }","menu_page_tag","interaction_menu","click:section-minha-loja-digital","{""client_id"":""[[identificador-unico-usuario]]"",""session_id"":""[[identificador-unico-sessao]]"",""events"":[{""params"":{""cd_interaction_detail"":""click:section-minha-loja-digital""},""name"":""interaction_menu""}]}","menu/MLD essencial",""
"Menu","Menu e atalhos","P0","interaction","na","nao","nao","","nao","p0","nao","nao","essencial_migrar","essencial_p0","migrar","dominio=Menu e atalhos > tipo=interaction > callback=nao > revisar_pm=nao > obsoleto=nao > nav_in_app=nao > anti_padrao=nao > fundir_pai=nao > essencial=p0:menu/MLD essencial > nao_essencial=nao > decisao=migrar","Interacao em Menu - lista de atalhos para jornadas (conta, gestao, dia a dia)","No Menu > Gestao do negocio, abre Gerenciar clientes","app-rev:menu","clique:secao","gestao-de-clientes","{""event"": {""eventCategory"": ""app-rev:menu"", ""eventAction"": ""clique:secao"", ""eventLabel"": ""gestao-de-clientes""} }","menu_page_tag","interaction_menu","click:section-gestao-de-clientes","{""client_id"":""[[identificador-unico-usuario]]"",""session_id"":""[[identificador-unico-sessao]]"",""events"":[{""params"":{""cd_interaction_detail"":""click:section-gestao-de-clientes""},""name"":""interaction_menu""}]}","menu/MLD essencial",""
"Menu","Menu e atalhos","P0","interaction","na","nao","nao","","nao","p0","nao","nao","essencial_migrar","essencial_p0","migrar","dominio=Menu e atalhos > tipo=interaction > callback=nao > revisar_pm=nao > obsoleto=nao > nav_in_app=nao > anti_padrao=nao > fundir_pai=nao > essencial=p0:menu/MLD essencial > nao_essencial=nao > decisao=migrar","Interacao em Menu - lista de atalhos para jornadas (conta, gestao, dia a dia)","No Menu > Dia a dia, abre feed de novidades","app-rev:menu","clique:secao","novidades","{""event"": {""eventCategory"": ""app-rev:menu"", ""eventAction"": ""clique:secao"", ""eventLabel"": ""novidades""} }","menu_page_tag","interaction_menu","click:section-novidades","{""client_id"":""[[identificador-unico-usuario]]"",""session_id"":""[[identificador-unico-sessao]]"",""events"":[{""params"":{""cd_interaction_detail"":""click:section-novidades""},""name"":""interaction_menu""}]}","menu/MLD essencial",""
"Menu","Menu e atalhos","P0","interaction","na","nao","nao","","nao","p0","nao","nao","essencial_migrar","essencial_p0","migrar","dominio=Menu e atalhos > tipo=interaction > callback=nao > revisar_pm=nao > obsoleto=nao > nav_in_app=nao > anti_padrao=nao > fundir_pai=nao > essencial=p0:menu/MLD essencial > nao_essencial=nao > decisao=migrar","Interacao em Menu - lista de atalhos para jornadas (conta, gestao, dia a dia)","No Menu > Gestao do negocio, abre Gerenciar vendas","app-rev:menu","clique:secao","gestao-de-vendas","{""event"": {""eventCategory"": ""app-rev:menu"", ""eventAction"": ""clique:secao"", ""eventLabel"": ""gestao-de-vendas""} }","menu_page_tag","interaction_menu","click:section-gestao-de-vendas","{""client_id"":""[[identificador-unico-usuario]]"",""session_id"":""[[identificador-unico-sessao]]"",""events"":[{""params"":{""cd_interaction_detail"":""click:section-gestao-de-vendas""},""name"":""interaction_menu""}]}","menu/MLD essencial",""
"Menu","Menu e atalhos","P0","interaction","na","nao","nao","","nao","p0","nao","nao","essencial_migrar","essencial_p0","migrar","dominio=Menu e atalhos > tipo=interaction > callback=nao > revisar_pm=nao > obsoleto=nao > nav_in_app=nao > anti_padrao=nao > fundir_pai=nao > essencial=p0:menu/MLD essencial > nao_essencial=nao > decisao=migrar","Interacao em Menu - lista de atalhos para jornadas (conta, gestao, dia a dia)","No Menu > Gestao do negocio, abre Gestao de pronta-entrega","app-rev:menu","clique:secao","gestao-de-estoque","{""event"": {""eventCategory"": ""app-rev:menu"", ""eventAction"": ""clique:secao"", ""eventLabel"": ""gestao-de-estoque""} }","menu_page_tag","interaction_menu","click:section-gestao-de-estoque","{""client_id"":""[[identificador-unico-usuario]]"",""session_id"":""[[identificador-unico-sessao]]"",""events"":[{""params"":{""cd_interaction_detail"":""click:section-gestao-de-estoque""},""name"":""interaction_menu""}]}","menu/MLD essencial",""
"Menu","Menu e atalhos","P0","interaction","na","nao","nao","","nao","p0","nao","nao","essencial_migrar","essencial_p0","migrar","dominio=Menu e atalhos > tipo=interaction > callback=nao > revisar_pm=nao > obsoleto=nao > nav_in_app=nao > anti_padrao=nao > fundir_pai=nao > essencial=p0:menu/MLD essencial > nao_essencial=nao > decisao=migrar","Interacao em Menu - lista de atalhos para jornadas (conta, gestao, dia a dia)","No Menu > Gestao do negocio, abre Tarefas (missoes diarias)","app-rev:menu","clique:secao","tarefas","{""event"": {""eventCategory"": ""app-rev:menu"", ""eventAction"": ""clique:secao"", ""eventLabel"": ""tarefas""} }","menu_page_tag","interaction_menu","click:section-tarefas","{""client_id"":""[[identificador-unico-usuario]]"",""session_id"":""[[identificador-unico-sessao]]"",""events"":[{""params"":{""cd_interaction_detail"":""click:section-tarefas""},""name"":""interaction_menu""}]}","menu/MLD essencial",""
"Menu","Menu e atalhos","P0","interaction","na","nao","nao","","nao","p0","nao","nao","essencial_migrar","essencial_p0","migrar","dominio=Menu e atalhos > tipo=interaction > callback=nao > revisar_pm=nao > obsoleto=nao > nav_in_app=nao > anti_padrao=nao > fundir_pai=nao > essencial=p0:menu/MLD essencial > nao_essencial=nao > decisao=migrar","Interacao em Menu - lista de atalhos para jornadas (conta, gestao, dia a dia)","No Menu > Dia a dia, abre treinamentos (landing pages)","app-rev:menu","clique:secao","treinamentos","{""event"": {""eventCategory"": ""app-rev:menu"", ""eventAction"": ""clique:secao"", ""eventLabel"": ""treinamentos""} }","menu_page_tag","interaction_menu","click:section-treinamentos","{""client_id"":""[[identificador-unico-usuario]]"",""session_id"":""[[identificador-unico-sessao]]"",""events"":[{""params"":{""cd_interaction_detail"":""click:section-treinamentos""},""name"":""interaction_menu""}]}","menu/MLD essencial",""
"Menu","Aquisicao CF","revisar","interaction","na","nao","nao","","nao","na","nao","nao","pm_decisao","pm_decisao_r2","remover","dominio=Aquisicao CF > tipo=interaction > callback=nao > revisar_pm=sim:Encontre RE prioridade > decisao=revisar","Interacao em Menu - lista de atalhos para jornadas (conta, gestao, dia a dia)","Toca no botao identificado como ""copiar""","app-rev:encontre-seu-er","clique:botao","copiar","{""event"": {""eventCategory"": ""app-rev:encontre-seu-er"", ""eventAction"": ""clique:botao"", ""eventLabel"": ""copiar""} }","find_reseller_place_tag","","","","PM R2: Encontre RE fora escopo C&T",
"Menu","Aquisicao CF","revisar","interaction","na","nao","nao","","nao","na","nao","nao","pm_decisao","pm_decisao_r2","remover","dominio=Aquisicao CF > tipo=interaction > callback=nao > revisar_pm=sim:Encontre RE prioridade > decisao=revisar","Interacao em Menu - lista de atalhos para jornadas (conta, gestao, dia a dia)","Acao registrada: clique:filtro / selecionar-cidade","app-rev:encontre-seu-er","clique:filtro","selecionar-cidade","{""event"": {""eventCategory"": ""app-rev:encontre-seu-er"", ""eventAction"": ""clique:filtro"", ""eventLabel"": ""selecionar-cidade""} }","find_reseller_place_tag","","","","PM R2: Encontre RE fora escopo C&T",
"Menu","Perfil e configuracao MLD","P1","interaction","na","nao","nao","","nao","p1","nao","nao","essencial_migrar","essencial_p1","migrar","dominio=Perfil e configuracao MLD > tipo=interaction > callback=nao > revisar_pm=nao > obsoleto=nao > nav_in_app=nao > anti_padrao=nao > fundir_pai=nao > essencial=nao:sem match no mapa essencial > nao_essencial=nao > decisao=migrar","Interacao em Minha Loja Digital - configuracao da loja online da revendedora","Acao registrada: clique:link / criar-minha-loja-digital","app-rev:minha-loja-digital","clique:link","criar-minha-loja-digital","{""event"": {""eventCategory"": ""app-rev:minha-loja-digital"", ""eventAction"": ""clique:link"", ""eventLabel"": ""criar-minha-loja-digital""} }","config_tag","interaction_menu","click:link-criar-minha-loja-digital","{""client_id"":""[[identificador-unico-usuario]]"",""session_id"":""[[identificador-unico-sessao]]"",""events"":[{""params"":{""cd_interaction_detail"":""click:link-criar-minha-loja-digital""},""name"":""interaction_menu""}]}","sem match no mapa essencial",""
"Menu","Perfil e configuracao MLD","P0","interaction","na","nao","nao","","nao","p0","nao","nao","essencial_migrar","essencial_p0","migrar","dominio=Perfil e configuracao MLD > tipo=interaction > callback=nao > revisar_pm=nao > obsoleto=nao > nav_in_app=nao > anti_padrao=nao > fundir_pai=nao > essencial=p0:menu/MLD essencial > nao_essencial=nao > decisao=migrar","Interacao em Minha Loja Digital - configuracao da loja online da revendedora","Toca no botao identificado como ""perfil-da-loja""","app-rev:minha-loja-digital","clique:botao","perfil-da-loja","{""event"": {""eventCategory"": ""app-rev:minha-loja-digital"", ""eventAction"": ""clique:botao"", ""eventLabel"": ""perfil-da-loja""} }","config_tag","interaction_menu","click:button-perfil-da-loja","{""client_id"":""[[identificador-unico-usuario]]"",""session_id"":""[[identificador-unico-sessao]]"",""events"":[{""params"":{""cd_interaction_detail"":""click:button-perfil-da-loja""},""name"":""interaction_menu""}]}","menu/MLD essencial",""
"Menu","Perfil e configuracao MLD","P0","interaction","na","nao","nao","","nao","p0","nao","nao","essencial_migrar","essencial_p0","migrar","dominio=Perfil e configuracao MLD > tipo=interaction > callback=nao > revisar_pm=nao > obsoleto=nao > nav_in_app=nao > anti_padrao=nao > fundir_pai=nao > essencial=p0:menu/MLD essencial > nao_essencial=nao > decisao=migrar","Interacao em Minha Loja Digital - configuracao da loja online da revendedora","Toca no botao identificado como ""configuracao-recebiveis""","app-rev:minha-loja-digital","clique:botao","configuracao-recebiveis","{""event"": {""eventCategory"": ""app-rev:minha-loja-digital"", ""eventAction"": ""clique:botao"", ""eventLabel"": ""configuracao-recebiveis""} }","config_tag","interaction_menu","click:button-configuracao-recebiveis","{""client_id"":""[[identificador-unico-usuario]]"",""session_id"":""[[identificador-unico-sessao]]"",""events"":[{""params"":{""cd_interaction_detail"":""click:button-configuracao-recebiveis""},""name"":""interaction_menu""}]}","menu/MLD essencial",""
"Menu","Perfil e configuracao MLD","P0","interaction","na","nao","nao","","nao","p0","nao","nao","essencial_migrar","essencial_p0","migrar","dominio=Perfil e configuracao MLD > tipo=interaction > callback=nao > revisar_pm=nao > obsoleto=nao > nav_in_app=nao > anti_padrao=nao > fundir_pai=nao > essencial=p0:menu/MLD essencial > nao_essencial=nao > decisao=migrar","Interacao em Minha Loja Digital - configuracao da loja online da revendedora","Toca no botao identificado como ""configuracao:estoque""","app-rev:minha-loja-digital","clique:botao","configuracao:estoque","{""event"": {""eventCategory"": ""app-rev:minha-loja-digital"", ""eventAction"": ""clique:botao"", ""eventLabel"": ""configuracao:estoque""} }","config_tag","interaction_menu","click:button-configuracao-estoque","{""client_id"":""[[identificador-unico-usuario]]"",""session_id"":""[[identificador-unico-sessao]]"",""events"":[{""params"":{""cd_interaction_detail"":""click:button-configuracao-estoque""},""name"":""interaction_menu""}]}","menu/MLD essencial",""
"Menu","Perfil e configuracao MLD","P0","interaction","na","nao","nao","","nao","p0","nao","nao","essencial_migrar","essencial_p0","migrar","dominio=Perfil e configuracao MLD > tipo=interaction > callback=nao > revisar_pm=nao > obsoleto=nao > nav_in_app=nao > anti_padrao=nao > fundir_pai=nao > essencial=p0:menu/MLD essencial > nao_essencial=nao > decisao=migrar","Interacao em Minha Loja Digital - configuracao da loja online da revendedora","Toca no botao identificado como ""link-da-loja""","app-rev:minha-loja-digital","clique:botao","link-da-loja","{""event"": {""eventCategory"": ""app-rev:minha-loja-digital"", ""eventAction"": ""clique:botao"", ""eventLabel"": ""link-da-loja""} }","config_tag","interaction_menu","click:button-link-da-loja","{""client_id"":""[[identificador-unico-usuario]]"",""session_id"":""[[identificador-unico-sessao]]"",""events"":[{""params"":{""cd_interaction_detail"":""click:button-link-da-loja""},""name"":""interaction_menu""}]}","menu/MLD essencial",""
"Menu","Perfil e configuracao MLD","P0","interaction","na","nao","nao","","nao","p0","nao","nao","essencial_migrar","essencial_p0","migrar","dominio=Perfil e configuracao MLD > tipo=interaction > callback=nao > revisar_pm=nao > obsoleto=nao > nav_in_app=nao > anti_padrao=nao > fundir_pai=nao > essencial=p0:menu/MLD essencial > nao_essencial=nao > decisao=migrar","Interacao em Minha Loja Digital - configuracao da loja online da revendedora","Toca no botao identificado como ""performance-da-loja""","app-rev:minha-loja-digital","clique:botao","performance-da-loja","{""event"": {""eventCategory"": ""app-rev:minha-loja-digital"", ""eventAction"": ""clique:botao"", ""eventLabel"": ""performance-da-loja""} }","config_tag","interaction_menu","click:button-performance-da-loja","{""client_id"":""[[identificador-unico-usuario]]"",""session_id"":""[[identificador-unico-sessao]]"",""events"":[{""params"":{""cd_interaction_detail"":""click:button-performance-da-loja""},""name"":""interaction_menu""}]}","menu/MLD essencial",""
"Menu","Perfil e configuracao MLD","P2","interaction","sim","nao","nao","","nao","na","nao","nao","nav_duplicada","nav_duplicada","remover","dominio=Perfil e configuracao MLD > tipo=interaction > callback=nao > revisar_pm=nao > obsoleto=nao > nav_in_app=sim > decisao=remover","Interacao em Minha Loja Digital - configuracao da loja online da revendedora","Toca no botao: voltar","app-rev:divulgacao:compartilhar-suas-lojas","clique:botao","voltar","{""event"": {""eventCategory"": ""app-rev:divulgacao:compartilhar-suas-lojas"", ""eventAction"": ""clique:botao"", ""eventLabel"": ""voltar""} }","edit_profile_before_share_tag","","","","remover clique navegacao in-app; destino coberto por pageview",""
"Menu","Perfil e configuracao MLD","P1","interaction","na","nao","nao","","nao","p1","nao","nao","essencial_migrar","essencial_p1","migrar","dominio=Perfil e configuracao MLD > tipo=interaction > callback=nao > revisar_pm=nao > obsoleto=nao > nav_in_app=nao > anti_padrao=nao > fundir_pai=nao > essencial=nao:sem match no mapa essencial > nao_essencial=nao > decisao=migrar","Interacao em Minha Loja Digital - configuracao da loja online da revendedora","Toca no botao identificado como ""editar-perfil-da-loja""","app-rev:divulgacao:compartilhar-suas-lojas","clique:botao","editar-perfil-da-loja","{""event"": {""eventCategory"": ""app-rev:divulgacao:compartilhar-suas-lojas"", ""eventAction"": ""clique:botao"", ""eventLabel"": ""editar-perfil-da-loja""} }","edit_profile_before_share_tag","interaction_menu","click:button-editar-perfil-da-loja","{""client_id"":""[[identificador-unico-usuario]]"",""session_id"":""[[identificador-unico-sessao]]"",""events"":[{""params"":{""cd_interaction_detail"":""click:button-editar-perfil-da-loja""},""name"":""interaction_menu""}]}","sem match no mapa essencial",""
"Menu","Perfil e configuracao MLD","P1","interaction","na","nao","nao","","nao","p1","nao","nao","essencial_migrar","essencial_p1","migrar","dominio=Perfil e configuracao MLD > tipo=interaction > callback=nao > revisar_pm=nao > obsoleto=nao > nav_in_app=nao > anti_padrao=nao > fundir_pai=nao > essencial=nao:sem match no mapa essencial > nao_essencial=nao > decisao=migrar","Interacao em Minha Loja Digital - configuracao da loja online da revendedora","Acao registrada: interacao:campo / preencheu:$field","app-rev:configuracao:editar-perfil","interacao:campo","preencheu:$field","{""event"": {""eventCategory"": ""app-rev:configuracao:editar-perfil"", ""eventAction"": ""interacao:campo"", ""eventLabel"": ""preencheu:$field""} }","edit_profile_tag","interaction_menu","input:field-preencheu:$field","{""client_id"":""[[identificador-unico-usuario]]"",""session_id"":""[[identificador-unico-sessao]]"",""events"":[{""params"":{""cd_interaction_detail"":""input:field-preencheu:$field""},""name"":""interaction_menu""}]}","sem match no mapa essencial",""
"Menu","Perfil e configuracao MLD","P0","interaction","na","nao","nao","","nao","p0","nao","nao","essencial_migrar","essencial_p0","migrar","dominio=Perfil e configuracao MLD > tipo=interaction > callback=nao > revisar_pm=nao > obsoleto=nao > nav_in_app=nao > anti_padrao=nao > fundir_pai=nao > essencial=p0:menu/MLD essencial > nao_essencial=nao > decisao=migrar","Interacao em Minha Loja Digital - configuracao da loja online da revendedora","Toca no botao identificado como ""adicionar-foto""","app-rev:configuracao:editar-perfil","clique:botao","adicionar-foto","{""event"": {""eventCategory"": ""app-rev:configuracao:editar-perfil"", ""eventAction"": ""clique:botao"", ""eventLabel"": ""adicionar-foto""} }","edit_profile_tag","interaction_menu","click:button-adicionar-foto","{""client_id"":""[[identificador-unico-usuario]]"",""session_id"":""[[identificador-unico-sessao]]"",""events"":[{""params"":{""cd_interaction_detail"":""click:button-adicionar-foto""},""name"":""interaction_menu""}]}","menu/MLD essencial",""
"Menu","Divulgacao MLD","P0","custom","na","nao","nao","","nao","p0","nao","nao","essencial_migrar","essencial_p0","migrar","dominio=Divulgacao MLD > tipo=custom:click_divulgar_catalogo_mld > callback=nao > revisar_pm=nao > obsoleto=nao > nav_in_app=nao > anti_padrao=nao > fundir_pai=nao > essencial=p0:categoria P0: divulgar-mld > nao_essencial=nao > decisao=migrar","Minha Loja Digital - configuracao da loja online da revendedora","Acao na tela: send special event","app-rev:divulgar-mld-por-marca","","","{""click_divulgar_catalogo_mld"": {""eventCategory"": ""app-rev:divulgar-mld-por-marca"", ""eventAction"": """", ""eventLabel"": """"} }","store_link_tag","interaction_menu","click:button-send-special-event","{""client_id"":""[[identificador-unico-usuario]]"",""session_id"":""[[identificador-unico-sessao]]"",""events"":[{""params"":{""cd_interaction_detail"":""click:button-send-special-event""},""name"":""interaction_menu""}]}","categoria P0: divulgar-mld",""
"Menu","Divulgacao MLD","P0","interaction","na","nao","nao","","nao","p0","nao","nao","essencial_migrar","essencial_p0","migrar","dominio=Divulgacao MLD > tipo=interaction > callback=nao > revisar_pm=nao > obsoleto=nao > nav_in_app=nao > anti_padrao=nao > fundir_pai=nao > essencial=p0:categoria P0: divulgar-mld > nao_essencial=nao > decisao=migrar","Interacao em Minha Loja Digital - configuracao da loja online da revendedora","Toca no botao identificado como ""adicionar-produtos""","app-rev:divulgar-mld-por-marca","clique:botao","adicionar-produtos","{""event"": {""eventCategory"": ""app-rev:divulgar-mld-por-marca"", ""eventAction"": ""clique:botao"", ""eventLabel"": ""adicionar-produtos""} }","store_link_tag","interaction_menu","click:button-adicionar-produtos","{""client_id"":""[[identificador-unico-usuario]]"",""session_id"":""[[identificador-unico-sessao]]"",""events"":[{""params"":{""cd_interaction_detail"":""click:button-adicionar-produtos""},""name"":""interaction_menu""}]}","categoria P0: divulgar-mld",""
"Menu","Divulgacao MLD","P0","interaction","na","nao","nao","","nao","p0","nao","nao","essencial_migrar","essencial_p0","migrar","dominio=Divulgacao MLD > tipo=interaction > callback=nao > revisar_pm=nao > obsoleto=nao > nav_in_app=nao > anti_padrao=nao > fundir_pai=nao > essencial=p0:categoria P0: divulgar-mld > nao_essencial=nao > decisao=migrar","Interacao em Minha Loja Digital - configuracao da loja online da revendedora","Toca no card ""editar-link""","app-rev:divulgar-mld-por-marca","clique:card","editar-link","{""event"": {""eventCategory"": ""app-rev:divulgar-mld-por-marca"", ""eventAction"": ""clique:card"", ""eventLabel"": ""editar-link""} }","store_link_tag","interaction_menu","click:card-editar-link","{""client_id"":""[[identificador-unico-usuario]]"",""session_id"":""[[identificador-unico-sessao]]"",""events"":[{""params"":{""cd_interaction_detail"":""click:card-editar-link""},""name"":""interaction_menu""}]}","categoria P0: divulgar-mld",""
"Menu","Divulgacao MLD","P0","interaction","na","nao","nao","","nao","p0","nao","nao","essencial_migrar","essencial_p0","migrar","dominio=Divulgacao MLD > tipo=interaction > callback=nao > revisar_pm=nao > obsoleto=nao > nav_in_app=nao > anti_padrao=nao > fundir_pai=nao > essencial=p0:label KPI P0: ^divulgar > nao_essencial=nao > decisao=migrar","Interacao em Minha Loja Digital - configuracao da loja online da revendedora","Toca no card ""divulgar-pronta-entrega:${brand.tag}""","app-rev:divulgar-mld-por-marca","clique:card","divulgar-pronta-entrega:${brand.tag}","{""event"": {""eventCategory"": ""app-rev:divulgar-mld-por-marca"", ""eventAction"": ""clique:card"", ""eventLabel"": ""divulgar-pronta-entrega:${brand.tag}""} }","store_link_tag","interaction_menu","share:mld-button-divulgar-pronta-entrega-${brand.tag}","{""client_id"":""[[identificador-unico-usuario]]"",""session_id"":""[[identificador-unico-sessao]]"",""events"":[{""params"":{""cd_interaction_detail"":""share:mld-button-divulgar-pronta-entrega-${brand.tag}""},""name"":""interaction_menu""}]}","label KPI P0: ^divulgar",""
"Gestao","Gestao do negocio","lacuna","screen_view","na","nao","nao","","nao","p0","nao","sim","lacuna_pageview_sintetica","lacuna_pageview","adicionar_pageview","dominio=Gestao do negocio > lacuna_pageview=sim > essencial=p0:PV aba financeira > decisao=adicionar_pageview","Relatorio vendas - aba financeira","Exibir aba financeira no load","","","","","sales_report_tag","screen_view","","{""client_id"":""[[identificador-unico-usuario]]"",""session_id"":""[[identificador-unico-sessao]]"",""events"":[{""name"":""screen_view"",""params"":{""screen_name"":""/app-rev/gestao/relatorio-de-vendas/financeiro"",""cd_page_title"":""Exibir aba financeira no load""}}]}","TODO engenharia - lacuna cobertura EVENTOS_ESSENCIAIS_CT secao 10","/app-rev/gestao/relatorio-de-vendas/financeiro"
"Gestao","Gestao do negocio","lacuna","screen_view","na","nao","nao","","nao","p0","nao","sim","lacuna_pageview_sintetica","lacuna_pageview","adicionar_pageview","dominio=Gestao do negocio > lacuna_pageview=sim > essencial=p0:PV aba financeira > decisao=adicionar_pageview","Relatorio vendas - deep link financeiro","Exibir aba via startAtFinancialTab","","","","","sales_report_tag","screen_view","","{""client_id"":""[[identificador-unico-usuario]]"",""session_id"":""[[identificador-unico-sessao]]"",""events"":[{""name"":""screen_view"",""params"":{""screen_name"":""/app-rev/gestao/relatorio-de-vendas/financeiro"",""cd_page_title"":""Exibir aba via startAtFinancialTab""}}]}","TODO engenharia - deep link aba financeira","/app-rev/gestao/relatorio-de-vendas/financeiro"
"Gestao","Gestao do negocio","lacuna","screen_view","na","nao","nao","","nao","p0","nao","sim","lacuna_pageview_sintetica","lacuna_pageview","adicionar_pageview","dominio=Gestao do negocio > lacuna_pageview=sim > essencial=p0:PV aba financeira > decisao=adicionar_pageview","Relatorio financeiro - tab dedicada","Pageview ao trocar para aba financeira","","","","","financial_report_tag","screen_view","","{""client_id"":""[[identificador-unico-usuario]]"",""session_id"":""[[identificador-unico-sessao]]"",""events"":[{""name"":""screen_view"",""params"":{""screen_name"":""/app-rev/gestao/relatorio-de-vendas/financeiro"",""cd_page_title"":""Pageview ao trocar para aba financeira""}}]}","TODO engenharia - PV aba antes de remover ir-para-relatorio","/app-rev/gestao/relatorio-de-vendas/financeiro"
